{"skeleton":{"hash":"N4mTie5paiZYjC76vc13911Q9g8","spine":"3.8.99","x":-303.73,"y":-50.55,"width":543.26,"height":232.46,"images":"./img/","audio":"C:/Users/user/Desktop/Work/맞고/2차/Spine_Dev/Effect/Stop"},"bones":[{"name":"root"},{"name":"Stop","parent":"root","x":-22.06,"y":77.68},{"name":"S","parent":"Stop","length":151.64,"rotation":0.3,"x":-199.43,"y":-73.84},{"name":"T","parent":"Stop","length":176.91,"rotation":-1.55,"x":23.5,"y":-89.12},{"name":"Dust","parent":"root","x":-269.71,"y":29.67},{"name":"Dust2","parent":"root","x":208.56,"y":34.77},{"name":"Dust3","parent":"root","x":191.54,"y":-23.1}],"slots":[{"name":"Stop_S","bone":"S","attachment":"Stop_S"},{"name":"Stop_T","bone":"T","attachment":"Stop_T"},{"name":"Dust","bone":"Dust","attachment":"Dust"},{"name":"Dust2","bone":"Dust2","attachment":"Dust"},{"name":"Dust3","bone":"Dust3","attachment":"Dust"},{"name":"T","bone":"T","attachment":"Stop_T_blur"},{"name":"S","bone":"S","attachment":"Stop_S_blur"}],"skins":[{"name":"default","attachments":{"Dust":{"Dust":{"x":-1.53,"y":1.54,"width":65,"height":58}},"Dust2":{"Dust":{"x":-1.53,"y":1.54,"width":65,"height":58}},"Dust3":{"Dust":{"x":-1.53,"y":1.54,"width":65,"height":58}},"S":{"Stop_S_blur":{"x":87.23,"y":58.73,"rotation":0.55,"width":258,"height":186}},"Stop_S":{"Stop_S":{"x":100.51,"y":60.35,"rotation":-0.3,"width":214,"height":186}},"Stop_T":{"Stop_T":{"x":81.24,"y":85.88,"rotation":1.55,"width":214,"height":219}},"T":{"Stop_T_blur":{"x":75.55,"y":85.92,"rotation":1.55,"width":258,"height":219}}}}],"animations":{"stop":{"slots":{"Dust":{"color":[{"color":"ffffff00","curve":"stepped"},{"time":0.8,"color":"ffffff00"},{"time":0.9,"color":"ffffffff","curve":"stepped"},{"time":1,"color":"ffffffff"},{"time":1.1333,"color":"ffffff00"}]},"Dust2":{"color":[{"color":"ffffff00","curve":"stepped"},{"time":0.8667,"color":"ffffff00"},{"time":1.0667,"color":"ffffffff"},{"time":1.2333,"color":"ffffff00"}]},"Dust3":{"color":[{"color":"ffffff00","curve":"stepped"},{"time":1,"color":"ffffff00"},{"time":1.1,"color":"ffffffff"},{"time":1.3667,"color":"ffffff00"}]},"S":{"color":[{"time":0.3,"color":"ffffffff"},{"time":0.5333,"color":"ffffff00"}]},"Stop_S":{"attachment":[{"name":null},{"time":0.3333,"name":"Stop_S"}]},"Stop_T":{"attachment":[{"name":null},{"time":0.4667,"name":"Stop_T"}]},"T":{"color":[{"time":0.5,"color":"ffffffff"},{"time":0.7,"color":"ffffff00"}]}},"bones":{"Stop":{"translate":[{"x":915.12}]},"S":{"rotate":[{"time":0.3333,"curve":0,"c2":0.69,"c3":0.75},{"time":0.5,"angle":16.25,"curve":0.371,"c2":0.2,"c3":0.703,"c4":0.53},{"time":0.5333,"angle":16.17,"curve":0.989,"c2":0.06,"c3":0.944,"c4":0.3},{"time":0.8333,"angle":-0.3}],"translate":[{},{"time":0.3333,"x":-903.53,"y":15.06},{"time":0.8333,"x":-946.36,"y":15.77}]},"T":{"rotate":[{"time":0.6,"curve":0,"c2":0.69,"c3":0.75},{"time":0.7667,"angle":18.1,"curve":0.371,"c2":0.2,"c3":0.703,"c4":0.53},{"time":0.8,"angle":18.01,"curve":0.989,"c2":0.06,"c3":0.944,"c4":0.3},{"time":1.0667,"angle":1.55}],"translate":[{"time":0.2333},{"time":0.5667,"x":-869.54,"y":-12.42},{"time":1.0667,"x":-930.16,"y":-13.29}]},"Dust":{"rotate":[{"time":0.8},{"time":1.1333,"angle":-90.06}],"translate":[{"x":51.06,"y":-17.02},{"time":0.8,"x":22.13,"y":-18.72},{"time":1.1333,"x":-11.91,"y":71.48}],"scale":[{"x":0.3,"y":0.3,"curve":"stepped"},{"time":0.8,"x":0.3,"y":0.3},{"time":1.1,"x":1.5,"y":1.5}]},"Dust3":{"rotate":[{"time":1},{"time":1.3667,"angle":-26.55}],"translate":[{},{"time":1,"x":-59.57},{"time":1.3667,"x":14.44,"y":24.99}],"scale":[{"x":0.3,"y":0.3,"curve":"stepped"},{"time":1,"x":0.3,"y":0.3},{"time":1.3667,"x":1.5,"y":1.5}]},"Dust2":{"rotate":[{"time":0.8667},{"time":1.2333,"angle":21.72}],"translate":[{"x":-449.33,"y":-25.53,"curve":"stepped"},{"time":0.8667,"x":-449.33,"y":-25.53},{"time":1.2333,"x":-529.32,"y":28.93}],"scale":[{"x":0.3,"y":0.3,"curve":"stepped"},{"time":0.8667,"x":0.3,"y":0.3},{"time":1.2333}]}}}}}