{"skeleton":{"hash":"s3y8JZLJa/cktMxsgQt2BXYOET4","spine":"3.8.99","x":-89.31,"y":-60.44,"width":220,"height":128.94,"images":"./img/","audio":"C:/Users/user/Desktop/Work/맞고/2차/Spine_Dev/Effect/bbuk"},"bones":[{"name":"root"},{"name":"Letter","parent":"root"},{"name":"Letter_1bb","parent":"Letter","x":10.02,"y":13.16,"color":"52a623ff"},{"name":"Letter_1bb1","parent":"Letter_1bb","x":-3.71,"y":12.53},{"name":"Letter_1bb2","parent":"Letter_1bb","x":7.03,"y":-38.48},{"name":"Letter_2bb","parent":"Letter","x":-31.25,"y":5.99,"color":"e3f339ff"},{"name":"Letter_2bb1","parent":"Letter_2bb","x":-8.1,"y":10.76},{"name":"BG","parent":"root"},{"name":"Letter_2bb2","parent":"Letter_2bb","x":3.54,"y":-29.52},{"name":"Letter_3bb","parent":"Letter","x":-40.22,"y":6.58,"color":"1251fcff"},{"name":"Letter_3bb1","parent":"Letter_3bb","x":-40.07,"y":-2.39},{"name":"Letter_3bb2","parent":"Letter_3bb","x":25.71,"y":1.79},{"name":"Sweat","parent":"root","length":30.52,"rotation":-87.75,"x":120.65,"y":41.27}],"slots":[{"name":"bg_1bb","bone":"BG"},{"name":"Letter_1bb2","bone":"Letter_1bb2","attachment":"Letter_1bb2"},{"name":"Letter_1bb1","bone":"Letter_1bb1","attachment":"Letter_1bb1"},{"name":"Letter_2bb2","bone":"Letter_2bb2","attachment":"Letter_2bb2"},{"name":"Letter_2bb1","bone":"Letter_2bb1","attachment":"Letter_2bb1"},{"name":"bg_3bb","bone":"BG"},{"name":"Letter_3bb2","bone":"Letter_3bb2"},{"name":"Letter_3bb1","bone":"Letter_3bb1"},{"name":"Sweat","bone":"Sweat","attachment":"Sweat"},{"name":"Letter_4bb1","bone":"Letter_2bb1","attachment":"Letter_4bb1"},{"name":"Letter_4bb2","bone":"Letter_2bb2","attachment":"Letter_4bb2"}],"skins":[{"name":"default","attachments":{"Letter_1bb1":{"Letter_1bb1":{"x":4.89,"y":-6.13,"width":105,"height":84}},"Letter_1bb2":{"Letter_1bb2":{"x":-0.35,"y":-4.11,"width":88,"height":58}},"Letter_2bb1":{"Letter_2bb1":{"x":5.03,"y":-1.68,"width":108,"height":91}},"Letter_2bb2":{"Letter_2bb2":{"x":-1.1,"y":-6.9,"width":95,"height":60}},"Letter_3bb1":{"Letter_3bb1":{"x":-6.03,"y":-0.63,"width":102,"height":102}},"Letter_3bb2":{"Letter_3bb2":{"x":11.69,"y":-8.81,"width":105,"height":132}},"Letter_4bb1":{"Letter_4bb1":{"x":10.53,"y":0.76,"width":121,"height":102}},"Letter_4bb2":{"Letter_4bb2":{"x":5.59,"y":-6.16,"width":86,"height":56}},"Sweat":{"Sweat":{"x":15.21,"y":-0.05,"rotation":87.75,"width":19,"height":35}},"bg_1bb":{"bg_1bb":{"x":8.19,"y":6.06,"width":233,"height":183}},"bg_3bb":{"bg_3bb":{"x":8.19,"y":6.06,"width":337,"height":253}}}}],"animations":{"FirstBbuk":{"slots":{"Letter_1bb1":{"color":[{"color":"ffffff00","curve":"stepped"},{"time":0.0667,"color":"ffffff00"},{"time":0.1667,"color":"ffffffff","curve":"stepped"},{"time":0.8333,"color":"ffffffff"},{"time":1,"color":"ffffff00"}]},"Letter_1bb2":{"color":[{"color":"ffffff00","curve":"stepped"},{"time":0.0667,"color":"ffffff00"},{"time":0.2333,"color":"ffffffff","curve":"stepped"},{"time":0.8333,"color":"ffffffff"},{"time":1,"color":"ffffff00"}]},"Letter_2bb1":{"color":[{"color":"ffffff00"},{"time":0.1,"color":"ffffffff","curve":"stepped"},{"time":0.8333,"color":"ffffffff"},{"time":1,"color":"ffffff00"}]},"Letter_2bb2":{"color":[{"color":"ffffff00"},{"time":0.1667,"color":"ffffffff","curve":"stepped"},{"time":0.8333,"color":"ffffffff"},{"time":1,"color":"ffffff00"}]},"Letter_4bb1":{"attachment":[{"name":null}]},"Letter_4bb2":{"attachment":[{"name":null}]},"Sweat":{"color":[{"color":"ffffff00","curve":"stepped"},{"time":0.4333,"color":"ffffff00","curve":0,"c2":1.01,"c3":0,"c4":0.97},{"time":0.6667,"color":"ffffffff","curve":"stepped"},{"time":0.8333,"color":"ffffffff"},{"time":1,"color":"ffffff00"}]},"bg_3bb":{"color":[{"color":"ffffff00","curve":0.988,"c2":0.03,"c4":0},{"time":0.1,"color":"ffffffff","curve":"stepped"},{"time":0.8333,"color":"ffffffff"},{"time":1,"color":"ffffff00"}],"attachment":[{"name":"bg_3bb"}]}},"bones":{"Sweat":{"translate":[{"x":-26.92,"y":15.55,"curve":"stepped"},{"time":0.4333,"x":-26.92,"y":15.55},{"time":0.6667,"x":-25.78,"y":-13.59}]},"BG":{"scale":[{"x":0.5,"y":0.5,"curve":"stepped"},{"time":0.0667,"x":0.5,"y":0.5,"curve":0,"c2":1,"c3":0.75},{"time":0.2333}]},"Letter_1bb1":{"rotate":[{"angle":9.14,"curve":"stepped"},{"time":0.0667,"angle":9.14},{"time":0.5,"angle":6.35,"curve":0.779,"c2":0.36,"c3":0.25,"c4":0.8},{"time":0.6333}]},"Letter_1bb":{"translate":[{"x":44.25,"y":-6.58}],"scale":[{"x":5,"y":5,"curve":"stepped"},{"time":0.0667,"x":5,"y":5,"curve":0,"c2":1.17,"c3":0.75},{"time":0.2333}]},"Letter_2bb":{"scale":[{"x":5,"y":5,"curve":0,"c2":1.14,"c3":0.75},{"time":0.1667}]}},"drawOrder":[{"offsets":[{"slot":"bg_3bb","offset":-4}]}]},"ThreeBBuk":{"slots":{"Letter_1bb1":{"color":[{"color":"ffffff00","curve":"stepped"},{"time":0.1333,"color":"ffffff00"},{"time":0.2333,"color":"ffffffff","curve":"stepped"},{"time":0.8333,"color":"ffffffff"},{"time":1,"color":"ffffff00"}]},"Letter_1bb2":{"color":[{"color":"ffffff00","curve":"stepped"},{"time":0.1333,"color":"ffffff00"},{"time":0.3,"color":"ffffffff","curve":"stepped"},{"time":0.8333,"color":"ffffffff"},{"time":1,"color":"ffffff00"}]},"Letter_2bb1":{"color":[{"color":"ffffff00"},{"time":0.1,"color":"ffffffff","curve":"stepped"},{"time":0.8333,"color":"ffffffff"},{"time":1,"color":"ffffff00"}],"attachment":[{"name":null}]},"Letter_2bb2":{"color":[{"color":"ffffff00"},{"time":0.1667,"color":"ffffffff","curve":"stepped"},{"time":0.8333,"color":"ffffffff"},{"time":1,"color":"ffffff00"}],"attachment":[{"name":null}]},"Letter_3bb1":{"color":[{"color":"ffffff00"},{"time":0.1,"color":"ffffffff","curve":"stepped"},{"time":0.8333,"color":"ffffffff"},{"time":1,"color":"ffffff00"}],"attachment":[{"name":"Letter_3bb1"}]},"Letter_3bb2":{"color":[{"color":"ffffff00","curve":"stepped"},{"time":0.0667,"color":"ffffff00"},{"time":0.1667,"color":"ffffffff","curve":"stepped"},{"time":0.8333,"color":"ffffffff"},{"time":1,"color":"ffffff00"}],"attachment":[{"name":"Letter_3bb2"}]},"Letter_4bb1":{"attachment":[{"name":null}]},"Letter_4bb2":{"attachment":[{"name":null}]},"Sweat":{"color":[{"color":"ffffff00","curve":"stepped"},{"time":0.4333,"color":"ffffff00","curve":0,"c2":1.01,"c3":0,"c4":0.97},{"time":0.6667,"color":"ffffffff"}]},"bg_1bb":{"color":[{"color":"ffffff00"}]},"bg_3bb":{"color":[{"color":"ffffff00","curve":0.988,"c2":0.03,"c4":0},{"time":0.1,"color":"ffffffff","curve":"stepped"},{"time":0.8333,"color":"ffffffff"},{"time":1,"color":"ffffff00"}],"attachment":[{"name":"bg_3bb"}]}},"bones":{"Letter_2bb1":{"rotate":[{"angle":-7.45,"curve":0.402,"c2":0.81,"c3":0.77},{"time":0.2667,"angle":5.21,"curve":0,"c2":1,"c3":0.75},{"time":0.3333}]},"Letter_2bb2":{"rotate":[{"angle":8.66,"curve":0,"c2":0.44,"c3":0.4,"c4":0.76},{"time":0.1,"angle":8.43,"curve":0,"c2":1,"c3":0},{"time":0.4}]},"Letter_3bb1":{"scale":[{"x":5,"y":5,"curve":0,"c2":1.14,"c3":0.75},{"time":0.1667}]},"Letter_3bb2":{"scale":[{"x":5,"y":5,"curve":"stepped"},{"time":0.0667,"x":5,"y":5,"curve":0,"c2":1.14,"c3":0.75},{"time":0.2333}]},"Sweat":{"translate":[{"x":6.15,"y":16.84,"curve":"stepped"},{"time":0.4333,"x":6.15,"y":16.84},{"time":0.6667,"x":7.3,"y":-12.3}]},"BG":{"scale":[{"x":0.5,"y":0.5,"curve":"stepped"},{"time":0.0667,"x":0.5,"y":0.5,"curve":0,"c2":1,"c3":0.75},{"time":0.2333}]},"Letter_1bb1":{"rotate":[{"angle":9.14,"curve":"stepped"},{"time":0.1333,"angle":9.14},{"time":0.5667,"angle":6.35,"curve":0.779,"c2":0.36,"c3":0.25,"c4":0.8},{"time":0.7}]},"Letter_1bb":{"translate":[{"x":73.4,"y":-6.58}],"scale":[{"x":5,"y":5,"curve":"stepped"},{"time":0.1667,"x":5,"y":5,"curve":0,"c2":1.17,"c3":0.75},{"time":0.3333}]},"Letter_2bb":{"scale":[{"x":5,"y":5,"curve":0,"c2":1.14,"c3":0.75},{"time":0.1667}]}},"drawOrder":[{"offsets":[{"slot":"bg_3bb","offset":-4},{"slot":"Letter_3bb2","offset":1}]}]},"YeonBbuk":{"slots":{"Letter_1bb1":{"color":[{"color":"ffffff00","curve":"stepped"},{"time":0.0667,"color":"ffffff00"},{"time":0.1667,"color":"ffffffff","curve":"stepped"},{"time":0.8333,"color":"ffffffff"},{"time":1,"color":"ffffff00"}]},"Letter_1bb2":{"color":[{"color":"ffffff00","curve":"stepped"},{"time":0.0667,"color":"ffffff00"},{"time":0.1667,"color":"ffffffff","curve":"stepped"},{"time":0.8333,"color":"ffffffff"},{"time":1,"color":"ffffff00"}]},"Letter_2bb1":{"attachment":[{"name":null}]},"Letter_2bb2":{"attachment":[{"name":null}]},"Letter_4bb1":{"color":[{"color":"ffffff00"},{"time":0.1,"color":"ffffffff","curve":"stepped"},{"time":0.8333,"color":"ffffffff"},{"time":1,"color":"ffffff00"}]},"Letter_4bb2":{"color":[{"color":"ffffff00"},{"time":0.1,"color":"ffffffff","curve":"stepped"},{"time":0.8333,"color":"ffffffff"},{"time":1,"color":"ffffff00"}]},"Sweat":{"color":[{"color":"ffffff00","curve":"stepped"},{"time":0.4333,"color":"ffffff00","curve":0,"c2":1.01,"c3":0,"c4":0.97},{"time":0.6667,"color":"ffffffff","curve":"stepped"},{"time":0.8333,"color":"ffffffff"},{"time":1,"color":"ffffff00"}]},"bg_3bb":{"color":[{"color":"ffffff00","curve":0.988,"c2":0.03,"c4":0},{"time":0.1,"color":"ffffffff","curve":"stepped"},{"time":0.8333,"color":"ffffffff"},{"time":1,"color":"ffffff00"}],"attachment":[{"name":"bg_3bb"}]}},"bones":{"Letter_2bb2":{"translate":[{"x":-7.8}]},"Sweat":{"translate":[{"x":-26.92,"y":15.55,"curve":"stepped"},{"time":0.4333,"x":-26.92,"y":15.55},{"time":0.6667,"x":-25.78,"y":-13.59}]},"BG":{"scale":[{"x":0.5,"y":0.5,"curve":"stepped"},{"time":0.0667,"x":0.5,"y":0.5,"curve":0,"c2":1,"c3":0.75},{"time":0.2333}]},"Letter_1bb1":{"rotate":[{"angle":9.14,"curve":"stepped"},{"time":0.0667,"angle":9.14},{"time":0.5,"angle":6.35,"curve":0.779,"c2":0.36,"c3":0.25,"c4":0.8},{"time":0.6333}]},"Letter_1bb":{"translate":[{"x":44.25,"y":-6.58}],"scale":[{"x":5,"y":5,"curve":"stepped"},{"time":0.0667,"x":5,"y":5,"curve":0,"c2":1.17,"c3":0.75},{"time":0.2333}]},"Letter_2bb":{"scale":[{"x":5,"y":5,"curve":0,"c2":1.14,"c3":0.75},{"time":0.1667}]},"Letter_2bb1":{"rotate":[{"angle":-6.75,"curve":"stepped"},{"time":0.1,"angle":-6.75,"curve":0.25,"c3":0.75},{"time":0.2}],"translate":[{"x":-6.88,"y":0.81}]}},"drawOrder":[{"offsets":[{"slot":"bg_3bb","offset":-4},{"slot":"Letter_4bb1","offset":-7},{"slot":"Letter_4bb2","offset":-7}]}]},"bbuk":{"slots":{"Letter_1bb1":{"color":[{"color":"ffffff00"},{"time":0.1667,"color":"ffffffff","curve":"stepped"},{"time":0.8333,"color":"ffffffff"},{"time":1,"color":"ffffff00"}]},"Letter_1bb2":{"color":[{"color":"ffffff00"},{"time":0.1667,"color":"ffffffff","curve":"stepped"},{"time":0.8333,"color":"ffffffff"},{"time":1,"color":"ffffff00"}]},"Letter_2bb1":{"attachment":[{"name":null}]},"Letter_2bb2":{"attachment":[{"name":null}]},"Letter_4bb1":{"attachment":[{"name":null}]},"Letter_4bb2":{"attachment":[{"name":null}]},"Sweat":{"color":[{"color":"ffffff00","curve":"stepped"},{"time":0.4333,"color":"ffffff00","curve":0,"c2":1.01,"c3":0,"c4":0.97},{"time":0.6667,"color":"ffffffff","curve":"stepped"},{"time":0.8333,"color":"ffffffff"},{"time":1,"color":"ffffff00"}]},"bg_1bb":{"color":[{"color":"ffffff00","curve":0.988,"c2":0.03,"c4":0},{"time":0.1,"color":"ffffffff","curve":"stepped"},{"time":0.8333,"color":"ffffffff"},{"time":1,"color":"ffffff00"}],"attachment":[{"name":"bg_1bb"}]}},"bones":{"Sweat":{"translate":[{"x":-70.05,"y":19.26,"curve":"stepped"},{"time":0.4333,"x":-70.05,"y":19.26},{"time":0.6667,"x":-69.19,"y":-2.71}]},"BG":{"scale":[{"x":0.5,"y":0.5,"curve":"stepped"},{"time":0.1333,"x":0.5,"y":0.5,"curve":0,"c2":1,"c3":0.75},{"time":0.3}]},"Letter_1bb1":{"rotate":[{"angle":9.14},{"time":0.4333,"angle":6.35,"curve":0.779,"c2":0.36,"c3":0.25,"c4":0.8},{"time":0.5667}]},"Letter_1bb":{"scale":[{"x":5,"y":5,"curve":0,"c2":1.17,"c3":0.75},{"time":0.2}]}}}}}