{"skeleton":{"hash":"G5+gRnhrrs5uaE7ZJ0RXGk6oIBY","spine":"3.8.99","x":-185.03,"y":-179.03,"width":368.8,"height":370.86,"images":"./img/","audio":"C:/Users/user/Desktop/Work/맞고/2차/Spine_Dev/Effect/kwang"},"bones":[{"name":"root"},{"name":"Letter","parent":"root","x":0.21,"y":-0.12},{"name":"Num","parent":"Letter","x":-36.24,"y":-1.18},{"name":"Gwang","parent":"Letter","x":30.99,"y":-1.18},{"name":"Effect","parent":"root","x":2.82,"y":-92.44,"color":"ecff25ff"},{"name":"particle","parent":"Effect","x":-2.82,"y":92.44},{"name":"Backlight","parent":"Effect","x":-2.82,"y":92.44},{"name":"Bg","parent":"Effect","x":-2.82,"y":92.44,"scaleX":2,"scaleY":2},{"name":"Backlight2","parent":"Effect","rotation":-10.87,"x":-2.82,"y":92.44,"scaleX":0.862,"scaleY":0.862},{"name":"particle2","parent":"Effect","rotation":165.08,"x":-2.82,"y":92.44},{"name":"Pang","parent":"Effect","x":-73.21,"y":141.18,"color":"ecff25ff"},{"name":"Pang2","parent":"Effect","x":79.18,"y":22.41,"color":"ecff25ff"}],"slots":[{"name":"BG","bone":"Bg","color":"efff00ff","attachment":"BG"},{"name":"BG2","bone":"Bg","color":"aeff00ff","attachment":"BG"},{"name":"Light","bone":"Backlight","attachment":"Light"},{"name":"Light2","bone":"Backlight2","color":"ffffff86","attachment":"Light"},{"name":"Particle","bone":"particle","attachment":"Particle"},{"name":"Particle2","bone":"particle2","attachment":"Particle"},{"name":"Gwang","bone":"Gwang","attachment":"Gwang"},{"name":"Bi","bone":"Num","attachment":"Bi"},{"name":"3","bone":"Num","attachment":"3"},{"name":"4","bone":"Num","attachment":"4"},{"name":"5","bone":"Num","attachment":"5"},{"name":"Pang001","bone":"Pang","attachment":"Pang001"},{"name":"Pang1","bone":"Pang2","attachment":"Pang001"},{"name":"Pang002","bone":"Pang","attachment":"Pang002"},{"name":"Pang2","bone":"Pang2","attachment":"Pang002"},{"name":"Pang003","bone":"Pang","attachment":"Pang003"},{"name":"Pang3","bone":"Pang2","attachment":"Pang003"},{"name":"Pang004","bone":"Pang","attachment":"Pang004"},{"name":"Pang4","bone":"Pang2","attachment":"Pang004"},{"name":"Pang005","bone":"Pang","attachment":"Pang005"},{"name":"Pang5","bone":"Pang2","attachment":"Pang005"},{"name":"Pang006","bone":"Pang","attachment":"Pang006"},{"name":"Pang6","bone":"Pang2","attachment":"Pang006"},{"name":"Pang007","bone":"Pang","attachment":"Pang007"},{"name":"Pang7","bone":"Pang2","attachment":"Pang007"},{"name":"Pang008","bone":"Pang","attachment":"Pang008"},{"name":"Pang8","bone":"Pang2","attachment":"Pang008"},{"name":"Pang009","bone":"Pang","attachment":"Pang009"},{"name":"Pang9","bone":"Pang2","attachment":"Pang009"},{"name":"Pang010","bone":"Pang","attachment":"Pang010"},{"name":"Pang10","bone":"Pang2","attachment":"Pang010"},{"name":"Pang011","bone":"Pang","attachment":"Pang011"},{"name":"Pang11","bone":"Pang2","attachment":"Pang011"},{"name":"Pang012","bone":"Pang","attachment":"Pang012"},{"name":"Pang12","bone":"Pang2","attachment":"Pang012"},{"name":"Pang013","bone":"Pang","attachment":"Pang013"},{"name":"Pang13","bone":"Pang2","attachment":"Pang013"},{"name":"Pang014","bone":"Pang","attachment":"Pang014"},{"name":"Pang14","bone":"Pang2","attachment":"Pang014"},{"name":"Pang015","bone":"Pang","attachment":"Pang015"},{"name":"Pang15","bone":"Pang2","attachment":"Pang015"},{"name":"Pang016","bone":"Pang","attachment":"Pang016"},{"name":"Pang16","bone":"Pang2","attachment":"Pang016"},{"name":"Pang017","bone":"Pang","attachment":"Pang017"},{"name":"Pang17","bone":"Pang2","attachment":"Pang017"},{"name":"Pang018","bone":"Pang","attachment":"Pang018"},{"name":"Pang18","bone":"Pang2","attachment":"Pang018"},{"name":"Pang019","bone":"Pang","attachment":"Pang019"},{"name":"Pang19","bone":"Pang2","attachment":"Pang019"},{"name":"Pang020","bone":"Pang","attachment":"Pang020"},{"name":"Pang20","bone":"Pang2","attachment":"Pang020"},{"name":"Pang021","bone":"Pang","attachment":"Pang021"},{"name":"Pang21","bone":"Pang2","attachment":"Pang021"},{"name":"Pang022","bone":"Pang","attachment":"Pang022"},{"name":"Pang22","bone":"Pang2","attachment":"Pang022"}],"skins":[{"name":"default","attachments":{"3":{"3":{"x":1.91,"y":-2.04,"width":63,"height":93}},"4":{"4":{"x":2.91,"y":-1.54,"width":75,"height":92}},"5":{"5":{"x":1.41,"y":-2.54,"width":64,"height":92}},"BG":{"BG":{"x":1.81,"y":0.06,"width":126,"height":110}},"BG2":{"BG":{"x":1.81,"y":0.06,"width":126,"height":110}},"Bi":{"Bi":{"x":-13.09,"y":-2.04,"width":77,"height":97}},"Gwang":{"Gwang":{"x":8.68,"y":-2.54,"width":89,"height":96}},"Light":{"Light":{"x":-2.12,"y":7.15,"width":365,"height":368}},"Light2":{"Light":{"x":-2.12,"y":7.15,"width":365,"height":368}},"Pang001":{"Pang001":{"width":14,"height":14}},"Pang1":{"Pang001":{"width":14,"height":14}},"Pang002":{"Pang002":{"width":16,"height":14}},"Pang2":{"Pang002":{"width":16,"height":14}},"Pang003":{"Pang003":{"width":20,"height":18}},"Pang3":{"Pang003":{"width":20,"height":18}},"Pang004":{"Pang004":{"width":26,"height":24}},"Pang4":{"Pang004":{"width":26,"height":24}},"Pang005":{"Pang005":{"width":38,"height":34}},"Pang5":{"Pang005":{"width":38,"height":34}},"Pang006":{"Pang006":{"width":66,"height":60}},"Pang6":{"Pang006":{"width":66,"height":60}},"Pang007":{"Pang007":{"width":98,"height":90}},"Pang7":{"Pang007":{"width":98,"height":90}},"Pang008":{"Pang008":{"width":116,"height":106}},"Pang8":{"Pang008":{"width":116,"height":106}},"Pang009":{"Pang009":{"width":126,"height":114}},"Pang9":{"Pang009":{"width":126,"height":114}},"Pang010":{"Pang010":{"width":132,"height":122}},"Pang10":{"Pang010":{"width":132,"height":122}},"Pang011":{"Pang011":{"width":138,"height":126}},"Pang11":{"Pang011":{"width":138,"height":126}},"Pang012":{"Pang012":{"width":142,"height":130}},"Pang12":{"Pang012":{"width":142,"height":130}},"Pang013":{"Pang013":{"width":146,"height":132}},"Pang13":{"Pang013":{"width":146,"height":132}},"Pang014":{"Pang014":{"width":148,"height":134}},"Pang14":{"Pang014":{"width":148,"height":134}},"Pang015":{"Pang015":{"width":150,"height":136}},"Pang15":{"Pang015":{"width":150,"height":136}},"Pang016":{"Pang016":{"width":152,"height":138}},"Pang16":{"Pang016":{"width":152,"height":138}},"Pang017":{"Pang017":{"width":152,"height":138}},"Pang17":{"Pang017":{"width":152,"height":138}},"Pang018":{"Pang018":{"width":154,"height":140}},"Pang18":{"Pang018":{"width":154,"height":140}},"Pang019":{"Pang019":{"width":154,"height":140}},"Pang19":{"Pang019":{"width":154,"height":140}},"Pang020":{"Pang020":{"width":154,"height":140}},"Pang20":{"Pang020":{"width":154,"height":140}},"Pang021":{"Pang021":{"width":154,"height":140}},"Pang21":{"Pang021":{"width":154,"height":140}},"Pang022":{"Pang022":{"width":154,"height":140}},"Pang22":{"Pang022":{"width":154,"height":140}},"Particle":{"Particle":{"x":27.88,"y":12.65,"width":207,"height":229}},"Particle2":{"Particle":{"x":27.88,"y":12.65,"width":207,"height":229}}}}],"animations":{"3kwang":{"slots":{"3":{"color":[{"color":"ffffff00","curve":0.25,"c3":0.783,"c4":0.11},{"time":0.2,"color":"ffffffff","curve":"stepped"},{"time":1,"color":"ffffffff"},{"time":1.1667,"color":"ffffff00"}]},"4":{"attachment":[{"name":null}]},"5":{"attachment":[{"name":null}]},"BG":{"color":[{"color":"efff0000","curve":"stepped"},{"time":0.2333,"color":"efff0000"},{"time":0.4,"color":"efff00ff","curve":"stepped"},{"time":1,"color":"efff00ff"},{"time":1.1667,"color":"efff0000"}]},"BG2":{"color":[{"color":"aeff0000","curve":"stepped"},{"time":0.2333,"color":"aeff0000"},{"time":0.4,"color":"aeff00ff","curve":"stepped"},{"time":1,"color":"aeff00ff"},{"time":1.1667,"color":"aeff0000"}]},"Bi":{"attachment":[{"name":null}]},"Gwang":{"color":[{"color":"ffffff00","curve":"stepped"},{"time":0.1333,"color":"ffffff00","curve":0.25,"c3":0.783,"c4":0.11},{"time":0.3333,"color":"ffffffff","curve":"stepped"},{"time":1,"color":"ffffffff"},{"time":1.1667,"color":"ffffff00"}]},"Light":{"color":[{"color":"ffffff00","curve":"stepped"},{"time":0.1667,"color":"ffffff00","curve":0.344,"c2":0.46,"c3":0.471},{"time":0.5,"color":"ffffffff","curve":"stepped"},{"time":0.9,"color":"ffffffff"},{"time":1.1667,"color":"ffffff00"}]},"Light2":{"color":[{"color":"ffffff00","curve":"stepped"},{"time":0.1667,"color":"ffffff00","curve":0.344,"c2":0.46,"c3":0.471},{"time":0.5,"color":"ffffff6a","curve":"stepped"},{"time":0.9,"color":"ffffff6a"},{"time":1.1667,"color":"ffffff00"}]},"Pang001":{"attachment":[{"name":null}]},"Pang1":{"attachment":[{"name":null}]},"Pang002":{"attachment":[{"name":null}]},"Pang2":{"attachment":[{"name":null}]},"Pang003":{"attachment":[{"name":null}]},"Pang3":{"attachment":[{"name":null}]},"Pang004":{"attachment":[{"name":null}]},"Pang4":{"attachment":[{"name":null}]},"Pang005":{"attachment":[{"name":null}]},"Pang5":{"attachment":[{"name":null}]},"Pang006":{"attachment":[{"name":null}]},"Pang6":{"attachment":[{"name":null}]},"Pang007":{"attachment":[{"name":null}]},"Pang7":{"attachment":[{"name":null}]},"Pang008":{"attachment":[{"name":null}]},"Pang8":{"attachment":[{"name":null}]},"Pang009":{"attachment":[{"name":null}]},"Pang9":{"attachment":[{"name":null}]},"Pang010":{"attachment":[{"name":null}]},"Pang10":{"attachment":[{"name":null}]},"Pang011":{"attachment":[{"name":null}]},"Pang11":{"attachment":[{"name":null}]},"Pang012":{"attachment":[{"name":null}]},"Pang12":{"attachment":[{"name":null}]},"Pang013":{"attachment":[{"name":null}]},"Pang13":{"attachment":[{"name":null}]},"Pang014":{"attachment":[{"name":null}]},"Pang14":{"attachment":[{"name":null}]},"Pang015":{"attachment":[{"name":null}]},"Pang15":{"attachment":[{"name":null}]},"Pang016":{"attachment":[{"name":null}]},"Pang16":{"attachment":[{"name":null}]},"Pang017":{"attachment":[{"name":null}]},"Pang17":{"attachment":[{"name":null}]},"Pang018":{"attachment":[{"name":null}]},"Pang18":{"attachment":[{"name":null}]},"Pang019":{"attachment":[{"name":null}]},"Pang19":{"attachment":[{"name":null}]},"Pang020":{"attachment":[{"name":null}]},"Pang20":{"attachment":[{"name":null}]},"Pang021":{"attachment":[{"name":null}]},"Pang21":{"attachment":[{"name":null}]},"Pang022":{"attachment":[{"name":null}]},"Pang22":{"attachment":[{"name":null}]},"Particle":{"color":[{"color":"ffffff00","curve":"stepped"},{"time":0.3333,"color":"ffffff00"},{"time":0.4333,"color":"ffffffff","curve":"stepped"},{"time":0.9667,"color":"ffffffff"},{"time":1.1667,"color":"ffffff00"}]},"Particle2":{"color":[{"color":"ffffff00","curve":"stepped"},{"time":0.5667,"color":"ffffff00"},{"time":0.6667,"color":"ffffffff","curve":"stepped"},{"time":0.9667,"color":"ffffffff"},{"time":1.1667,"color":"ffffff00"}]}},"bones":{"Num":{"translate":[{"time":1},{"time":1.1667,"x":-89.64}],"scale":[{"x":0.3,"y":0.3,"curve":0.25,"c3":0.783,"c4":0.11},{"time":0.2,"curve":"stepped"},{"time":1,"curve":0.385,"c2":0.28,"c3":0.725,"c4":0.61},{"time":1.1667,"x":4,"y":4}]},"Backlight2":{"rotate":[{"time":0.1667},{"time":1.1667,"angle":47.87}],"scale":[{"x":0.348,"y":0.348,"curve":"stepped"},{"time":0.1667,"x":0.348,"y":0.348,"curve":0.344,"c2":0.46,"c3":0.471},{"time":0.6667}]},"Backlight":{"rotate":[{"time":0.1667},{"time":1.1667,"angle":-53.15}],"scale":[{"x":0.3,"y":0.3,"curve":"stepped"},{"time":0.1667,"x":0.3,"y":0.3,"curve":0.344,"c2":0.46,"c3":0.471},{"time":0.6667}]},"Bg":{"scale":[{"x":0.15,"y":0.15},{"time":0.5},{"time":1.1667,"x":1.1,"y":1.1}]},"particle":{"rotate":[{"time":0.2667},{"time":1.1667,"angle":10.28}],"scale":[{},{"time":0.2667,"x":0.5,"y":0.5},{"time":1.1667}]},"Gwang":{"translate":[{"time":1},{"time":1.1667,"x":82.17}],"scale":[{"x":0.3,"y":0.3,"curve":"stepped"},{"time":0.1333,"x":0.3,"y":0.3,"curve":0.25,"c3":0.783,"c4":0.11},{"time":0.3333,"curve":"stepped"},{"time":1},{"time":1.1667,"x":4,"y":4}]},"particle2":{"rotate":[{"time":0.5},{"time":1.1667,"angle":34.22}],"scale":[{},{"time":0.5,"x":0.5,"y":0.5},{"time":1.1667}]}}},"4kwang":{"slots":{"3":{"attachment":[{"name":null}]},"4":{"color":[{"color":"ffffff00","curve":0.25,"c3":0.783,"c4":0.11},{"time":0.2,"color":"ffffffff","curve":"stepped"},{"time":1,"color":"ffffffff"},{"time":1.1667,"color":"ffffff00"}],"attachment":[{"time":1.1667,"name":null}]},"5":{"attachment":[{"name":null}]},"BG":{"color":[{"color":"efff0000","curve":"stepped"},{"time":0.2333,"color":"efff0000"},{"time":0.4,"color":"efff00ff","curve":"stepped"},{"time":1,"color":"efff00ff"},{"time":1.1667,"color":"efff0000"}]},"BG2":{"color":[{"color":"aeff0000","curve":"stepped"},{"time":0.2333,"color":"aeff0000"},{"time":0.4,"color":"aeff00ff","curve":"stepped"},{"time":1,"color":"aeff00ff"},{"time":1.1667,"color":"aeff0000"}]},"Bi":{"attachment":[{"name":null}]},"Gwang":{"color":[{"color":"ffffff00","curve":"stepped"},{"time":0.1333,"color":"ffffff00","curve":0.25,"c3":0.783,"c4":0.11},{"time":0.3333,"color":"ffffffff","curve":"stepped"},{"time":1,"color":"ffffffff"},{"time":1.1667,"color":"ffffff00"}]},"Light":{"color":[{"color":"ffffff00","curve":"stepped"},{"time":0.1667,"color":"ffffff00","curve":0.344,"c2":0.46,"c3":0.471},{"time":0.5,"color":"ffffffff","curve":"stepped"},{"time":0.9,"color":"ffffffff"},{"time":1.1667,"color":"ffffff00"}]},"Light2":{"color":[{"color":"ffffff00","curve":"stepped"},{"time":0.1667,"color":"ffffff00","curve":0.344,"c2":0.46,"c3":0.471},{"time":0.5,"color":"ffffff6a","curve":"stepped"},{"time":0.9,"color":"ffffff6a"},{"time":1.1667,"color":"ffffff00"}]},"Pang001":{"attachment":[{"name":null}]},"Pang1":{"attachment":[{"name":null}]},"Pang002":{"attachment":[{"name":null}]},"Pang2":{"attachment":[{"name":null}]},"Pang003":{"attachment":[{"name":null}]},"Pang3":{"attachment":[{"name":null}]},"Pang004":{"attachment":[{"name":null}]},"Pang4":{"attachment":[{"name":null}]},"Pang005":{"attachment":[{"name":null}]},"Pang5":{"attachment":[{"name":null}]},"Pang006":{"attachment":[{"name":null}]},"Pang6":{"attachment":[{"name":null}]},"Pang007":{"attachment":[{"name":null}]},"Pang7":{"attachment":[{"name":null}]},"Pang008":{"attachment":[{"name":null}]},"Pang8":{"attachment":[{"name":null}]},"Pang009":{"attachment":[{"name":null}]},"Pang9":{"attachment":[{"name":null}]},"Pang010":{"attachment":[{"name":null}]},"Pang10":{"attachment":[{"name":null}]},"Pang011":{"attachment":[{"name":null}]},"Pang11":{"attachment":[{"name":null}]},"Pang012":{"attachment":[{"name":null}]},"Pang12":{"attachment":[{"name":null}]},"Pang013":{"attachment":[{"name":null}]},"Pang13":{"attachment":[{"name":null}]},"Pang014":{"attachment":[{"name":null}]},"Pang14":{"attachment":[{"name":null}]},"Pang015":{"attachment":[{"name":null}]},"Pang15":{"attachment":[{"name":null}]},"Pang016":{"attachment":[{"name":null}]},"Pang16":{"attachment":[{"name":null}]},"Pang017":{"attachment":[{"name":null}]},"Pang17":{"attachment":[{"name":null}]},"Pang018":{"attachment":[{"name":null}]},"Pang18":{"attachment":[{"name":null}]},"Pang019":{"attachment":[{"name":null}]},"Pang19":{"attachment":[{"name":null}]},"Pang020":{"attachment":[{"name":null}]},"Pang20":{"attachment":[{"name":null}]},"Pang021":{"attachment":[{"name":null}]},"Pang21":{"attachment":[{"name":null}]},"Pang022":{"attachment":[{"name":null}]},"Pang22":{"attachment":[{"name":null}]},"Particle":{"color":[{"color":"ffffff00","curve":"stepped"},{"time":0.3333,"color":"ffffff00"},{"time":0.4333,"color":"ffffffff","curve":"stepped"},{"time":0.9667,"color":"ffffffff"},{"time":1.1667,"color":"ffffff00"}]},"Particle2":{"color":[{"color":"ffffff00","curve":"stepped"},{"time":0.5667,"color":"ffffff00"},{"time":0.6667,"color":"ffffffff","curve":"stepped"},{"time":0.9667,"color":"ffffffff"},{"time":1.1667,"color":"ffffff00"}]}},"bones":{"Num":{"translate":[{"time":1},{"time":1.1667,"x":-89.64}],"scale":[{"x":0.3,"y":0.3,"curve":0.25,"c3":0.783,"c4":0.11},{"time":0.2,"curve":"stepped"},{"time":1,"curve":0.385,"c2":0.28,"c3":0.725,"c4":0.61},{"time":1.1667,"x":4,"y":4}]},"Backlight2":{"rotate":[{"time":0.1667},{"time":1.1667,"angle":47.87}],"scale":[{"x":0.348,"y":0.348,"curve":"stepped"},{"time":0.1667,"x":0.348,"y":0.348,"curve":0.344,"c2":0.46,"c3":0.471},{"time":0.6667}]},"Backlight":{"rotate":[{"time":0.1667},{"time":1.1667,"angle":-53.15}],"scale":[{"x":0.3,"y":0.3,"curve":"stepped"},{"time":0.1667,"x":0.3,"y":0.3,"curve":0.344,"c2":0.46,"c3":0.471},{"time":0.6667}]},"Bg":{"scale":[{"x":0.15,"y":0.15},{"time":0.5},{"time":1.1667,"x":1.1,"y":1.1}]},"particle":{"rotate":[{"time":0.3333},{"time":1.1667,"angle":10.28}],"scale":[{},{"time":0.3333,"x":0.5,"y":0.5},{"time":1.1667}]},"Gwang":{"translate":[{"time":1},{"time":1.1667,"x":82.17}],"scale":[{"x":0.3,"y":0.3,"curve":"stepped"},{"time":0.1333,"x":0.3,"y":0.3,"curve":0.25,"c3":0.783,"c4":0.11},{"time":0.3333,"curve":"stepped"},{"time":1},{"time":1.1667,"x":4,"y":4}]},"particle2":{"rotate":[{"time":0.5667},{"time":1.1667,"angle":34.22}],"scale":[{},{"time":0.5667,"x":0.5,"y":0.5},{"time":1.1667}]}}},"5kwang":{"slots":{"3":{"attachment":[{"name":null}]},"4":{"attachment":[{"name":null}]},"5":{"color":[{"color":"ffffff00","curve":0.25,"c3":0.783,"c4":0.11},{"time":0.2333,"color":"ffffffff","curve":"stepped"},{"time":1,"color":"ffffffff"},{"time":1.1667,"color":"ffffff00"}]},"BG":{"color":[{"color":"efff0000","curve":"stepped"},{"time":0.2333,"color":"efff0000"},{"time":0.4,"color":"efff00ff","curve":"stepped"},{"time":1,"color":"efff00ff"},{"time":1.1667,"color":"efff0000"}]},"BG2":{"color":[{"color":"aeff0000","curve":"stepped"},{"time":0.2333,"color":"aeff0000"},{"time":0.4,"color":"aeff00ff","curve":"stepped"},{"time":1,"color":"aeff00ff"},{"time":1.1667,"color":"aeff0000"}]},"Bi":{"attachment":[{"name":null}]},"Gwang":{"color":[{"color":"ffffff00","curve":"stepped"},{"time":0.1333,"color":"ffffff00","curve":0.25,"c3":0.783,"c4":0.11},{"time":0.3333,"color":"ffffffff","curve":"stepped"},{"time":1,"color":"ffffffff"},{"time":1.1667,"color":"ffffff00"}]},"Light":{"color":[{"color":"ffffff00","curve":"stepped"},{"time":0.1667,"color":"ffffff00","curve":0.344,"c2":0.46,"c3":0.471},{"time":0.5,"color":"ffffffff","curve":"stepped"},{"time":0.9667,"color":"ffffffff"},{"time":1.1667,"color":"ffffff00"}]},"Light2":{"color":[{"color":"ffffff00","curve":"stepped"},{"time":0.1667,"color":"ffffff00","curve":0.344,"c2":0.46,"c3":0.471},{"time":0.5,"color":"ffffff6a","curve":"stepped"},{"time":0.9667,"color":"ffffff6a"},{"time":1.1667,"color":"ffffff00"}]},"Pang001":{"attachment":[{"name":null},{"time":0.1,"name":"Pang001"},{"time":0.1333,"name":null}]},"Pang1":{"attachment":[{"name":null},{"time":0.3,"name":"Pang001"},{"time":0.3333,"name":null}]},"Pang002":{"attachment":[{"name":null},{"time":0.1333,"name":"Pang002"},{"time":0.1667,"name":null}]},"Pang2":{"attachment":[{"name":null},{"time":0.3333,"name":"Pang002"},{"time":0.3667,"name":null}]},"Pang003":{"attachment":[{"name":null},{"time":0.1667,"name":"Pang003"},{"time":0.2,"name":null}]},"Pang3":{"attachment":[{"name":null},{"time":0.3667,"name":"Pang003"},{"time":0.4,"name":null}]},"Pang004":{"attachment":[{"name":null},{"time":0.2,"name":"Pang004"},{"time":0.2333,"name":null}]},"Pang4":{"attachment":[{"name":null},{"time":0.4,"name":"Pang004"},{"time":0.4333,"name":null}]},"Pang005":{"attachment":[{"name":null},{"time":0.2333,"name":"Pang005"},{"time":0.2667,"name":null}]},"Pang5":{"attachment":[{"name":null},{"time":0.4333,"name":"Pang005"},{"time":0.4667,"name":null}]},"Pang006":{"attachment":[{"name":null},{"time":0.2667,"name":"Pang006"},{"time":0.3,"name":null}]},"Pang6":{"attachment":[{"name":null},{"time":0.4667,"name":"Pang006"},{"time":0.5,"name":null}]},"Pang007":{"attachment":[{"name":null},{"time":0.3,"name":"Pang007"},{"time":0.3333,"name":null}]},"Pang7":{"attachment":[{"name":null},{"time":0.5,"name":"Pang007"},{"time":0.5333,"name":null}]},"Pang008":{"attachment":[{"name":null},{"time":0.3333,"name":"Pang008"},{"time":0.3667,"name":null}]},"Pang8":{"attachment":[{"name":null},{"time":0.5333,"name":"Pang008"},{"time":0.5667,"name":null}]},"Pang009":{"attachment":[{"name":null},{"time":0.3667,"name":"Pang009"},{"time":0.4,"name":null}]},"Pang9":{"attachment":[{"name":null},{"time":0.5667,"name":"Pang009"},{"time":0.6,"name":null}]},"Pang010":{"attachment":[{"name":null},{"time":0.4,"name":"Pang010"},{"time":0.4333,"name":null}]},"Pang10":{"attachment":[{"name":null},{"time":0.6,"name":"Pang010"},{"time":0.6333,"name":null}]},"Pang011":{"attachment":[{"name":null},{"time":0.4333,"name":"Pang011"},{"time":0.4667,"name":null}]},"Pang11":{"attachment":[{"name":null},{"time":0.6333,"name":"Pang011"},{"time":0.6667,"name":null}]},"Pang012":{"attachment":[{"name":null},{"time":0.4667,"name":"Pang012"},{"time":0.5,"name":null}]},"Pang12":{"attachment":[{"name":null},{"time":0.6667,"name":"Pang012"},{"time":0.7,"name":null}]},"Pang013":{"attachment":[{"name":null},{"time":0.5,"name":"Pang013"},{"time":0.5333,"name":null}]},"Pang13":{"attachment":[{"name":null},{"time":0.7,"name":"Pang013"},{"time":0.7333,"name":null}]},"Pang014":{"attachment":[{"name":null},{"time":0.5333,"name":"Pang014"},{"time":0.5667,"name":null}]},"Pang14":{"attachment":[{"name":null},{"time":0.7333,"name":"Pang014"},{"time":0.7667,"name":null}]},"Pang015":{"attachment":[{"name":null},{"time":0.5667,"name":"Pang015"},{"time":0.6,"name":null}]},"Pang15":{"attachment":[{"name":null},{"time":0.7667,"name":"Pang015"},{"time":0.8,"name":null}]},"Pang016":{"attachment":[{"name":null},{"time":0.6,"name":"Pang016"},{"time":0.6333,"name":null}]},"Pang16":{"attachment":[{"name":null},{"time":0.8,"name":"Pang016"},{"time":0.8333,"name":null}]},"Pang017":{"attachment":[{"name":null},{"time":0.6333,"name":"Pang017"},{"time":0.6667,"name":null}]},"Pang17":{"attachment":[{"name":null},{"time":0.8333,"name":"Pang017"},{"time":0.8667,"name":null}]},"Pang018":{"attachment":[{"name":null},{"time":0.6667,"name":"Pang018"},{"time":0.7,"name":null}]},"Pang18":{"attachment":[{"name":null},{"time":0.8667,"name":"Pang018"},{"time":0.9,"name":null}]},"Pang019":{"attachment":[{"name":null},{"time":0.7,"name":"Pang019"},{"time":0.7333,"name":null}]},"Pang19":{"attachment":[{"name":null},{"time":0.9,"name":"Pang019"},{"time":0.9333,"name":null}]},"Pang020":{"attachment":[{"name":null},{"time":0.7333,"name":"Pang020"},{"time":0.7667,"name":null}]},"Pang20":{"attachment":[{"name":null},{"time":0.9333,"name":"Pang020"},{"time":0.9667,"name":null}]},"Pang021":{"attachment":[{"name":null},{"time":0.7667,"name":"Pang021"},{"time":0.8,"name":null}]},"Pang21":{"attachment":[{"name":null},{"time":0.9667,"name":"Pang021"},{"time":1,"name":null}]},"Pang022":{"color":[{"time":0.8,"color":"ffffffff"},{"time":0.9,"color":"ffffff00"}],"attachment":[{"name":null},{"time":0.8,"name":"Pang022"},{"time":1.1667,"name":null}]},"Pang22":{"color":[{"time":1,"color":"ffffffff","curve":0.25,"c3":0.75},{"time":1.1,"color":"ffffff00"}],"attachment":[{"name":null},{"time":1,"name":"Pang022"},{"time":1.1667,"name":null}]},"Particle":{"color":[{"color":"ffffff00","curve":"stepped"},{"time":0.3333,"color":"ffffff00"},{"time":0.4333,"color":"ffffffff","curve":"stepped"},{"time":0.9667,"color":"ffffffff"},{"time":1.1667,"color":"ffffff00"}]},"Particle2":{"color":[{"color":"ffffff00","curve":"stepped"},{"time":0.5667,"color":"ffffff00"},{"time":0.6667,"color":"ffffffff","curve":"stepped"},{"time":0.9667,"color":"ffffffff"},{"time":1.1667,"color":"ffffff00"}]}},"bones":{"Num":{"translate":[{"time":1},{"time":1.1667,"x":-89.64}],"scale":[{"x":0.3,"y":0.3,"curve":0.25,"c3":0.783,"c4":0.11},{"time":0.2,"curve":"stepped"},{"time":1,"curve":0.385,"c2":0.28,"c3":0.725,"c4":0.61},{"time":1.1667,"x":4,"y":4}]},"Backlight2":{"rotate":[{"time":0.1667},{"time":1.1667,"angle":47.87}],"scale":[{"x":0.348,"y":0.348,"curve":"stepped"},{"time":0.1667,"x":0.348,"y":0.348,"curve":0.344,"c2":0.46,"c3":0.471},{"time":0.6667}]},"Backlight":{"rotate":[{"time":0.1667},{"time":1.1667,"angle":-53.15}],"scale":[{"x":0.3,"y":0.3,"curve":"stepped"},{"time":0.1667,"x":0.3,"y":0.3,"curve":0.344,"c2":0.46,"c3":0.471},{"time":0.6667}]},"Bg":{"scale":[{"x":0.15,"y":0.15},{"time":0.5},{"time":1.1667,"x":1.1,"y":1.1}]},"particle":{"rotate":[{"time":0.3333},{"time":1.1667,"angle":10.28}],"scale":[{},{"time":0.3333,"x":0.5,"y":0.5},{"time":1.1667}]},"Gwang":{"translate":[{"time":1},{"time":1.1667,"x":82.17}],"scale":[{"x":0.3,"y":0.3,"curve":"stepped"},{"time":0.1333,"x":0.3,"y":0.3,"curve":0.25,"c3":0.783,"c4":0.11},{"time":0.3333,"curve":"stepped"},{"time":1},{"time":1.1667,"x":4,"y":4}]},"particle2":{"rotate":[{"time":0.5667},{"time":1.1667,"angle":34.22}],"scale":[{},{"time":0.5667,"x":0.5,"y":0.5},{"time":1.1667}]}}},"Bikwang":{"slots":{"3":{"attachment":[{"name":null}]},"4":{"attachment":[{"name":null}]},"5":{"attachment":[{"name":null}]},"BG":{"color":[{"color":"efff0000","curve":"stepped"},{"time":0.2333,"color":"efff0000"},{"time":0.4,"color":"efff00ff","curve":"stepped"},{"time":1,"color":"efff00ff"},{"time":1.1667,"color":"efff0000"}]},"BG2":{"color":[{"color":"aeff0000","curve":"stepped"},{"time":0.2333,"color":"aeff0000"},{"time":0.4,"color":"aeff00ff","curve":"stepped"},{"time":1,"color":"aeff00ff"},{"time":1.1667,"color":"aeff0000"}]},"Bi":{"color":[{"color":"ffffff00","curve":0.25,"c3":0.783,"c4":0.11},{"time":0.2333,"color":"ffffffff","curve":"stepped"},{"time":1,"color":"ffffffff"},{"time":1.1667,"color":"ffffff00"}]},"Gwang":{"color":[{"color":"ffffff00","curve":"stepped"},{"time":0.1333,"color":"ffffff00","curve":0.25,"c3":0.783,"c4":0.11},{"time":0.3333,"color":"ffffffff","curve":"stepped"},{"time":1,"color":"ffffffff"},{"time":1.1667,"color":"ffffff00"}]},"Light":{"color":[{"color":"ffffff00","curve":"stepped"},{"time":0.1667,"color":"ffffff00","curve":0.344,"c2":0.46,"c3":0.471},{"time":0.5,"color":"ffffffff","curve":"stepped"},{"time":0.9667,"color":"ffffffff"},{"time":1.1667,"color":"ffffff00"}]},"Light2":{"color":[{"color":"ffffff00","curve":"stepped"},{"time":0.1667,"color":"ffffff00","curve":0.344,"c2":0.46,"c3":0.471},{"time":0.5,"color":"ffffff6a","curve":"stepped"},{"time":0.9667,"color":"ffffff6a"},{"time":1.1667,"color":"ffffff00"}]},"Pang001":{"attachment":[{"name":null}]},"Pang1":{"attachment":[{"name":null}]},"Pang002":{"attachment":[{"name":null}]},"Pang2":{"attachment":[{"name":null}]},"Pang003":{"attachment":[{"name":null}]},"Pang3":{"attachment":[{"name":null}]},"Pang004":{"attachment":[{"name":null}]},"Pang4":{"attachment":[{"name":null}]},"Pang005":{"attachment":[{"name":null}]},"Pang5":{"attachment":[{"name":null}]},"Pang006":{"attachment":[{"name":null}]},"Pang6":{"attachment":[{"name":null}]},"Pang007":{"attachment":[{"name":null}]},"Pang7":{"attachment":[{"name":null}]},"Pang008":{"attachment":[{"name":null}]},"Pang8":{"attachment":[{"name":null}]},"Pang009":{"attachment":[{"name":null}]},"Pang9":{"attachment":[{"name":null}]},"Pang010":{"attachment":[{"name":null}]},"Pang10":{"attachment":[{"name":null}]},"Pang011":{"attachment":[{"name":null}]},"Pang11":{"attachment":[{"name":null}]},"Pang012":{"attachment":[{"name":null}]},"Pang12":{"attachment":[{"name":null}]},"Pang013":{"attachment":[{"name":null}]},"Pang13":{"attachment":[{"name":null}]},"Pang014":{"attachment":[{"name":null}]},"Pang14":{"attachment":[{"name":null}]},"Pang015":{"attachment":[{"name":null}]},"Pang15":{"attachment":[{"name":null}]},"Pang016":{"attachment":[{"name":null}]},"Pang16":{"attachment":[{"name":null}]},"Pang017":{"attachment":[{"name":null}]},"Pang17":{"attachment":[{"name":null}]},"Pang018":{"attachment":[{"name":null}]},"Pang18":{"attachment":[{"name":null}]},"Pang019":{"attachment":[{"name":null}]},"Pang19":{"attachment":[{"name":null}]},"Pang020":{"attachment":[{"name":null}]},"Pang20":{"attachment":[{"name":null}]},"Pang021":{"attachment":[{"name":null}]},"Pang21":{"attachment":[{"name":null}]},"Pang022":{"attachment":[{"name":null}]},"Pang22":{"attachment":[{"name":null}]},"Particle":{"color":[{"color":"ffffff00","curve":"stepped"},{"time":0.3333,"color":"ffffff00"},{"time":0.4333,"color":"ffffffff","curve":"stepped"},{"time":0.8333,"color":"ffffffff"},{"time":1.0333,"color":"ffffff00"}]},"Particle2":{"color":[{"color":"ffffff00","curve":"stepped"},{"time":0.5667,"color":"ffffff00"},{"time":0.6667,"color":"ffffffff","curve":"stepped"},{"time":0.8333,"color":"ffffffff"},{"time":1.0333,"color":"ffffff00"}]}},"bones":{"Num":{"translate":[{"time":1},{"time":1.1667,"x":-89.64}],"scale":[{"x":0.3,"y":0.3,"curve":0.25,"c3":0.783,"c4":0.11},{"time":0.2,"curve":"stepped"},{"time":1,"curve":0.385,"c2":0.28,"c3":0.725,"c4":0.61},{"time":1.1667,"x":4,"y":4}]},"Backlight2":{"rotate":[{"time":0.1667},{"time":1.1667,"angle":47.87}],"scale":[{"x":0.348,"y":0.348,"curve":"stepped"},{"time":0.1667,"x":0.348,"y":0.348,"curve":0.344,"c2":0.46,"c3":0.471},{"time":0.6667}]},"Backlight":{"rotate":[{"time":0.1667},{"time":1.1667,"angle":-53.15}],"scale":[{"x":0.3,"y":0.3,"curve":"stepped"},{"time":0.1667,"x":0.3,"y":0.3,"curve":0.344,"c2":0.46,"c3":0.471},{"time":0.6667}]},"Bg":{"scale":[{"x":0.15,"y":0.15},{"time":0.5},{"time":1.1667,"x":1.1,"y":1.1}]},"particle":{"rotate":[{"time":0.2667},{"time":1.0333,"angle":10.28}],"scale":[{},{"time":0.2667,"x":0.5,"y":0.5},{"time":1.0333}]},"Gwang":{"translate":[{"time":1},{"time":1.1667,"x":82.17}],"scale":[{"x":0.3,"y":0.3,"curve":"stepped"},{"time":0.1333,"x":0.3,"y":0.3,"curve":0.25,"c3":0.783,"c4":0.11},{"time":0.3333,"curve":"stepped"},{"time":1},{"time":1.1667,"x":4,"y":4}]},"particle2":{"rotate":[{"time":0.5667},{"time":1.0333,"angle":34.22}],"scale":[{},{"time":0.5667,"x":0.5,"y":0.5},{"time":1.0333}]}}}}}