{"skeleton":{"hash":"QBxF0lNsb7/xmlAROm7TmFlCJhg","spine":"3.8.99","x":-88.84,"y":-80.32,"width":189.26,"height":177.63,"images":"./img/","audio":"C:/Users/user/Desktop/Work/맞고/2차/Spine_Dev/Effect/jjok"},"bones":[{"name":"root"},{"name":"Letter","parent":"root"},{"name":"lip","parent":"root","x":-33.42,"y":77.33},{"name":"heart","parent":"root","x":73.36,"y":31.42},{"name":"lip2","parent":"root","rotation":-59.06,"x":70.37,"y":-45.93},{"name":"heart2","parent":"root","rotation":52.12,"x":-65.86,"y":38.9,"scaleX":0.8105,"scaleY":0.8105},{"name":"heart3","parent":"root","rotation":90.3,"x":-79.33,"y":-8,"scaleX":0.5289,"scaleY":0.5289},{"name":"heart4","parent":"root","rotation":98.61,"x":-61.37,"y":-45.43,"scaleX":0.5289,"scaleY":0.5289},{"name":"heart5","parent":"root","rotation":-32.39,"x":63.38,"y":-16.98,"scaleX":0.5289,"scaleY":0.5289},{"name":"heart6","parent":"root","rotation":46.28,"x":40.43,"y":64.85,"scaleX":0.5289,"scaleY":0.5289}],"slots":[{"name":"jjok","bone":"Letter","attachment":"jjok"},{"name":"Heart","bone":"heart","attachment":"Heart"},{"name":"Heart2","bone":"heart2","attachment":"Heart"},{"name":"Heart3","bone":"heart3","attachment":"Heart"},{"name":"Heart4","bone":"heart4","attachment":"Heart"},{"name":"Heart5","bone":"heart5","attachment":"Heart"},{"name":"Heart6","bone":"heart6","attachment":"Heart"},{"name":"Lip","bone":"lip","attachment":"Lip"},{"name":"Lip2","bone":"lip2","attachment":"Lip"}],"skins":[{"name":"default","attachments":{"Heart":{"Heart":{"x":1.31,"y":0.89,"width":36,"height":34}},"Heart2":{"Heart":{"x":1.31,"y":0.89,"width":36,"height":34}},"Heart3":{"Heart":{"x":1.31,"y":0.89,"width":36,"height":34}},"Heart4":{"Heart":{"x":1.31,"y":0.89,"width":36,"height":34}},"Heart5":{"Heart":{"x":1.31,"y":0.89,"width":36,"height":34}},"Heart6":{"Heart":{"x":1.31,"y":0.89,"width":36,"height":34}},"Lip":{"Lip":{"x":1.6,"y":-2.52,"width":47,"height":45}},"Lip2":{"Lip":{"x":1.6,"y":-2.52,"width":47,"height":45}},"jjok":{"jjok":{"x":-0.32,"y":-8.69,"width":106,"height":126}}}}],"animations":{"animation":{"slots":{"Heart":{"color":[{"color":"ffffff00","curve":"stepped"},{"time":0.2333,"color":"ffffff00"},{"time":0.3333,"color":"ffffffff","curve":"stepped"},{"time":0.8667,"color":"ffffffff"},{"time":1,"color":"ffffff00"}]},"Heart2":{"color":[{"color":"ffffff00","curve":"stepped"},{"time":0.2333,"color":"ffffff00"},{"time":0.3333,"color":"ffffffff","curve":"stepped"},{"time":0.8667,"color":"ffffffff"},{"time":1,"color":"ffffff00"}]},"Heart3":{"color":[{"color":"ffffff00","curve":"stepped"},{"time":0.2333,"color":"ffffff00"},{"time":0.3333,"color":"ffffffff","curve":"stepped"},{"time":0.8667,"color":"ffffffff"},{"time":1,"color":"ffffff00"}]},"Heart4":{"color":[{"color":"ffffff00","curve":"stepped"},{"time":0.2333,"color":"ffffff00"},{"time":0.3333,"color":"ffffffff","curve":"stepped"},{"time":0.8667,"color":"ffffffff"},{"time":1,"color":"ffffff00"}]},"Heart5":{"color":[{"color":"ffffff00","curve":"stepped"},{"time":0.2333,"color":"ffffff00"},{"time":0.3333,"color":"ffffffff","curve":"stepped"},{"time":0.8667,"color":"ffffffff"},{"time":1,"color":"ffffff00"}]},"Heart6":{"color":[{"color":"ffffff00","curve":"stepped"},{"time":0.2333,"color":"ffffff00"},{"time":0.3333,"color":"ffffffff","curve":"stepped"},{"time":0.8667,"color":"ffffffff"},{"time":1,"color":"ffffff00"}]},"Lip":{"color":[{"color":"ffffff00","curve":"stepped"},{"time":0.5,"color":"ffffff00"},{"time":0.6333,"color":"ffffffff","curve":"stepped"},{"time":0.7667,"color":"ffffffff"},{"time":1,"color":"ffffff00"}]},"Lip2":{"color":[{"color":"ffffff00","curve":"stepped"},{"time":0.3,"color":"ffffff00"},{"time":0.4667,"color":"ffffffff","curve":"stepped"},{"time":0.8333,"color":"ffffffff"},{"time":1,"color":"ffffff00"}]},"jjok":{"color":[{"time":0.8667,"color":"ffffffff"},{"time":1,"color":"ffffff00"}]}},"bones":{"Letter":{"scale":[{"x":0.3,"y":0.3,"curve":0.25,"c4":0},{"time":0.3333,"x":0.969,"y":1.5,"curve":0.25,"c3":0.75},{"time":0.4667}]},"lip":{"translate":[{"x":34.42,"y":-76.33},{"time":0.5,"curve":0.25,"c3":0.75},{"time":0.8667,"x":-10.48,"y":11.98}],"scale":[{"x":0.3,"y":0.3},{"time":0.5,"x":0.164,"y":0.3,"curve":0.25,"c3":0.75},{"time":0.6667,"x":1.916,"y":0.738,"curve":0.25,"c3":0.75},{"time":0.7667}]},"heart":{"translate":[{"x":-73.36,"y":-31.42,"curve":"stepped"},{"time":0.2333,"x":-73.36,"y":-31.42},{"time":0.3333},{"time":0.8667,"x":4.99,"y":6.49}],"scale":[{"x":0.3,"y":0.3,"curve":"stepped"},{"time":0.2333,"x":0.3,"y":0.3},{"time":0.3,"x":0.527,"y":0.372},{"time":0.4,"x":0.83},{"time":0.4667,"x":1.238},{"time":0.8667}]},"lip2":{"translate":[{"curve":0.25,"c3":0.75},{"time":1,"x":9.48,"y":-7.49}],"scale":[{"x":0.3,"y":0.3},{"time":0.3667,"x":0.182,"y":0.3,"curve":0.25,"c3":0.75},{"time":0.6,"x":1.533,"y":0.844,"curve":0.25,"c3":0.75},{"time":0.6667}]},"heart2":{"translate":[{"x":65.86,"y":-38.9,"curve":"stepped"},{"time":0.2333,"x":65.86,"y":-38.9},{"time":0.3333},{"time":0.8667,"x":-7.48,"y":5.99}],"scale":[{"x":0.3,"y":0.3,"curve":"stepped"},{"time":0.2333,"x":0.3,"y":0.3},{"time":0.3,"x":0.717,"y":0.427},{"time":0.3667,"x":0.712},{"time":0.4333,"x":1.418},{"time":0.8667}]},"heart3":{"translate":[{"x":79.33,"y":8,"curve":"stepped"},{"time":0.2333,"x":79.33,"y":8},{"time":0.3333},{"time":0.8667,"x":-10.48,"y":2.49}],"scale":[{"x":0.3,"y":0.3,"curve":"stepped"},{"time":0.2333,"x":0.3,"y":0.3},{"time":0.3,"x":0.386,"y":0.58},{"time":0.8667}]},"heart4":{"translate":[{"x":61.37,"y":45.43,"curve":"stepped"},{"time":0.2333,"x":61.37,"y":45.43},{"time":0.3333,"curve":0.869,"c2":0.39,"c3":0.807,"c4":0.73},{"time":0.8667,"x":-6.49,"y":-3.49}],"scale":[{"x":0.3,"y":0.3,"curve":"stepped"},{"time":0.2333,"x":0.3,"y":0.3},{"time":0.4333}]},"heart5":{"translate":[{"x":-63.38,"y":16.98,"curve":"stepped"},{"time":0.2333,"x":-63.38,"y":16.98},{"time":0.3333},{"time":0.8667,"x":4.99,"y":6.49}],"scale":[{"x":0.3,"y":0.3,"curve":"stepped"},{"time":0.2333,"x":0.3,"y":0.3},{"time":0.3,"x":0.386,"y":0.58},{"time":0.8667}]},"heart6":{"translate":[{"x":-40.43,"y":-64.85,"curve":"stepped"},{"time":0.2333,"x":-40.43,"y":-64.85},{"time":0.3333},{"time":0.8667,"x":4.99,"y":6.49}],"scale":[{"x":0.3,"y":0.3,"curve":"stepped"},{"time":0.2333,"x":0.3,"y":0.3},{"time":0.3,"x":0.386,"y":0.58},{"time":0.8667}]}}}}}