{"skeleton":{"hash":"gukO0pu29wWqRMiXBx/4/6C+7PE","spine":"3.8.99","x":-66.4,"y":-1.24,"width":119,"height":100.54,"images":"./img/","audio":""},"bones":[{"name":"root"},{"name":"Tiny","parent":"root","x":0.31,"y":154.65,"color":"00ffb0ff"},{"name":"Body","parent":"Tiny","length":77.86,"rotation":90.25,"x":0.34,"y":-138.57,"color":"00ffb0ff"},{"name":"Body3","parent":"Body","length":4.33,"rotation":-172.12,"x":45.15,"y":-23.58,"color":"00ffb0ff"},{"name":"Body4","parent":"Body","length":5.68,"rotation":4.38,"x":65.52,"y":15.65,"color":"00ffb0ff"},{"name":"Body5","parent":"Body","length":5.2,"rotation":-178.57,"x":42.57,"y":14.68,"color":"00ffb0ff"},{"name":"WingL","parent":"Body","length":12.24,"rotation":90.46,"x":34.1,"y":38.43,"color":"00ffb0ff"},{"name":"WingL2","parent":"WingL","length":15.75,"rotation":-29.77,"x":11.17,"y":-0.29,"color":"00ffb0ff"},{"name":"WingR","parent":"Body","length":11.05,"rotation":-68.3,"x":38.84,"y":-32.43,"color":"00ffb0ff"},{"name":"WingR2","parent":"WingR","length":13.13,"rotation":27.31,"x":10.4,"y":0.43,"color":"00ffb0ff"},{"name":"Body2","parent":"Body","x":32.88,"y":-2.31,"color":"00ffb0ff"},{"name":"Face","parent":"Body2","x":34.41,"y":-1.91,"color":"00ffb0ff"},{"name":"Mouth","parent":"Face","rotation":-90.25,"x":-8.6,"y":-1.52},{"name":"Mouth_angry","parent":"Mouth","length":11.36,"rotation":-45.55,"x":-2.75,"y":-11.32},{"name":"Mouth_Wide","parent":"Mouth","length":12.11,"rotation":63.76,"y":-12.7},{"name":"Mouth_Wide2","parent":"Mouth","length":11.81,"rotation":-71.1,"x":-0.31,"y":-12.85},{"name":"Leg L","parent":"Body","length":11.5,"rotation":-153.35,"x":2.29,"y":5.22,"color":"ebff93ff"},{"name":"Leg2","parent":"Leg L","length":3.7,"rotation":-119.63,"x":10.87,"y":-0.06,"color":"ebff93ff"},{"name":"Leg3","parent":"Leg2","length":4.25,"rotation":68.28,"x":3.53,"y":-0.18,"color":"ebff93ff"},{"name":"Leg4","parent":"Leg3","length":4.09,"rotation":43.27,"x":4.22,"y":0.08,"color":"ebff93ff"},{"name":"Leg5","parent":"Leg4","length":4.31,"rotation":70.01,"x":3.7,"y":0.23,"color":"ebff93ff"},{"name":"Leg6","parent":"Leg L","length":3.42,"rotation":97.6,"x":11.19,"y":-0.22,"color":"ebff93ff"},{"name":"Leg7","parent":"Leg6","length":2.73,"rotation":-49.44,"x":3.37,"y":-0.07,"color":"ebff93ff"},{"name":"Leg8","parent":"Leg7","length":2.48,"rotation":-47.59,"x":2.67,"y":-0.11,"color":"ebff93ff"},{"name":"Leg9","parent":"Leg8","length":2.05,"rotation":-52.94,"x":2.48,"y":-0.2,"color":"ebff93ff"},{"name":"Leg10","parent":"Leg9","length":2.99,"rotation":-2.61,"x":1.89,"y":-0.08,"color":"ebff93ff"},{"name":"Leg11","parent":"Leg L","length":4.26,"rotation":101.38,"x":10.6,"y":0.18,"color":"ebff93ff"},{"name":"Leg12","parent":"Leg11","length":3.26,"rotation":-19.37,"x":4.28,"y":-0.12,"color":"ebff93ff"},{"name":"Leg13","parent":"Leg12","length":3.08,"rotation":-55.79,"x":3.42,"y":-0.06,"color":"ebff93ff"},{"name":"Leg14","parent":"Leg13","length":4.22,"rotation":-51.94,"x":3.06,"y":-0.12,"color":"ebff93ff"},{"name":"EyeLid","parent":"Body2","length":5.56,"rotation":3.83,"x":21.82,"y":18.28,"color":"00ffb0ff"},{"name":"Eye","parent":"Face","x":-0.27,"y":64.59,"color":"00ffb0ff"},{"name":"Pupil","parent":"Eye","length":7.63,"rotation":-167.32,"x":-14.53,"y":-47.37,"transform":"onlyTranslation","color":"00ffb0ff"},{"name":"Pupil2","parent":"Pupil","length":20.65,"rotation":-179.06,"x":0.26,"y":0.32,"transform":"onlyTranslation","color":"00ffb0ff"},{"name":"target2","parent":"root","x":-29.9,"y":65.82,"transform":"onlyTranslation","color":"ff3f00ff"},{"name":"Pupil3","parent":"Pupil2","rotation":-173.27,"x":21.2,"y":0.08,"transform":"onlyTranslation","color":"00ffb0ff"},{"name":"Eye_Disturbed","parent":"Eye","x":-18.98,"y":-45.02,"color":"00ffb0ff"},{"name":"Eye_Angry","parent":"Eye","length":13.03,"rotation":42.23,"x":-10.55,"y":-57.63,"color":"00ffb0ff"},{"name":"Eye_Angry2","parent":"Eye","length":13.03,"rotation":-40.78,"x":-10.79,"y":-72.34,"scaleX":0.8285,"shearY":-180,"color":"00ffb0ff"},{"name":"EyeLid3","parent":"Body2","length":5.56,"rotation":3.83,"x":21.96,"y":-19.68,"scaleY":0.6956,"color":"00ffb0ff"},{"name":"Body6","parent":"Body","length":5.68,"rotation":4.38,"x":65.36,"y":-22.31,"scaleY":0.6956,"color":"00ffb0ff"},{"name":"Pupil4","parent":"Eye","length":5.65,"rotation":179.91,"x":-14.87,"y":-81.93,"transform":"noRotationOrReflection","color":"00ffb0ff"},{"name":"Pupil5","parent":"Pupil4","length":11.96,"rotation":-166.28,"x":0.31,"transform":"onlyTranslation","color":"00ffb0ff"},{"name":"Pupil6","parent":"Pupil5","rotation":-177.95,"x":11.3,"y":0.04,"transform":"noRotationOrReflection","color":"00ffb0ff"},{"name":"target3","parent":"root","x":8.49,"y":61.78,"transform":"onlyTranslation","color":"ff3f00ff"},{"name":"Mouth_Close","parent":"Mouth","length":11.82,"rotation":-56.04,"y":-10.65},{"name":"Mouth_Open","parent":"Mouth","length":14.29,"rotation":-76.64,"x":-0.5,"y":-10.55},{"name":"Leg R","parent":"Body","length":11.5,"rotation":-153.35,"x":5.44,"y":-15.21,"color":"ebff93ff"},{"name":"Leg15","parent":"Leg R","length":3.7,"rotation":-119.63,"x":10.87,"y":-0.06,"color":"ebff93ff"},{"name":"Leg16","parent":"Leg15","length":4.25,"rotation":68.28,"x":3.53,"y":-0.18,"color":"ebff93ff"},{"name":"Leg17","parent":"Leg16","length":4.09,"rotation":43.27,"x":4.22,"y":0.08,"color":"ebff93ff"},{"name":"Leg18","parent":"Leg17","length":4.31,"rotation":70.01,"x":3.7,"y":0.23,"color":"ebff93ff"},{"name":"Leg19","parent":"Leg R","length":3.42,"rotation":97.6,"x":11.19,"y":-0.22,"color":"ebff93ff"},{"name":"Leg20","parent":"Leg19","length":2.73,"rotation":-49.44,"x":3.37,"y":-0.07,"color":"ebff93ff"},{"name":"Leg21","parent":"Leg20","length":2.48,"rotation":-47.59,"x":2.67,"y":-0.11,"color":"ebff93ff"},{"name":"Leg22","parent":"Leg21","length":2.05,"rotation":-52.94,"x":2.48,"y":-0.2,"color":"ebff93ff"},{"name":"Leg23","parent":"Leg22","length":2.99,"rotation":-2.61,"x":1.89,"y":-0.08,"color":"ebff93ff"},{"name":"Leg24","parent":"Leg R","length":4.26,"rotation":101.38,"x":10.6,"y":0.18,"color":"ebff93ff"},{"name":"Leg25","parent":"Leg24","length":3.26,"rotation":-19.37,"x":4.28,"y":-0.12,"color":"ebff93ff"},{"name":"Leg26","parent":"Leg25","length":3.08,"rotation":-55.79,"x":3.42,"y":-0.06,"color":"ebff93ff"},{"name":"Leg27","parent":"Leg26","length":4.22,"rotation":-51.94,"x":3.06,"y":-0.12,"color":"ebff93ff"},{"name":"FxBone_Light","parent":"root"},{"name":"FxBone_Paper","parent":"root"},{"name":"Eye_Disturbed2","parent":"Eye_Disturbed","x":6.44,"y":0.47,"color":"00ffb0ff"},{"name":"Eye_Disturbed3","parent":"Eye_Disturbed","x":6.45,"y":-37.95,"color":"00ffb0ff"},{"name":"ControlInv","parent":"Body","x":46.01,"y":76.52,"color":"00ffb0ff"},{"name":"Control","parent":"Body","x":52.89,"y":-67.39,"color":"00ffb0ff"},{"name":"Mouth_angry2","parent":"Mouth_angry","length":5.99,"rotation":101.33,"x":10.33,"y":-2.31}],"slots":[{"name":"Tiny_Wing_R","bone":"root","attachment":"Tiny_Wing_R"},{"name":"Tiny_Eyeball","bone":"Body","attachment":"Tiny_Eyeball"},{"name":"Tiny_Eyeball2","bone":"Body","attachment":"Tiny_Eyeball"},{"name":"Tiny_Eye_Normal","bone":"Pupil3","attachment":"Tiny_Eye_Normal"},{"name":"Tiny_Eye_Normal2","bone":"Pupil6","attachment":"Tiny_Eye_Normal"},{"name":"Tiny_EyeLight","bone":"root","attachment":"Tiny_EyeLight"},{"name":"Tiny_EyeLight2","bone":"root","attachment":"Tiny_EyeLight"},{"name":"Tiny_Leg5","bone":"Leg R","attachment":"Tiny_Leg1"},{"name":"Tiny_Leg6","bone":"Leg15","attachment":"Tiny_Leg2"},{"name":"Tiny_Leg7","bone":"Leg19","attachment":"Tiny_Leg3"},{"name":"Tiny_Leg8","bone":"Leg24","attachment":"Tiny_Leg4"},{"name":"Tiny_body","bone":"Body2","attachment":"Tiny_body"},{"name":"Tiny_Mouth","bone":"Mouth_Close","attachment":"Tiny_Mouth"},{"name":"Tiny_Wing_L","bone":"WingL","attachment":"Tiny_Wing_L"},{"name":"Tiny_Leg1","bone":"Leg L","attachment":"Tiny_Leg1"},{"name":"Tiny_Leg2","bone":"Leg2","attachment":"Tiny_Leg2"},{"name":"Tiny_Leg3","bone":"Leg6","attachment":"Tiny_Leg3"},{"name":"Tiny_Leg4","bone":"Leg11","attachment":"Tiny_Leg4"}],"ik":[{"name":"target","bones":["Pupil2"],"target":"target2","compress":true},{"name":"target2","order":1,"bones":["Pupil5"],"target":"target3","compress":true}],"transform":[{"name":"Control","order":2,"bones":["ControlInv"],"target":"Control","x":-6.88,"y":143.91,"rotateMix":0,"translateMix":-1,"scaleMix":0,"shearMix":0}],"skins":[{"name":"default","attachments":{"Tiny_EyeLight":{"Tiny_EyeLight":{"type":"mesh","uvs":[1,1,0,1,0,0,1,0],"triangles":[1,3,0,1,2,3],"vertices":[2,32,4.43,-2.28,0.568,35,-16.57,-1.72,0.432,2,32,11.26,-3.82,0.568,35,-9.57,-1.76,0.432,2,32,9.29,-12.6,0.568,35,-9.62,-10.76,0.432,2,32,2.46,-11.06,0.568,35,-16.62,-10.72,0.432],"hull":4,"edges":[0,2,2,4,4,6,0,6],"width":7,"height":9}},"Tiny_EyeLight2":{"Tiny_EyeLight":{"type":"mesh","uvs":[1,1,0,1,0,0,1,0],"triangles":[1,3,0,1,2,3],"vertices":[2,41,1.49,-1.75,0.648,43,-15.17,-2.46,0.352,2,41,7.43,-1.47,0.648,43,-9.29,-1.08,0.352,2,41,7.79,-9.11,0.648,43,-7.51,-8.65,0.352,2,41,1.85,-9.39,0.648,43,-13.4,-10.03,0.352],"hull":4,"edges":[0,2,2,4,4,6,0,6],"width":7,"height":9}},"Tiny_Eye_Normal":{"Tiny_Eye_Normal":{"x":-11.29,"y":-2.73,"rotation":170.95,"width":27,"height":27}},"Tiny_Eye_Normal2":{"Tiny_Eye_Normal":{"x":-5.23,"y":-4.61,"scaleX":0.714,"scaleY":0.714,"rotation":170.95,"width":27,"height":27}},"Tiny_Eyeball":{"Tiny_Eyeball":{"type":"mesh","uvs":[0.8728,0.18535,1,0.43068,1,0.66535,0.86242,0.85201,0.62891,1,0.36426,1,0.14689,0.87377,0.02076,0.67601,0.01038,0.41468,0.13594,0.15335,0.36945,0,0.68599,0],"triangles":[3,4,0,0,4,5,0,5,6,10,0,9,0,6,8,9,0,8,2,3,1,0,10,11,6,7,8,3,0,1],"vertices":[2,2,65.02,2.48,0.824,66,12.13,69.87,0.176,2,2,56.17,-2.19,0.824,66,3.28,65.2,0.176,2,2,47.72,-2.15,0.824,66,-5.17,65.24,0.176,2,2,41.03,2.97,0.824,66,-11.87,70.36,0.176,2,2,35.74,11.63,0.824,66,-17.16,79.02,0.176,2,2,35.78,21.42,0.824,66,-17.11,88.81,0.176,2,2,40.36,29.44,0.824,66,-12.53,96.84,0.176,2,2,47.5,34.08,0.824,66,-5.39,101.47,0.176,2,2,56.91,34.42,0.824,66,4.01,101.81,0.176,2,2,66.3,29.74,0.824,66,13.4,97.13,0.176,2,2,71.78,21.07,0.824,66,18.88,88.46,0.176,2,2,71.73,9.36,0.824,66,18.83,76.75,0.176],"hull":12,"edges":[14,16,16,18,18,20,20,22,22,0,0,2,2,4,4,6,8,10,6,8,10,12,12,14],"width":35,"height":35}},"Tiny_Eyeball2":{"Tiny_Eyeball":{"type":"mesh","uvs":[0.8937,0.132,1,0.41467,1,0.63867,0.87275,0.884,0.6144,1,0.34907,1,0.11865,0.84667,0,0.548,0,0.37734,0.15356,0.116,0.377,0,0.60044,0],"triangles":[7,8,9,1,11,0,10,6,7,5,11,4,2,3,1,9,10,7,11,5,6,11,6,10,4,11,1,3,4,1],"vertices":[2,2,66.79,-32.28,0.896,66,13.9,35.11,0.104,2,2,56.6,-35.16,0.896,66,3.71,32.23,0.104,2,2,48.54,-35.13,0.896,66,-4.36,32.27,0.104,2,2,39.72,-31.59,0.896,66,-13.17,35.8,0.104,2,2,35.58,-24.47,0.896,66,-17.32,42.93,0.104,2,2,35.61,-17.17,0.896,66,-17.28,50.22,0.104,2,2,41.16,-10.86,0.896,66,-11.74,56.53,0.104,2,2,51.92,-7.64,0.896,66,-0.97,59.75,0.104,2,2,58.07,-7.67,0.896,66,5.17,59.72,0.104,2,2,67.46,-11.93,0.896,66,14.56,55.46,0.104,2,2,71.61,-18.1,0.896,66,18.71,49.3,0.104,2,2,71.58,-24.24,0.896,66,18.68,43.15,0.104],"hull":12,"edges":[10,12,12,14,14,16,16,18,18,20,20,22,22,0,0,2,2,4,4,6,8,10,6,8],"width":35,"height":35}},"Tiny_Leg1":{"Tiny_Leg1":{"type":"mesh","uvs":[0.67974,0.49902,1,0.76735,0.75324,1,0.32624,0.71601,0,0.27035,0,0,0.43824,0],"triangles":[4,5,6,4,6,0,3,4,0,3,0,1,2,3,1],"vertices":[1,16,6.76,2.14,1,1,16,11.8,3.17,1,1,16,13.8,-0.61,1,1,16,8.07,-2.49,1,1,16,0.63,-2.37,1,1,16,-2.99,-0.54,1,1,16,-1,3.37,1],"hull":7,"edges":[8,10,8,6,6,4,4,2,2,0,10,12,12,0],"width":10,"height":15}},"Tiny_Leg2":{"Tiny_Leg2":{"type":"mesh","uvs":[0.94431,0.18771,0.8934,0.37348,0.59431,0.34925,0.44158,0.4354,0.43204,0.54578,0.55613,0.59155,0.78204,0.61578,0.82022,0.82847,0.59113,1,0.26659,0.86347,0.09477,0.66424,0.09477,0.38963,0.23159,0.17963,0.55295,0,0.7184,0,0.5784,0.17425,0.34613,0.32232,0.25386,0.60501,0.50522,0.78809],"triangles":[18,4,5,18,6,7,6,18,5,8,18,7,9,18,8,4,17,3,10,11,17,17,4,18,9,17,18,10,17,9,11,12,16,3,16,2,3,17,16,17,11,16,15,13,14,12,13,15,15,14,0,16,12,15,1,2,15,16,15,2,0,1,15],"vertices":[2,17,-2.66,-0.83,0.99222,18,-2.89,5.51,0.00778,1,17,-2.21,1.61,1,3,17,1.09,1.45,0.94648,18,0.61,2.87,0.04256,19,-0.71,4.5,0.01096,4,17,2.72,2.65,0.20031,18,2.33,1.81,0.5041,19,-0.19,2.55,0.27477,20,0.86,4.46,0.02082,4,17,2.75,4.08,0.00654,18,3.68,2.31,0.07323,19,1.13,1.99,0.66232,20,0.78,3.02,0.25791,2,19,2.14,3.09,0.20342,20,2.16,2.45,0.79658,2,19,3.24,5.34,0.00123,20,4.65,2.19,0.99877,1,20,5.12,-0.57,1,2,19,7.29,1.74,0.10393,20,2.65,-2.85,0.89607,2,18,8.19,2.36,5.0E-4,19,4.45,-1.06,0.9995,2,18,6.61,-0.44,0.35517,19,1.39,-2.02,0.64483,2,17,6.55,2.23,0.02835,18,3.36,-1.91,0.97165,2,17,5.18,-0.57,0.95561,18,0.26,-1.67,0.04439,2,17,1.76,-3.07,0.51228,18,-3.33,0.58,0.48772,2,17,-0.06,-3.15,0.74449,18,-4.09,2.24,0.25551,2,17,1.37,-0.82,0.85033,18,-1.39,1.77,0.14967,4,17,3.83,1.23,0.02771,18,1.42,0.24,0.96461,19,-1.92,2.03,0.00763,20,-0.22,5.9,5.0E-5,2,18,5.19,0.84,0.0208,19,1.23,-0.11,0.9792,2,19,4.37,1.74,0.00611,20,1.65,-0.11,0.99389],"hull":15,"edges":[28,0,0,2,2,4,4,6,6,8,8,10,10,12,12,14,14,16,26,28,26,24,24,22,22,20,20,18,18,16],"width":11,"height":13}},"Tiny_Leg3":{"Tiny_Leg3":{"type":"mesh","uvs":[0.86533,0.14093,1,0.56093,0.86852,0.84411,0.64261,1,0.51852,1,0.39124,0.70411,0.56306,0.5832,0.56624,0.4432,0.44534,0.42729,0.24806,0.58956,0,0.37956,0,0.3032,0.25125,0.10275,0.56306,0,0.35943,0.25866,0.70942,0.27456,0.81442,0.55456,0.67761,0.78684],"triangles":[3,17,2,3,4,17,4,5,17,5,6,17,17,6,16,17,16,2,2,16,1,6,7,16,1,16,15,1,15,0,7,15,16,15,7,14,15,13,0,9,14,8,9,10,14,7,8,14,10,11,14,11,12,14,14,13,15,14,12,13],"vertices":[2,21,7.29,-1.44,0.07633,22,3.59,2.1,0.92367,3,22,6.21,-1.99,0.00337,23,3.77,1.35,0.84896,24,-0.45,1.97,0.14767,3,23,5.87,-1.37,0.02303,24,2.98,2,0.77381,25,1,2.12,0.20316,2,24,5.6,0.49,0.00482,25,3.68,0.74,0.99518,1,25,4.33,-0.47,1,1,25,2.11,-3.23,1,5,21,1.8,-3.56,1.0E-4,22,1.63,-3.46,0.03637,23,1.77,-3.03,0.08447,24,1.84,-2.27,0.06915,25,0.05,-2.19,0.80991,5,21,2.7,-2.31,0.07242,22,1.27,-1.96,0.36279,23,0.42,-2.29,0.27884,24,0.43,-2.9,0.10183,25,-1.33,-2.89,0.18411,5,21,1.7,-1.41,0.68542,22,-0.06,-2.14,0.23674,23,-0.34,-3.39,0.04775,24,0.85,-4.17,0.01085,25,-0.85,-4.14,0.01925,1,21,-1.1,-1.66,1,1,21,-2.04,1.79,1,1,21,-1.56,2.49,1,1,21,1.96,2.74,1,2,21,5.43,1.72,0.90061,22,-0.02,2.74,0.09939,1,21,1.97,0.65,1,2,21,5.05,-1.68,0.01355,22,2.31,0.23,0.98645,2,23,2.77,-0.43,0.0554,24,0.37,0.09,0.9446,1,25,1.43,-0.03,1],"hull":14,"edges":[22,24,24,26,26,0,0,2,2,4,4,6,6,8,8,10,10,12,12,14,14,16,16,18,20,22,18,20],"width":11,"height":11}},"Tiny_Leg4":{"Tiny_Leg4":{"type":"mesh","uvs":[0.8824,0.16366,1,0.50729,1,0.56456,0.9624,0.80638,0.8149,1,0.6324,0.78093,0.6699,0.59638,0.6524,0.4182,0.48741,0.41502,0.38741,0.56775,0.26741,0.79047,0,0.52002,0.29991,0.16366,0.61741,0,0.6349,0.23684,0.8349,0.4882,0.8074,0.75229,0.24491,0.45956],"triangles":[15,7,0,15,0,1,15,1,2,6,7,15,16,6,15,16,15,2,5,6,16,3,16,2,4,16,3,5,16,4,14,13,0,12,13,14,8,12,14,7,14,0,8,14,7,17,12,8,17,11,12,9,17,8,10,17,9,11,17,10],"vertices":[1,28,2.07,2.04,1,2,28,5.66,0,0.26035,29,1.5,2.12,0.73965,2,28,6.04,-0.5,0.1545,29,2.13,2.11,0.8455,2,28,7.21,-2.95,4.6E-4,29,4.78,1.53,0.99954,1,29,6.87,-0.58,1,2,27,0.76,-5.91,4.0E-4,29,4.4,-3.09,0.9996,3,27,1.92,-4.16,0.03502,28,2.55,-3.55,0.00954,29,2.39,-2.52,0.95544,3,27,2.32,-2.23,0.41211,28,1.18,-2.13,0.21433,29,0.42,-2.72,0.37356,4,26,3.93,-1.54,0.06796,27,0.15,-1.45,0.92167,28,-0.69,-3.49,0.00333,29,0.34,-5.03,0.00704,2,26,1.79,-1.99,0.88033,27,-1.72,-2.58,0.11967,1,26,-1.04,-2.87,1,1,26,-2.14,1.78,1,1,26,3.59,2.26,1,3,26,8.19,0.92,0.05991,27,3.35,2.28,0.87141,28,-1.97,1.25,0.06869,3,27,2.74,-0.26,0.9091,28,-0.21,-0.68,0.08297,29,-1.58,-2.93,0.00793,2,27,4.49,-3.79,0.00255,29,1.24,-0.18,0.99745,1,29,4.14,-0.63,1,1,26,0.96,0.18,1],"hull":14,"edges":[22,24,24,26,26,0,0,2,2,4,4,6,6,8,8,10,10,12,12,14,14,16,16,18,18,20,20,22],"width":14,"height":11}},"Tiny_Leg5":{"Tiny_Leg1":{"type":"mesh","uvs":[0.67974,0.49902,1,0.76735,0.75324,1,0.32624,0.71601,0,0.27035,0,0,0.43824,0],"triangles":[4,5,6,4,6,0,3,4,0,3,0,1,2,3,1],"vertices":[1,47,6.76,2.14,1,1,47,11.8,3.17,1,1,47,13.8,-0.61,1,1,47,8.07,-2.49,1,1,47,0.63,-2.37,1,1,47,-2.99,-0.54,1,1,47,-1,3.37,1],"hull":7,"edges":[8,10,8,6,6,4,4,2,2,0,10,12,12,0],"width":10,"height":15}},"Tiny_Leg6":{"Tiny_Leg2":{"type":"mesh","uvs":[0.94431,0.18771,0.8934,0.37348,0.59431,0.34925,0.44158,0.4354,0.43204,0.54578,0.55613,0.59155,0.78204,0.61578,0.82022,0.82847,0.59113,1,0.26659,0.86347,0.09477,0.66424,0.09477,0.38963,0.23159,0.17963,0.55295,0,0.7184,0,0.5784,0.17425,0.34613,0.32232,0.25386,0.60501,0.50522,0.78809],"triangles":[18,4,5,18,6,7,6,18,5,8,18,7,9,18,8,4,17,3,10,11,17,17,4,18,9,17,18,10,17,9,11,12,16,3,16,2,3,17,16,17,11,16,15,13,14,12,13,15,15,14,0,16,12,15,1,2,15,16,15,2,0,1,15],"vertices":[2,48,-2.66,-0.83,0.99222,49,-2.89,5.51,0.00778,1,48,-2.21,1.61,1,3,48,1.09,1.45,0.94648,49,0.61,2.87,0.04256,50,-0.71,4.5,0.01096,4,48,2.72,2.65,0.20031,49,2.33,1.81,0.5041,50,-0.19,2.55,0.27477,51,0.86,4.46,0.02082,4,48,2.75,4.08,0.00654,49,3.68,2.31,0.07323,50,1.13,1.99,0.66232,51,0.78,3.02,0.25791,2,50,2.14,3.09,0.20342,51,2.16,2.45,0.79658,2,50,3.24,5.34,0.00123,51,4.65,2.19,0.99877,1,51,5.12,-0.57,1,2,50,7.29,1.74,0.10393,51,2.65,-2.85,0.89607,2,49,8.19,2.36,5.0E-4,50,4.45,-1.06,0.9995,2,49,6.61,-0.44,0.35517,50,1.39,-2.02,0.64483,2,48,6.55,2.23,0.02835,49,3.36,-1.91,0.97165,2,48,5.18,-0.57,0.95561,49,0.26,-1.67,0.04439,2,48,1.76,-3.07,0.51228,49,-3.33,0.58,0.48772,2,48,-0.06,-3.15,0.74449,49,-4.09,2.24,0.25551,2,48,1.37,-0.82,0.85033,49,-1.39,1.77,0.14967,4,48,3.83,1.23,0.02771,49,1.42,0.24,0.96461,50,-1.92,2.03,0.00763,51,-0.22,5.9,5.0E-5,2,49,5.19,0.84,0.0208,50,1.23,-0.11,0.9792,2,50,4.37,1.74,0.00611,51,1.65,-0.11,0.99389],"hull":15,"edges":[28,0,0,2,2,4,4,6,6,8,8,10,10,12,12,14,14,16,26,28,26,24,24,22,22,20,20,18,18,16],"width":11,"height":13}},"Tiny_Leg7":{"Tiny_Leg3":{"type":"mesh","uvs":[0.86533,0.14093,1,0.56093,0.86852,0.84411,0.64261,1,0.51852,1,0.39124,0.70411,0.56306,0.5832,0.56624,0.4432,0.44534,0.42729,0.24806,0.58956,0,0.37956,0,0.3032,0.25125,0.10275,0.56306,0,0.35943,0.25866,0.70942,0.27456,0.81442,0.55456,0.67761,0.78684],"triangles":[3,17,2,3,4,17,4,5,17,5,6,17,17,6,16,17,16,2,2,16,1,6,7,16,1,16,15,1,15,0,7,15,16,15,7,14,15,13,0,9,14,8,9,10,14,7,8,14,10,11,14,11,12,14,14,13,15,14,12,13],"vertices":[2,52,7.29,-1.44,0.07633,53,3.59,2.1,0.92367,3,53,6.21,-1.99,0.00337,54,3.77,1.35,0.84896,55,-0.45,1.97,0.14767,3,54,5.87,-1.37,0.02303,55,2.98,2,0.77381,56,1,2.12,0.20316,2,55,5.6,0.49,0.00482,56,3.68,0.74,0.99518,1,56,4.33,-0.47,1,1,56,2.11,-3.23,1,5,52,1.8,-3.56,1.0E-4,53,1.63,-3.46,0.03637,54,1.77,-3.03,0.08447,55,1.84,-2.27,0.06915,56,0.05,-2.19,0.80991,5,52,2.7,-2.31,0.07242,53,1.27,-1.96,0.36279,54,0.42,-2.29,0.27884,55,0.43,-2.9,0.10183,56,-1.33,-2.89,0.18411,5,52,1.7,-1.41,0.68542,53,-0.06,-2.14,0.23674,54,-0.34,-3.39,0.04775,55,0.85,-4.17,0.01085,56,-0.85,-4.14,0.01925,1,52,-1.1,-1.66,1,1,52,-2.04,1.79,1,1,52,-1.56,2.49,1,1,52,1.96,2.74,1,2,52,5.43,1.72,0.90061,53,-0.02,2.74,0.09939,1,52,1.97,0.65,1,2,52,5.05,-1.68,0.01355,53,2.31,0.23,0.98645,2,54,2.77,-0.43,0.0554,55,0.37,0.09,0.9446,1,56,1.43,-0.03,1],"hull":14,"edges":[22,24,24,26,26,0,0,2,2,4,4,6,6,8,8,10,10,12,12,14,14,16,16,18,20,22,18,20],"width":11,"height":11}},"Tiny_Leg8":{"Tiny_Leg4":{"type":"mesh","uvs":[0.8824,0.16366,1,0.50729,1,0.56456,0.9624,0.80638,0.8149,1,0.6324,0.78093,0.6699,0.59638,0.6524,0.4182,0.48741,0.41502,0.38741,0.56775,0.26741,0.79047,0,0.52002,0.29991,0.16366,0.61741,0,0.6349,0.23684,0.8349,0.4882,0.8074,0.75229,0.24491,0.45956],"triangles":[15,7,0,15,0,1,15,1,2,6,7,15,16,6,15,16,15,2,5,6,16,3,16,2,4,16,3,5,16,4,14,13,0,12,13,14,8,12,14,7,14,0,8,14,7,17,12,8,17,11,12,9,17,8,10,17,9,11,17,10],"vertices":[1,59,2.07,2.04,1,2,59,5.66,0,0.26035,60,1.5,2.12,0.73965,2,59,6.04,-0.5,0.1545,60,2.13,2.11,0.8455,2,59,7.21,-2.95,4.6E-4,60,4.78,1.53,0.99954,1,60,6.87,-0.58,1,2,58,0.76,-5.91,4.0E-4,60,4.4,-3.09,0.9996,3,58,1.92,-4.16,0.03502,59,2.55,-3.55,0.00954,60,2.39,-2.52,0.95544,3,58,2.32,-2.23,0.41211,59,1.18,-2.13,0.21433,60,0.42,-2.72,0.37356,4,57,3.93,-1.54,0.06796,58,0.15,-1.45,0.92167,59,-0.69,-3.49,0.00333,60,0.34,-5.03,0.00704,2,57,1.79,-1.99,0.88033,58,-1.72,-2.58,0.11967,1,57,-1.04,-2.87,1,1,57,-2.14,1.78,1,1,57,3.59,2.26,1,3,57,8.19,0.92,0.05991,58,3.35,2.28,0.87141,59,-1.97,1.25,0.06869,3,58,2.74,-0.26,0.9091,59,-0.21,-0.68,0.08297,60,-1.58,-2.93,0.00793,2,58,4.49,-3.79,0.00255,60,1.24,-0.18,0.99745,1,60,4.14,-0.63,1,1,57,0.96,0.18,1],"hull":14,"edges":[22,24,24,26,26,0,0,2,2,4,4,6,6,8,8,10,10,12,12,14,14,16,16,18,18,20,20,22],"width":14,"height":11}},"Tiny_Mouth":{"Tiny_Mouth":{"type":"mesh","uvs":[0.85693,0.31676,0.93299,0.61337,1,0.87468,1,1,0.85127,1,0.57691,0.88252,0.26109,0.74728,0,0.63548,0,0.48215,0.30101,0.24605,0.6147,0,0.7757,0,0.19085,0.53735,0.85455,0.85321,0.67713,0.16935,0.40725,0.37358,0.72978,0.37228,0.79849,0.63711,0.62425,0.74361,0.36506,0.62026,0.5547,0.262,0.30695,0.44949],"triangles":[4,2,3,4,13,2,4,5,13,6,19,5,5,18,13,5,19,18,13,1,2,20,17,13,13,17,1,7,12,6,6,12,19,18,21,13,13,21,15,20,16,17,15,20,13,17,16,1,7,8,12,12,21,19,21,18,19,16,0,1,12,8,21,8,9,21,21,9,15,15,9,20,20,14,16,16,14,0,14,11,0,14,20,10,20,9,10,14,10,11],"vertices":[2,45,4.55,4.72,0.776,66,-6.01,55.25,0.224,2,45,8.84,3.12,0.776,66,-10.47,54.2,0.224,2,45,12.61,1.71,0.768,66,-14.39,53.28,0.232,2,45,14.17,0.66,0.712,66,-16.27,53.29,0.288,2,45,13.01,-1.07,0.72,66,-16.26,55.37,0.28,2,45,9.4,-3.27,0.72,66,-14.48,59.2,0.28,2,45,5.25,-5.8,0.72,66,-12.43,63.62,0.28,2,45,1.82,-7.9,0.752,66,-10.74,67.26,0.248,2,45,-0.09,-6.62,0.784,66,-8.44,67.25,0.216,2,45,-0.67,-1.14,0.784,66,-4.92,63.02,0.216,2,45,-1.28,4.56,0.784,66,-1.25,58.62,0.216,2,45,-0.02,6.43,0.784,66,-1.26,56.36,0.216,2,45,2.09,-4.86,0.776,66,-9.28,64.58,0.224,2,45,11.21,0.2,0.752,66,-14.06,55.31,0.248,2,45,1.31,3.87,0.784,66,-3.79,57.75,0.216,2,45,1.74,-0.98,0.784,66,-6.84,61.54,0.216,2,45,4.25,2.78,0.776,66,-6.84,57.03,0.224,2,45,8.08,1.36,0.784,66,-10.81,56.08,0.216,2,45,8.04,-1.56,0.752,66,-12.4,58.53,0.248,2,45,4.48,-3.53,0.76,66,-10.54,62.15,0.24,2,45,1.51,1.67,0.784,66,-5.17,59.47,0.216,2,45,1.9,-2.78,0.784,66,-7.97,62.95,0.216],"hull":12,"edges":[20,22,6,4,14,16,6,8,16,18,18,20,32,28,0,22,26,34,34,32,0,2,2,4,12,14,8,10,10,12,36,26,24,38,38,36,28,40,40,30,40,26,24,42,42,30,42,26],"width":16,"height":18}},"Tiny_Wing_L":{"Tiny_Wing_L":{"type":"mesh","uvs":[0.29671,0.10749,0.48928,0.21649,0.64219,0.26973,0.83081,0.3354,1,0.46422,1,0.74167,0.72908,1,0.51835,0.96036,0.26401,0.96532,0.21678,0.8259,0.09325,0.82095,0,0.70699,0,0.6079,0.07145,0.49395,0,0.30072,0.11505,0,0.16955,0,0.58375,0.46422,0.53288,0.63267,0.43115,0.79617,0.70365,0.79617,0.78358,0.58313,0.36938,0.39981,0.21678,0.59799,0.18045,0.2809],"triangles":[24,16,0,15,16,24,14,15,24,22,0,1,24,0,22,17,1,2,22,1,17,13,14,24,3,17,2,23,24,22,13,24,23,18,22,17,23,11,12,23,12,13,23,22,19,10,11,23,9,10,23,21,3,4,21,17,3,18,17,21,21,4,5,19,22,18,20,18,21,20,21,5,7,19,18,7,18,20,6,20,5,7,20,6,8,19,7,8,9,19,9,23,19],"vertices":[1,7,12.32,-4.86,1,2,6,13.7,-8.16,0.00128,7,6.1,-5.57,0.99872,2,6,9.12,-6.93,0.21483,7,1.52,-6.78,0.78517,2,6,3.48,-5.42,0.85587,7,-4.12,-8.26,0.14413,2,6,-1.56,-2.52,0.99957,7,-9.94,-8.25,4.3E-4,1,6,-1.48,3.58,1,2,6,6.72,9.17,0.872,7,-8.56,6,0.128,2,6,13.03,8.22,0.73654,7,-2.61,8.31,0.26346,2,6,20.66,8.23,0.44,7,4.01,12.11,0.56,2,6,22.04,5.14,0.44,7,6.74,10.12,0.56,2,6,25.74,4.99,0.344,7,10.03,11.82,0.656,2,6,28.51,2.45,0.28,7,13.69,10.99,0.72,2,6,28.48,0.27,0.264,7,14.75,9.08,0.736,2,6,26.31,-2.21,0.24,7,14.1,5.85,0.76,2,6,28.4,-6.49,0.168,7,18.03,3.18,0.832,1,7,18.23,-4.28,1,1,7,16.8,-5.08,1,2,6,10.93,-2.67,0.04513,7,0.98,-2.18,0.95487,2,6,12.5,1.01,0.808,7,0.51,1.8,0.192,2,6,15.6,4.57,0.8362,7,1.43,6.42,0.1638,2,6,7.43,4.67,0.816,7,-5.71,2.45,0.184,1,6,4.97,0.02,1,1,7,7.29,-0.3,1,2,6,21.98,0.13,0.344,7,9.17,5.73,0.656,1,7,13.51,0.17,1],"hull":17,"edges":[8,6,2,0,0,32,30,32,30,28,28,26,26,24,22,24,22,20,20,18,18,16,14,16,12,14,8,10,12,10,2,4,4,6],"width":31,"height":23}},"Tiny_Wing_R":{"Tiny_Wing_R":{"type":"mesh","uvs":[1,0.10048,1,0.2769,0.92361,0.47233,1,0.59447,0.91221,0.78176,0.82956,0.91204,0.62721,1,0.40206,1,0.17976,1,0,0.90119,0,0.7899,0.12846,0.5809,0.36501,0.42076,0.61011,0.23347,0.81246,0,0.74976,0.34476,0.55596,0.57819,0.72696,0.74376,0.30231,0.70033,0.48186,0.87404],"triangles":[17,2,3,2,16,15,2,17,16,18,12,16,16,13,15,16,12,13,2,15,1,0,1,15,15,13,14,15,14,0,7,19,6,6,17,5,6,19,17,19,7,18,7,8,18,18,8,10,5,17,4,8,9,10,19,16,17,19,18,16,10,11,18,4,17,3,18,11,12],"vertices":[1,9,15.22,-0.35,1,2,8,22.7,3.67,0.00102,9,12.42,-2.76,0.99898,2,8,19.75,0.43,0.13332,9,8.31,-4.29,0.86668,2,8,20.21,-2.52,0.34439,9,7.36,-7.12,0.65561,2,8,17.11,-5.51,0.67534,9,3.24,-8.35,0.32466,2,8,14.55,-7.43,0.88896,9,0.09,-8.89,0.11104,2,8,10.11,-7.63,0.99775,9,-3.95,-7.03,0.00225,1,8,5.93,-5.95,1,1,8,1.81,-4.29,1,1,8,-0.75,-1.02,1,2,8,0.12,1.15,0.99974,9,-8.8,5.36,2.6E-4,2,8,4.15,4.26,0.82145,9,-3.8,6.27,0.17855,2,8,9.79,5.61,0.04998,9,1.84,4.89,0.95002,1,9,8.02,3.74,1,1,9,14.37,3.87,1,1,9,8.07,0.1,1,2,8,12.1,1.12,0.03751,9,1.83,-0.17,0.96249,2,8,13.97,-3.38,0.77942,9,1.43,-5.03,0.22058,2,8,6.44,0.64,0.95253,9,-3.43,2,0.04747,1,8,8.4,-4.09,1],"hull":15,"edges":[20,22,22,24,24,26,26,28,28,0,0,2,2,4,4,6,6,8,8,10,10,12,18,20,18,16,12,14,14,16],"width":21,"height":22}},"Tiny_body":{"Tiny_body":{"type":"mesh","uvs":[0.75485,0.04018,0.86054,0.11885,0.94174,0.22818,0.98041,0.33352,1,0.46818,1,0.58285,0.97783,0.69485,0.92756,0.80818,0.84636,0.89751,0.74454,0.96151,0.67878,0.98151,0.59632,1,0.5061,1,0.40427,1,0.30632,0.97085,0.22254,0.92818,0.13619,0.86285,0.07045,0.77085,0.0305,0.67752,0,0.57218,0,0.46552,0.02276,0.35618,0.07303,0.24818,0.15552,0.16285,0.23156,0.09085,0.32694,0.03085,0.4597,0.00533,0.61436,0.012,0.17872,0.82685,0.24187,0.88418,0.31018,0.92418,0.39138,0.94685,0.49321,0.95751,0.58858,0.95485,0.66721,0.93351,0.72392,0.90951,0.80383,0.86151,0.88245,0.79085,0.94174,0.69352,0.96365,0.58685,0.95721,0.47485,0.93916,0.35085,0.89921,0.25218,0.83605,0.17085,0.73938,0.09618,0.61178,0.05618,0.47001,0.04552,0.34241,0.08018,0.25992,0.12018,0.18516,0.18552,0.10783,0.27485,0.06272,0.37618,0.04339,0.47352,0.04983,0.57085,0.07819,0.67085,0.12974,0.76018,0.25347,0.80818,0.39912,0.87085,0.54863,0.87751,0.69814,0.85218,0.85409,0.76552,0.1697,0.74018,0.14005,0.61885,0.25218,0.67085,0.39912,0.71752,0.55121,0.73218,0.70587,0.71218,0.84378,0.66285,0.89792,0.62818,0.39357,0.54753,0.57054,0.56418,0.76113,0.50579,0.87472,0.50418,0.27152,0.54418,0.12072,0.49085,0.12845,0.39485,0.22641,0.39485,0.27023,0.44018,0.33725,0.45218,0.40943,0.43352,0.47258,0.38152,0.48547,0.30952,0.4481,0.25885,0.40041,0.23085,0.3321,0.22952,0.2857,0.25618,0.24703,0.30285,0.22898,0.34818,0.69685,0.30685,0.71747,0.26418,0.75098,0.24685,0.80125,0.24552,0.83605,0.26952,0.85538,0.31085,0.85796,0.36285,0.83347,0.40285,0.80641,0.41218,0.74712,0.40685,0.70974,0.36818,0.50604,0.47563,0.59187,0.43483,0.66956,0.45934,0.5873,0.31485,0.52027,0.22152,0.63498,0.21752,0.18516,0.25618,0.27796,0.15752,0.42734,0.08616,0.57361,0.07931,0.74196,0.14552,0.66714,0.10048,0.31524,0.61252,0.83663,0.55894,0.66371,0.30287,0.67425,0.26928,0.70234,0.22932,0.74096,0.20935,0.7787,0.2039,0.81557,0.21298,0.84717,0.22841,0.87613,0.26474,0.88667,0.30197,0.89018,0.35917,0.88667,0.39549,0.86121,0.43182,0.82786,0.45542,0.76641,0.45633,0.71726,0.44362,0.68039,0.41365,0.66459,0.36371,0.52766,0.30651,0.50923,0.26292,0.48377,0.23205,0.43286,0.19663,0.35825,0.1821,0.30646,0.19209,0.26608,0.22115,0.22483,0.25747,0.20464,0.29652,0.18796,0.34374,0.18533,0.39095,0.19674,0.42818,0.23799,0.46995,0.28539,0.49265,0.34245,0.4981,0.40126,0.48539,0.44954,0.4636,0.50133,0.41002,0.52239,0.36553,0.8162,0.18828,0.64043,0.11911,0.64525,0.16116,0.59909,0.13764,0.55156,0.17684,0.46338,0.16045,0.42825,0.1355],"triangles":[61,62,63,63,111,64,149,43,119,149,109,43,143,77,78,143,78,144,71,127,126,71,126,125,71,101,127,101,71,70,106,48,47,47,48,25,152,153,108,153,154,108,152,108,150,108,46,45,107,47,46,47,26,46,47,25,26,49,24,48,43,109,44,110,44,109,42,2,3,43,1,2,1,43,44,44,0,1,44,45,0,141,75,140,18,53,54,54,53,62,74,73,62,140,75,139,75,51,50,50,139,75,138,50,105,139,50,138,136,49,106,106,47,134,90,93,98,40,123,41,123,122,41,7,38,6,7,37,38,37,60,38,38,67,68,38,60,67,38,68,39,39,68,72,36,60,37,123,94,122,125,124,72,3,41,42,121,120,42,144,73,143,142,77,143,73,142,143,108,45,150,70,100,101,146,147,99,147,148,100,148,102,100,124,95,123,145,79,146,101,100,128,100,129,128,100,102,129,147,80,148,93,97,98,109,115,151,151,110,109,66,71,112,110,45,44,142,74,141,77,142,76,141,140,76,145,78,79,46,154,107,94,93,122,93,120,121,144,78,145,77,87,78,140,139,87,65,70,66,93,121,122,139,138,87,85,78,86,63,62,73,66,70,71,76,87,77,87,86,78,76,140,87,73,74,142,85,79,78,150,45,110,41,121,42,112,71,125,70,99,100,99,147,100,96,93,94,95,94,123,90,92,93,155,47,107,142,141,76,155,134,47,122,121,41,60,36,66,67,66,112,112,125,72,66,67,60,68,112,72,8,37,7,67,112,68,38,39,6,6,39,5,72,40,39,39,40,5,72,124,40,40,4,5,124,123,40,40,41,4,41,3,4,136,137,49,137,105,49,18,19,53,53,74,62,75,141,74,19,52,53,53,52,74,74,52,75,52,51,75,2,42,43,42,119,43,120,119,42,49,48,106,45,27,0,46,26,27,45,46,27,154,46,108,151,150,110,48,24,25,111,73,144,63,73,111,101,128,127,117,109,149,111,144,69,56,63,64,146,80,147,146,79,80,125,95,124,95,96,94,93,96,97,80,81,148,148,130,102,148,81,130,102,113,129,81,131,130,130,131,102,131,103,102,90,116,117,134,155,133,127,97,126,126,96,125,125,96,95,127,128,97,90,98,88,88,114,89,113,104,114,114,104,115,115,116,90,153,152,104,115,104,151,104,152,151,133,155,154,126,97,96,89,90,88,114,115,89,89,115,90,154,155,107,79,82,80,79,83,82,128,98,97,128,129,98,80,82,81,129,88,98,129,113,88,113,102,104,81,82,131,131,82,132,113,114,88,104,102,103,104,103,153,131,132,103,90,117,91,103,132,154,132,133,154,103,154,153,152,150,151,146,99,69,69,99,70,49,50,23,70,64,69,51,21,50,21,22,50,36,59,66,59,65,66,8,36,37,58,65,59,12,33,11,11,33,10,13,32,12,12,32,33,14,31,13,13,31,32,33,34,10,9,34,35,9,10,34,14,30,31,14,15,30,9,36,8,9,35,36,31,57,32,32,58,33,32,57,58,33,58,34,31,30,57,34,59,35,34,58,59,15,16,29,15,29,30,29,16,28,57,30,56,35,59,36,30,29,56,29,28,56,58,57,65,56,64,57,57,64,65,17,55,16,16,55,28,55,61,28,28,61,56,61,63,56,17,54,55,17,18,54,55,54,61,54,62,61,20,21,51,52,20,51,19,20,52,65,64,70,50,22,23,49,23,24,49,105,50,111,69,64,69,145,146,69,144,145,138,105,137,138,137,86,82,133,132,83,133,82,84,134,83,87,138,86,137,136,85,84,135,134,135,106,134,136,106,135,85,136,135,85,135,84,79,85,84,86,137,85,79,84,83,83,134,133,109,116,115,92,90,91,92,119,120,91,117,118,91,118,119,118,149,119,118,117,149,92,91,119,93,92,120,116,109,117],"vertices":[2,2,80.1,-20.23,0.2955,10,47.22,-17.92,0.7045,2,3,-26.96,9.92,0.2,10,40.33,-27.4,0.8,1,10,30.79,-34.67,1,1,10,21.61,-38.11,1,4,40,-24.04,-25.93,0.024,2,42.77,-42.13,5.5E-4,66,-10.13,25.26,0.03207,10,9.88,-39.82,0.94337,2,2,32.79,-42.09,0.07838,10,-0.09,-39.78,0.92162,2,2,23.06,-40.05,0.26844,10,-9.83,-37.74,0.73156,2,2,13.22,-35.48,0.44844,10,-19.67,-33.17,0.55156,2,2,5.48,-28.14,0.56237,10,-27.41,-25.83,0.43763,2,2,-0.05,-18.95,0.63263,10,-32.93,-16.64,0.36737,3,2,-1.76,-13.03,0.65162,66,-54.66,54.37,0.00582,10,-34.65,-10.71,0.34256,4,3,45.57,-24.46,0.01385,2,-3.34,-5.6,0.66071,66,-56.23,61.79,0.00544,10,-36.22,-3.29,0.32,4,5,46.16,11.01,0.00645,2,-3.3,2.52,0.66394,66,-56.2,69.91,0.00961,10,-36.19,4.83,0.32,3,5,45.89,1.85,0.07525,2,-3.26,11.69,0.60475,10,-36.15,14,0.32,3,2,-0.69,20.49,0.68,66,-53.58,87.88,0,10,-33.57,22.8,0.32,3,4,-61.34,17.1,1.7E-4,2,3.06,28.01,0.67983,10,-29.83,30.33,0.32,3,4,-55.04,24.39,0.01275,2,8.78,35.76,0.66725,10,-24.11,38.07,0.32,2,2,16.81,41.64,0.64023,10,-16.08,43.95,0.35977,3,2,24.94,45.2,0.47458,66,-27.95,112.59,0.00878,10,-7.94,47.51,0.51664,2,2,34.12,47.91,0.12124,10,1.23,50.22,0.87876,2,2,43.4,47.87,0.65738,10,10.51,50.18,0.34262,2,2,52.9,45.78,0.52,10,20.02,48.09,0.48,2,2,62.28,41.21,0.56,10,29.39,43.52,0.44,2,2,69.67,33.75,0.592,10,36.78,36.06,0.408,2,2,75.9,26.88,0.456,10,43.02,29.19,0.544,3,5,-38.59,-2.63,5.0E-5,2,81.08,18.27,0.32805,10,48.2,20.59,0.6719,2,2,83.25,6.32,0.37098,10,50.37,8.63,0.62902,3,40,18.33,19.19,0.11265,2,82.61,-7.6,0.39935,10,49.72,-5.29,0.488,3,4,-52.23,20.32,0.01162,2,11.89,31.92,0.66838,10,-20.99,34.23,0.32,3,4,-57.66,15.06,3.9E-4,2,6.88,26.26,0.67961,10,-26.01,28.57,0.32,2,2,3.37,20.13,0.68,10,-29.51,22.44,0.32,3,2,1.37,12.83,0.66368,66,-51.53,80.22,0.01632,10,-31.52,15.14,0.32,4,5,42.43,9.95,0.0114,2,0.4,3.67,0.64695,66,-52.5,71.06,0.02165,10,-32.49,5.98,0.32,4,3,41.58,-24.6,0.01289,2,0.59,-4.92,0.65623,66,-52.3,62.47,0.01088,10,-32.29,-2.61,0.32,3,2,2.42,-12,0.65457,66,-50.48,55.39,0.00231,10,-30.47,-9.69,0.34312,2,2,4.48,-17.12,0.63173,10,-28.4,-14.81,0.36827,2,2,8.63,-24.33,0.57233,10,-24.26,-22.02,0.42767,3,2,14.74,-31.43,0.45301,66,-38.15,35.96,0.01799,10,-18.14,-29.12,0.529,3,2,23.19,-36.8,0.27034,66,-29.71,30.59,0.04646,10,-9.7,-34.49,0.6832,2,2,32.46,-38.82,0.09297,10,-0.43,-36.5,0.90703,3,2,42.21,-38.28,5.9E-4,11,-25.09,-34.06,0.29807,10,9.32,-35.97,0.70134,2,11,-14.29,-32.48,0.29825,10,20.12,-34.39,0.70175,3,11,-5.69,-28.93,0.2925,66,8.71,34.25,0.0131,10,28.72,-30.83,0.6944,2,11,1.41,-23.27,0.26625,10,35.82,-25.18,0.73375,2,2,75.24,-18.82,0.1961,10,42.35,-16.51,0.8039,3,40,14.52,19.97,0.07427,2,78.77,-7.35,0.25373,10,45.88,-5.04,0.672,3,2,79.75,5.4,0.35832,11,12.46,9.62,0.05073,10,46.87,7.72,0.59095,3,5,-34.26,-1.37,1.2E-4,2,76.78,16.9,0.3103,10,43.9,19.21,0.68958,2,2,73.34,24.34,0.44,10,40.45,26.65,0.56,2,2,67.68,31.09,0.552,10,34.8,33.4,0.448,2,2,59.94,38.09,0.616,10,27.06,40.4,0.384,2,2,51.14,42.19,0.704,10,18.26,44.5,0.296,2,2,42.68,43.96,0.72305,10,9.8,46.27,0.27695,3,2,34.21,43.42,0.12591,66,-18.68,110.81,0.09394,10,1.33,45.73,0.78015,3,2,25.5,40.91,0.49448,66,-27.39,108.3,0.02453,10,-7.38,43.22,0.48099,2,2,17.71,36.3,0.65425,10,-15.17,38.61,0.34575,4,4,-51.16,13.49,0.00288,2,13.48,25.18,0.63904,66,-39.41,92.58,0.03808,10,-19.4,27.5,0.32,3,2,7.98,12.1,0.62356,66,-44.92,79.49,0.05644,10,-24.91,14.41,0.32,4,3,34.41,-27.2,0.00214,2,7.34,-1.35,0.60714,66,-45.56,66.04,0.07072,10,-25.55,0.96,0.32,3,2,9.48,-14.82,0.55743,66,-43.41,52.57,0.0643,10,-23.4,-12.51,0.37826,3,2,16.96,-28.89,0.41329,66,-35.94,38.51,0.07786,10,-15.93,-26.58,0.50886,3,2,19.43,32.7,0.63008,66,-33.46,100.09,0.02898,10,-13.45,35.01,0.34094,2,2,30,35.32,0.43763,10,-2.88,37.63,0.56237,3,2,25.43,25.25,0.21962,66,-27.46,92.64,0.08342,10,-7.45,27.56,0.69696,3,2,21.31,12.04,0.45497,66,-31.58,79.43,0.16767,10,-11.57,14.35,0.37737,4,3,21.93,-25.19,0.0044,2,19.98,-1.64,0.47709,66,-32.92,65.75,0.15999,10,-12.91,0.67,0.35852,3,2,21.66,-15.57,0.24963,66,-31.24,51.82,0.21808,10,-11.23,-13.26,0.53229,3,2,25.89,-28,0.2097,66,-27,39.39,0.20239,10,-6.99,-25.69,0.58791,3,2,28.89,-32.88,0.14501,66,-24.01,34.51,0.12687,10,-4,-30.57,0.72812,3,2,36.11,12.48,0.79604,66,-16.79,79.87,0.12396,10,3.22,14.79,0.08,4,3,7.71,-21.4,0.01762,2,34.59,-3.44,0.29946,66,-18.31,63.95,0.21072,10,1.7,-1.13,0.4722,3,2,39.59,-20.62,0.07024,66,-13.3,46.77,0.25517,10,6.71,-18.31,0.6746,3,40,-26.25,-9.41,0.02231,2,39.69,-30.84,0.00571,10,6.8,-28.53,0.97198,4,4,-28.4,10.01,0.0369,2,36.45,23.46,0.00725,66,-16.45,90.85,0.29493,10,3.56,25.77,0.66092,3,2,41.14,37.01,0.01043,66,-11.75,104.4,0.11847,10,8.26,39.32,0.8711,1,10,16.61,38.59,1,5,4,-15.12,13.01,0.12274,5,-7.2,-12.61,0.23222,11,-17.84,31.68,0.23664,66,-3.44,94.85,0.0884,10,16.57,29.77,0.32,6,4,-19.37,9.4,0.06992,5,-3.15,-8.78,0.27848,2,45.49,23.54,3.0E-5,11,-21.8,27.75,0.23229,66,-7.4,90.93,0.09928,10,12.61,25.85,0.32,6,4,-20.9,3.47,0.02919,5,-1.93,-2.78,0.2604,2,44.42,17.51,0.00193,11,-22.87,21.73,0.24896,66,-8.47,84.9,0.1133,10,11.54,19.82,0.34621,6,4,-19.8,-3.14,0.0116,5,-3.36,3.76,0.15044,2,46.02,11.01,0.06372,11,-21.28,15.22,0.33864,66,-6.88,78.4,0.1156,10,13.13,13.32,0.32,6,4,-15.75,-9.17,0.01232,5,-7.71,9.57,0.03678,2,50.52,5.3,0.16578,11,-16.78,9.52,0.32232,66,-2.38,72.69,0.1428,10,17.63,7.61,0.32,6,4,-9.6,-10.83,0.13372,5,-13.94,10.92,0.00947,2,56.78,4.11,0.16736,11,-10.52,8.33,0.29409,66,3.88,71.51,0.112,10,23.89,6.42,0.28336,6,4,-4.94,-7.84,0.31289,5,-18.44,7.68,0.0071,2,61.2,7.46,0.10446,11,-6.09,11.68,0.25804,66,8.3,74.85,0.07829,10,28.31,9.77,0.23923,6,4,-2.16,-3.75,0.41981,5,-21.01,3.46,0.00446,2,63.65,11.74,0.03852,11,-3.64,15.96,0.23497,66,10.76,79.13,0.08021,10,30.77,14.05,0.22203,6,4,-1.55,2.36,0.45089,5,-21.3,-2.68,0.01519,2,63.8,17.89,0.00181,11,-3.5,22.1,0.2134,66,10.9,85.28,0.08162,10,30.91,20.2,0.2371,6,4,-3.52,6.71,0.47352,5,-19.11,-6.92,0.05185,2,61.5,22.07,5.6E-4,11,-5.8,26.29,0.16183,66,8.6,89.47,0.08286,10,28.61,24.38,0.22938,6,4,-7.29,10.51,0.33561,5,-15.15,-10.52,0.11783,2,57.45,25.57,2.0E-4,11,-9.84,29.79,0.20044,66,4.56,92.96,0.07488,10,24.57,27.88,0.27105,5,4,-11.09,12.45,0.2867,5,-11.26,-12.26,0.16115,11,-13.78,31.43,0.20256,66,0.62,94.6,0.07567,10,20.63,29.52,0.27392,5,40,-7.84,11.54,0.1503,2,56.92,-14.91,0.08539,11,-10.37,-10.69,0.33847,66,4.03,52.48,0.10905,10,24.04,-12.6,0.31679,5,40,-4.29,8.45,0.24434,2,60.63,-16.78,0.05796,11,-6.67,-12.57,0.34024,66,7.73,50.61,0.06161,10,27.74,-14.47,0.29585,5,40,-3.03,3.95,0.20217,2,62.12,-19.81,0.02622,11,-5.17,-15.59,0.37628,66,9.23,47.59,0.06814,10,29.24,-17.5,0.32719,5,40,-3.28,-2.55,0.36889,2,62.22,-24.33,0.00209,11,-5.07,-20.11,0.31766,66,9.32,43.06,0.04231,10,29.33,-22.02,0.26905,5,40,-5.62,-6.79,0.40429,2,60.12,-27.45,0.00109,11,-7.18,-23.24,0.24407,66,7.22,39.94,0.04312,10,27.23,-25.14,0.30743,5,40,-9.34,-8.87,0.25373,2,56.51,-29.18,9.5E-4,11,-10.78,-24.96,0.31883,66,3.62,38.22,0.03494,10,23.63,-26.87,0.39154,6,3,-5.98,6.69,0.2577,40,-13.87,-8.67,0.13416,2,51.99,-29.39,4.5E-4,11,-15.3,-25.17,0.24944,66,-0.91,38,0.04407,10,19.1,-27.08,0.31419,6,3,-2.84,4.01,0.21152,40,-17.16,-5.11,0.03561,2,48.52,-27.17,3.8E-4,11,-18.78,-22.95,0.37128,66,-4.38,40.22,0.0612,10,15.63,-24.86,0.32,6,3,-2.38,1.49,0.21986,40,-17.77,-1.53,0.02117,2,47.72,-24.73,0.00215,11,-19.58,-20.51,0.36475,66,-5.18,42.66,0.07208,10,14.83,-22.42,0.32,6,3,-3.6,-3.73,0.17239,40,-16.88,6.07,0.0238,2,48.2,-19.4,0.0361,11,-19.09,-15.18,0.34843,66,-4.69,48,0.09928,10,15.32,-17.09,0.32,6,3,-7.4,-6.58,0.105,40,-13.25,10.49,0.04668,2,51.58,-16.05,0.07408,11,-15.71,-11.83,0.33864,66,-1.31,51.34,0.1156,10,18.7,-13.74,0.32,4,4,-24.16,-11.51,0.00112,2,42.32,2.33,0.19609,66,-10.58,69.72,0.2299,10,9.43,4.64,0.57289,6,3,-3.16,-17.9,0.02461,40,-18.17,26.37,0.00439,2,45.83,-5.41,0.15759,11,-21.46,-1.2,0.27989,66,-7.06,61.98,0.21352,10,12.95,-3.1,0.32,5,3,-0.06,-11.28,0.14071,40,-20.87,16.6,0.02209,2,43.67,-12.4,0.1449,66,-9.23,55,0.22461,10,10.78,-10.09,0.46769,6,3,-13.55,-16.84,0.00996,40,-7.74,25.75,0.01529,2,56.27,-5.05,0.18963,11,-11.02,-0.83,0.32232,66,3.38,62.34,0.1428,10,23.39,-2.74,0.32,6,4,-2.22,-14.57,0.00445,5,-21.5,14.27,5.0E-5,2,64.42,0.95,0.21691,11,-2.88,5.17,0.33211,66,11.52,68.34,0.12648,10,31.53,3.26,0.32,5,40,0.36,18.61,0.0789,2,64.72,-9.38,0.15855,11,-2.57,-5.16,0.36317,66,11.83,58.02,0.07788,10,31.84,-7.07,0.32149,5,4,-2.79,15.73,0.34402,5,-19.37,-15.96,0.18786,11,-5.76,35.34,0.09632,66,8.64,98.51,0.0438,10,28.65,33.43,0.328,5,4,5.09,6.71,0.47226,5,-27.71,-7.36,0.02822,11,2.79,26.95,0.12512,66,17.19,90.12,0.0544,10,37.2,25.04,0.32,4,2,76.23,9.26,0.0977,11,8.94,13.48,0.4465,66,23.34,76.65,0.07181,10,43.35,11.57,0.38399,5,40,12.79,25.13,0.00137,2,76.77,-3.91,0.06667,11,9.48,0.31,0.10207,66,23.87,63.49,0.02189,10,43.88,-1.6,0.808,5,40,5.82,4.09,0.33661,2,70.94,-19.03,0.03415,11,3.65,-14.82,0.24396,66,18.05,48.36,0.06528,10,38.06,-16.72,0.32,5,40,10.27,13.28,0.10097,2,74.89,-12.32,0.11256,11,7.6,-8.1,0.32029,66,22,55.08,0.07418,10,42.01,-10.01,0.392,3,2,30.48,19.55,0.19599,66,-22.41,86.94,0.11779,10,-2.4,21.86,0.68621,4,40,-30.72,-3.94,0.00542,2,34.94,-27.39,0.10322,66,-17.96,40,0.21163,10,2.05,-25.08,0.67972,5,40,-7.25,15.77,0.29403,2,57.28,-11.93,0.08973,11,-10.01,-7.71,0.25849,66,4.39,55.46,0.10541,10,24.4,-9.62,0.25234,5,40,-4.42,14.07,0.25564,2,60.2,-12.89,0.09417,11,-7.09,-8.67,0.30758,66,7.31,54.5,0.06893,10,27.32,-10.58,0.27368,5,40,-1.16,10.05,0.36441,2,63.67,-15.43,0.06213,11,-3.63,-11.22,0.2699,66,10.77,51.96,0.05293,10,30.78,-13.12,0.25064,5,40,0.29,4.86,0.30807,2,65.39,-18.92,0.03377,11,-1.9,-14.7,0.30544,66,12.5,48.47,0.05541,10,32.51,-16.61,0.2973,5,40,0.49,-0.06,0.32023,2,65.85,-22.32,0.01946,11,-1.44,-18.1,0.27482,66,12.95,45.08,0.05959,10,32.96,-20.01,0.3259,5,40,-0.56,-4.72,0.42204,2,65.04,-25.63,0.00155,11,-2.25,-21.41,0.23978,66,12.15,41.76,0.04484,10,32.16,-23.32,0.29179,5,40,-2.13,-8.64,0.44527,2,63.69,-28.47,9.9E-4,11,-3.6,-24.25,0.20121,66,10.79,38.92,0.04627,10,30.8,-26.16,0.30625,5,40,-5.49,-12.01,0.43081,2,60.52,-31.06,4.1E-4,11,-6.78,-26.85,0.18378,66,7.62,36.33,0.04928,10,27.63,-28.75,0.33572,5,40,-8.8,-12.99,0.30323,2,57.27,-32,4.8E-4,11,-10.02,-27.78,0.23081,66,4.38,35.4,0.06267,10,24.39,-29.69,0.4028,5,40,-13.78,-12.87,0.21348,2,52.3,-32.29,4.0E-4,11,-15,-28.07,0.30463,66,-0.6,35.1,0.01897,10,19.41,-29.98,0.46251,6,3,-2.8,8.84,0.32488,40,-16.91,-12.05,0.09324,2,49.14,-31.96,3.1E-4,11,-18.16,-27.74,0.24867,66,-3.76,35.43,0.0129,10,16.25,-29.65,0.32,6,3,0.01,6.13,0.28076,40,-19.87,-8.4,0.04314,2,45.99,-29.66,7.2E-4,11,-21.31,-25.44,0.29468,66,-6.91,37.74,0.06069,10,13.1,-27.34,0.32,6,3,1.61,2.87,0.25991,40,-21.68,-3.86,0.02933,2,43.95,-26.64,0.01235,11,-23.35,-22.43,0.32343,66,-8.95,40.75,0.05498,10,11.06,-24.33,0.32,6,3,0.91,-2.62,0.19804,40,-21.31,4.08,0.01206,2,43.89,-21.11,0.02886,11,-23.4,-16.9,0.35844,66,-9,46.28,0.08259,10,11.01,-18.8,0.32,6,3,-0.81,-6.84,0.15555,40,-19.85,10.29,0.01786,2,45.02,-16.7,0.06334,11,-22.28,-12.48,0.35512,66,-7.88,50.7,0.08813,10,12.13,-14.38,0.32,6,3,-3.86,-9.76,0.09824,40,-16.98,14.74,0.03168,2,47.64,-13.39,0.09866,11,-19.65,-9.17,0.34287,66,-5.26,54,0.10854,10,14.75,-11.08,0.32,6,3,-8.36,-10.55,0.0651,40,-12.54,16.27,0.04343,2,51.99,-11.99,0.11389,11,-15.3,-7.77,0.33363,66,-0.9,55.41,0.12395,10,19.11,-9.68,0.32,8,3,-15.03,-22.05,0.00348,40,-6.58,33.35,0.00535,4,-9.65,-14.64,0.12379,5,-14.09,14.72,0.00504,2,57.02,0.32,0.1662,11,-10.27,4.53,0.28579,66,4.13,67.71,0.12662,10,24.14,2.63,0.28373,8,3,-19.02,-23.15,4.2E-4,40,-2.67,35.29,6.5E-4,4,-5.73,-13.29,0.20341,5,-17.93,13.17,0.00361,2,60.82,1.96,0.16453,11,-6.47,6.18,0.26761,66,7.93,69.35,0.10192,10,27.94,4.27,0.25785,6,4,-2.87,-11.22,0.255,5,-20.68,10.96,0.00254,2,63.52,4.24,0.1338,11,-3.78,8.45,0.25963,66,10.62,71.63,0.09887,10,30.63,6.55,0.25016,6,4,0.57,-6.91,0.30282,5,-23.9,6.47,0.00265,2,66.62,8.81,0.08196,11,-0.68,13.02,0.26793,66,13.72,76.2,0.09146,10,33.73,11.12,0.25318,6,4,2.37,-0.32,0.46929,5,-25.36,-0.2,0.00894,2,67.91,15.52,0.02064,11,0.62,19.73,0.20493,66,15.02,82.91,0.07586,10,35.03,17.83,0.22035,5,4,1.88,4.4,0.47012,2,67.06,20.18,0.00196,11,-0.23,24.4,0.16902,66,14.17,87.57,0.09191,10,34.18,22.49,0.26699,6,4,-0.34,8.23,0.45537,5,-22.2,-8.59,0.06283,2,64.55,23.82,4.0E-4,11,-2.74,28.04,0.13666,66,11.66,91.22,0.07605,10,31.67,26.14,0.26869,6,4,-3.19,12.18,0.385,5,-19.16,-12.4,0.12067,2,61.41,27.55,1.8E-4,11,-5.89,31.77,0.13319,66,8.51,94.94,0.0745,10,28.52,29.86,0.28646,6,4,-6.43,14.27,0.30925,5,-15.81,-14.31,0.16658,2,58.02,29.38,0,11,-9.28,33.6,0.14342,66,5.12,96.78,0.08154,10,25.13,31.69,0.29921,6,4,-10.41,16.1,0.22192,5,-11.75,-15.94,0.2501,2,53.92,30.9,0,11,-13.38,35.12,0.13406,66,1.02,98.3,0.07393,10,21.03,33.21,0.32,6,4,-14.48,16.67,0.1686,5,-7.65,-16.29,0.29613,2,49.81,31.16,0,11,-17.48,35.38,0.14023,66,-3.08,98.55,0.07503,10,16.93,33.47,0.32,6,4,-17.79,15.9,0.12799,5,-4.38,-15.36,0.32689,2,46.57,30.15,1.8E-4,11,-20.73,34.36,0.13647,66,-6.33,97.54,0.08846,10,13.68,32.46,0.32,6,4,-21.71,12.5,0.07906,5,-0.64,-11.76,0.31901,2,42.92,26.45,0.00139,11,-24.38,30.67,0.19211,66,-9.98,93.84,0.08843,10,10.03,28.76,0.32,6,4,-24.03,8.4,0.03673,5,1.46,-7.55,0.31272,2,40.92,22.19,0.00224,11,-26.37,26.41,0.23446,66,-11.97,89.58,0.09384,10,8.04,24.5,0.32,6,4,-24.92,3.32,0.02079,5,2.08,-2.43,0.2883,2,40.43,17.06,0.03274,11,-26.87,21.28,0.22789,66,-12.47,84.45,0.11028,10,7.54,19.37,0.32,6,4,-24.24,-2.04,0.00692,5,1.13,2.89,0.18797,2,41.51,11.76,0.07539,11,-25.78,15.98,0.28692,66,-11.39,79.15,0.12279,10,8.62,14.07,0.32,6,4,-22.7,-6.53,0.006,5,-0.64,7.29,0.0977,2,43.39,7.41,0.12955,11,-23.91,11.62,0.32406,66,-9.51,74.8,0.1227,10,10.5,9.72,0.32,8,3,-6.45,-25.67,0.00478,40,-15.36,37.79,8.5E-4,4,-18.43,-11.55,0.00782,5,-5.16,12.09,0.02495,2,48.03,2.73,0.17199,11,-19.27,6.94,0.31558,66,-4.87,70.12,0.15403,10,15.14,5.04,0.32,8,3,-10.02,-23.24,0.00535,40,-11.66,34.63,0.00461,4,-14.73,-13.75,0.00772,5,-8.97,14.09,0.01552,2,51.89,0.81,0.17917,11,-15.41,5.03,0.31856,66,-1.01,68.2,0.14906,10,19,3.12,0.32,5,40,1.57,-5.05,0.2926,2,67.19,-25.7,0.0073,11,-0.1,-21.48,0.25374,66,14.3,41.69,0.03658,10,34.31,-23.39,0.40978,5,40,8.85,16.92,0.07774,2,73.28,-9.9,0.14421,11,5.99,-5.69,0.33411,66,20.39,57.49,0.12369,10,40.4,-7.59,0.32025,5,40,5.17,16.72,0.08747,2,69.62,-10.32,0.1409,11,2.33,-6.11,0.34226,66,16.73,57.07,0.10814,10,36.74,-8.01,0.32122,8,3,-28.67,-13.61,0.00178,40,7.54,22.43,0.04256,4,4.48,-22.23,6.5E-4,5,-28.59,21.58,1.0E-5,2,71.68,-6.18,0.18661,11,4.39,-1.96,0.3446,66,18.79,61.21,0.1038,10,38.8,-3.87,0.32,7,3,-25.9,-18.32,5.4E-4,40,4.49,28.96,0.01359,5,-25.3,17.2,3.0E-5,2,68.29,-1.88,0.20877,11,1,2.33,0.33759,66,15.4,65.51,0.11861,10,35.41,0.43,0.32086,7,3,-28.43,-25.98,1.6E-4,40,6.55,40.17,0.00407,5,-26.96,9.31,0.00169,2,69.75,6.04,0.13975,11,2.46,10.26,0.3864,66,16.86,73.44,0.11206,10,36.87,8.36,0.35587,5,5,-29.22,6.21,0.00201,2,71.94,9.2,0.10539,11,4.64,13.41,0.4179,66,19.04,76.59,0.09932,10,39.05,11.51,0.37538],"hull":28,"edges":[40,42,42,44,44,46,46,48,48,50,50,52,52,54,54,0,0,2,2,4,4,6,6,8,8,10,10,12,12,14,14,16,16,18,18,20,20,22,22,24,24,26,26,28,28,30,30,32,32,34,34,36,38,40,36,38,56,58,58,60,60,62,62,64,64,66,66,68,68,70,70,72,72,74,74,76,76,78,78,80,80,82,82,84,84,86,86,88,88,90,90,92,92,94,94,96,96,98,98,100,100,102,102,104,104,106,106,108,108,110,110,56,226,228,228,230,230,232,232,234,234,236,236,238,238,240,240,242,242,244,244,246,246,248,248,250,250,252,252,254,254,256,256,258,258,226,260,262,262,264,264,266,266,268,268,270,270,272,272,274,274,276,276,278,278,280,280,282,282,284,284,286,286,288,288,290,290,292,292,294,294,296,296,260],"width":91,"height":88}}}}],"animations":{"Idle":{"bones":{"Tiny":{"translate":[{},{"time":0.2,"x":-4.21,"y":6.02},{"time":0.3667,"x":-1.89,"y":-2.42},{"time":0.5667,"x":0.33,"y":4.93},{"time":0.7333,"x":-5.71,"y":-2.22},{"time":0.9333,"x":-8.13,"y":5.72},{"time":1.1},{"time":1.3,"x":-4.21,"y":6.02},{"time":1.4333}]},"WingR2":{"rotate":[{"curve":0.25,"c3":0.75},{"time":0.2,"angle":-41.05,"curve":0.25,"c3":0.75},{"time":0.3667,"angle":18.76,"curve":0.25,"c3":0.75},{"time":0.5,"angle":-41.05,"curve":0.25,"c3":0.75},{"time":0.6667,"angle":18.76,"curve":0.25,"c3":0.75},{"time":0.8,"angle":-41.05,"curve":0.25,"c3":0.75},{"time":0.9667,"angle":18.76,"curve":0.25,"c3":0.75},{"time":1.1333,"angle":-41.05,"curve":0.25,"c3":0.75},{"time":1.3,"angle":18.76,"curve":0.25,"c3":0.75},{"time":1.4333}]},"WingR":{"rotate":[{"angle":26.81,"curve":0.25,"c3":0.75},{"time":0.1667,"angle":-78.66,"curve":0.25,"c3":0.75},{"time":0.3,"angle":26.81,"curve":0.25,"c3":0.75},{"time":0.4667,"angle":-78.66,"curve":0.25,"c3":0.75},{"time":0.6,"angle":26.81,"curve":0.25,"c3":0.75},{"time":0.7333,"angle":-78.66,"curve":0.25,"c3":0.75},{"time":0.8667,"angle":26.81,"curve":0.25,"c3":0.75},{"time":1.0333,"angle":-78.66,"curve":0.25,"c3":0.75},{"time":1.1667,"angle":26.81,"curve":0.25,"c3":0.75},{"time":1.3,"angle":-78.66,"curve":0.25,"c3":0.75},{"time":1.4333,"angle":26.81}]},"WingL2":{"rotate":[{"curve":0.25,"c3":0.75},{"time":0.1,"angle":-16.93,"curve":0.25,"c3":0.75},{"time":0.2,"angle":39.74,"curve":0.25,"c3":0.75},{"time":0.3333,"angle":-16.93,"curve":0.25,"c3":0.75},{"time":0.5,"angle":39.74,"curve":0.25,"c3":0.75},{"time":0.6333,"angle":-16.93,"curve":0.25,"c3":0.75},{"time":0.8,"angle":39.74,"curve":0.25,"c3":0.75},{"time":0.9667,"angle":-16.93,"curve":0.25,"c3":0.75},{"time":1.1,"angle":39.74,"curve":0.25,"c3":0.75},{"time":1.2333,"angle":-16.93,"curve":0.25,"c3":0.75},{"time":1.3333,"angle":39.74,"curve":0.25,"c3":0.75},{"time":1.4333}]},"WingL":{"rotate":[{"angle":-32.47,"curve":0.25,"c3":0.75},{"time":0.1667,"angle":65.54,"curve":0.25,"c3":0.75},{"time":0.3,"angle":-32.47,"curve":0.25,"c3":0.75},{"time":0.4667,"angle":65.54,"curve":0.25,"c3":0.75},{"time":0.6,"angle":-32.47,"curve":0.25,"c3":0.75},{"time":0.7333,"angle":65.54,"curve":0.25,"c3":0.75},{"time":0.8667,"angle":-32.47,"curve":0.25,"c3":0.75},{"time":1.0333,"angle":65.54,"curve":0.25,"c3":0.75},{"time":1.1667,"angle":-32.47,"curve":0.25,"c3":0.75},{"time":1.3333,"angle":65.54,"curve":0.25,"c3":0.75},{"time":1.4333,"angle":-32.47}]},"Leg27":{"rotate":[{"angle":9.94},{"time":0.1},{"time":0.3333,"angle":19.87},{"time":0.4667},{"time":0.6667,"angle":19.87},{"time":0.8},{"time":1.0333,"angle":19.87},{"time":1.1667},{"time":1.4,"angle":19.87},{"time":1.4333,"angle":9.94}]},"Leg26":{"rotate":[{},{"time":0.2333,"angle":31.2},{"time":0.3667},{"time":0.5667,"angle":31.2},{"time":0.7},{"time":0.9333,"angle":31.2},{"time":1.0667},{"time":1.3,"angle":31.2},{"time":1.4333}]},"Leg6":{"rotate":[{"angle":-0.5},{"time":0.2333,"angle":9},{"time":0.3667},{"time":0.5667,"angle":9},{"time":0.7},{"time":0.9333,"angle":9},{"time":1.0667},{"time":1.3,"angle":9},{"time":1.4333,"angle":-0.5}],"translate":[{"y":-0.1}]},"Leg3":{"rotate":[{},{"time":0.2333,"angle":-20.19},{"time":0.3667},{"time":0.5667,"angle":-20.19},{"time":0.7},{"time":0.9333,"angle":-20.19},{"time":1.0667},{"time":1.3,"angle":-20.19},{"time":1.4333}]},"Leg24":{"rotate":[{},{"time":0.2333,"angle":15.82},{"time":0.3667},{"time":0.5667,"angle":15.82},{"time":0.7},{"time":0.9333,"angle":15.82},{"time":1.0667},{"time":1.3,"angle":15.82},{"time":1.4333}]},"Leg22":{"rotate":[{},{"time":0.2333,"angle":25.01},{"time":0.3667},{"time":0.5667,"angle":25.01},{"time":0.7},{"time":0.9333,"angle":25.01},{"time":1.0667},{"time":1.3,"angle":25.01},{"time":1.4333}]},"Leg21":{"rotate":[{},{"time":0.2333,"angle":29.75},{"time":0.3667},{"time":0.5667,"angle":29.75},{"time":0.7},{"time":0.9333,"angle":29.75},{"time":1.0667},{"time":1.3,"angle":29.75},{"time":1.4333}]},"Leg2":{"rotate":[{"angle":-0.5},{"time":0.3667,"curve":"stepped"},{"time":1.0667},{"time":1.4333,"angle":-0.5}],"translate":[{"y":-0.09}]},"Leg18":{"rotate":[{"angle":-14.98},{"time":0.1},{"time":0.3333,"angle":-29.95},{"time":0.4667,"angle":26.78,"curve":"stepped"},{"time":0.6667,"angle":26.78},{"time":0.8},{"time":1.0667,"angle":26.78},{"time":1.1667},{"time":1.4333,"angle":-14.98}]},"Leg17":{"rotate":[{},{"time":0.2333,"angle":-19.37},{"time":0.3667},{"time":0.4667,"angle":12.39},{"time":0.5667,"angle":-19.37},{"time":0.6667,"angle":12.39},{"time":0.9333,"angle":-19.37},{"time":1.0667,"angle":12.39},{"time":1.3,"angle":-19.37},{"time":1.4333}]},"Body":{"rotate":[{"angle":-5.42}]},"Leg R":{"rotate":[{"angle":-49.62},{"time":0.2,"angle":-66.73},{"time":0.4667,"angle":-49.62},{"time":0.7333,"angle":-66.73},{"time":1,"angle":-49.62},{"time":1.2333,"angle":-66.73},{"time":1.4333,"angle":-49.62}],"translate":[{"x":-2.06,"y":13.03},{"time":0.2,"x":-2.13,"y":21.47},{"time":0.4667,"x":-2.06,"y":13.03},{"time":0.7333,"x":-2.13,"y":21.47},{"time":1,"x":-2.06,"y":13.03},{"time":1.2333,"x":-2.13,"y":21.47},{"time":1.4333,"x":-2.06,"y":13.03}]},"Leg14":{"rotate":[{"angle":4.39},{"time":0.1},{"time":0.3333,"angle":8.77},{"time":0.4667},{"time":0.6667,"angle":8.77},{"time":0.8},{"time":1.0333,"angle":8.77},{"time":1.1667},{"time":1.4,"angle":8.77},{"time":1.4333,"angle":4.39}]},"Leg13":{"rotate":[{"angle":11.13},{"time":0.1},{"time":0.3333,"angle":22.26},{"time":0.4667},{"time":0.6667,"angle":22.26},{"time":0.8},{"time":1.0333,"angle":22.26},{"time":1.1667},{"time":1.4,"angle":22.26},{"time":1.4333,"angle":11.13}]},"Leg15":{"rotate":[{"time":0.3667},{"time":0.4667,"angle":12.57,"curve":"stepped"},{"time":1.0667,"angle":12.57},{"time":1.4333}]},"Leg11":{"rotate":[{"angle":-0.5},{"time":0.2333,"angle":20.34},{"time":0.3667},{"time":0.5667,"angle":20.34},{"time":0.7},{"time":0.9333,"angle":20.34},{"time":1.0667},{"time":1.3,"angle":20.34},{"time":1.4333,"angle":-0.5}],"translate":[{"y":-0.09}]},"Leg9":{"rotate":[{},{"time":0.2333,"angle":16.65},{"time":0.3667},{"time":0.5667,"angle":16.65},{"time":0.7},{"time":0.9333,"angle":16.65},{"time":1.0667},{"time":1.3,"angle":16.65},{"time":1.4333}]},"Leg8":{"rotate":[{"angle":8.87},{"time":0.1},{"time":0.3333,"angle":17.74},{"time":0.4667},{"time":0.6667,"angle":17.74},{"time":0.8},{"time":1.0333,"angle":17.74},{"time":1.1667},{"time":1.4,"angle":17.74},{"time":1.4333,"angle":8.87}]},"Leg5":{"rotate":[{"angle":-6.51},{"time":0.1},{"time":0.3333,"angle":-13.01},{"time":0.4667},{"time":0.5,"angle":33.05},{"time":0.6667,"angle":-13.01},{"time":0.8},{"time":1.0333,"angle":-13.01},{"time":1.1667},{"time":1.4,"angle":-13.01},{"time":1.4333,"angle":-6.51}]},"Leg4":{"rotate":[{"angle":-11.59},{"time":0.1},{"time":0.3333,"angle":-23.19},{"time":0.4667,"angle":17.95},{"time":0.6667,"angle":-23.19},{"time":0.8,"angle":17.95},{"time":1.0333,"angle":-23.19},{"time":1.1667,"angle":17.95},{"time":1.4,"angle":-23.19},{"time":1.4333,"angle":-11.59}]},"Leg7":{"rotate":[{},{"time":0.2333,"angle":25.35},{"time":0.3667},{"time":0.5667,"angle":25.35},{"time":0.7},{"time":0.9333,"angle":25.35},{"time":1.0667},{"time":1.3,"angle":25.35},{"time":1.4333}]},"Leg L":{"rotate":[{"angle":-65.54},{"time":0.2,"angle":-82.66},{"time":0.4667,"angle":-65.54},{"time":0.7333,"angle":-82.66},{"time":1,"angle":-65.54},{"time":1.2333,"angle":-82.66},{"time":1.4333,"angle":-65.54}],"translate":[{"x":1.53,"y":10.35},{"time":0.2,"x":3.78,"y":18.48},{"time":0.4667,"x":1.53,"y":10.35},{"time":0.7333,"x":3.78,"y":18.48},{"time":1,"x":1.53,"y":10.35},{"time":1.2333,"x":3.78,"y":18.48},{"time":1.4333,"x":1.53,"y":10.35}]},"Pupil5":{"rotate":[{"angle":-33.03}]},"Pupil2":{"rotate":[{"angle":6.75}]},"Face":{"translate":[{"x":0.31,"y":-6.37}]},"Leg16":{"rotate":[{},{"time":0.2333,"angle":-21.29},{"time":0.3667},{"time":0.4667,"angle":-9.44},{"time":0.5667,"angle":-21.29},{"time":0.6667,"angle":-9.44},{"time":0.9333,"angle":-21.29},{"time":1.0667,"angle":-9.44},{"time":1.3,"angle":-21.29},{"time":1.4333}]},"Leg20":{"rotate":[{},{"time":0.2333,"angle":28.51},{"time":0.3667},{"time":0.5667,"angle":28.51},{"time":0.7},{"time":0.9333,"angle":28.51},{"time":1.0667},{"time":1.3,"angle":28.51},{"time":1.4333}]},"Control":{"translate":[{},{"time":0.2333,"x":-25.89,"y":1.77},{"time":0.4667},{"time":0.6667,"x":-25.89,"y":1.77},{"time":0.8667},{"time":1.0667,"x":-25.89,"y":1.77},{"time":1.3}]},"target2":{"translate":[{"x":-126.08,"y":-29.79}]},"target3":{"translate":[{"x":-138,"y":-42.97}]}},"ik":{"target2":[{}]},"deform":{"default":{"Tiny_Leg1":{"Tiny_Leg1":[{"vertices":[0.01838,-0.05904,0.02721,-0.103,-0.00582,-0.12025,-0.02199,-0.07022,-0.02069,-0.00539,-0.00456,0.02606,0.02943,0.00863]}]},"Tiny_body":{"Tiny_body":[{"offset":80,"vertices":[-1.99572,-2.15576,-1.82517,-2.30198,-1.82515,-2.30198,0,0,0,0,0,0,0,0,0,0,0,0,0,0,0,0,0,0,0,0,0,0,0,0,0,0,0,0,0,0,0,0,0,0,0,0,0,0,0,0,0,0,0,0,0,0,0,0,0,0,-2.61977,-2.1804,-2.4455,-2.37424,-2.44548,-2.37424,0,0,0,0,0,0,0,0,0,0,0,0,0,0,0,0,0,0,0,0,0,0,0,0,0,0,0,0,0,0,0,0,0,0,0,0,0,0,0,0,0,0,0,0,0,0,0,0,0,0,0,0,-0.30034,-0.07368,-0.30035,-0.07367,-0.30035,-0.07368,0.06839,-1.50032,0.06838,-1.50032,0,0,0,0,0,0,0,0,0,0,0,0,0,0,0,0,0,0,0,0,0,0,0,0,0,0,0,0,0,0,0,0,0,0,0,0,0,0,0,0,0,0,0,0,0,0,0,0,0,0,0,0,0,0,0,0,0,0,0,0,0,0,0,0,0,0,0,0,0,0,0,0,0,0,-3.80805,-2.95324,-3.80801,-2.95324,0.54224,-1.04723,0.62057,-1.00274,0.62061,-1.00269,0.6206,-1.00274,0,0,0,0,0,0,0,0,0,0,0,0,0,0,0,0,0,0,0,0,0,0,0,0,0,0,-3.31596,-3.61541,-3.31606,-3.61532,-3.31594,-3.61541,0.98674,-3.00436,0.98672,-3.00436,-2.33106,-4.77477,-2.33118,-4.77464,-2.33103,-4.77477,0,0,0,0,0,0,0,0,0,0,0,0,0,0,0,0,0,0,0,0,0,0,0,0,0,0,0.77051,-2.14842,0.77042,-2.14833,0.7705,-2.14842,-1.17553,-4.65884,-1.17561,-4.65875,-1.17551,-4.65884,0,0,0,0,0,0,0,0,1.48341,-3.75655,1.4833,-3.75642,1.48341,-3.75655,0,0,0,0,0,0,0,0,0,0,0,0,0,0,0.86559,-2.12883,0.86565,-2.12872,0.86558,-2.12883,0.74113,-2.00327,-0.21178,-2.76758,0.0694,2.77482,-3.1E-4,-2.77565,-3.1E-4,-2.7754,-1.3E-4,-2.77569,-0.21178,-2.76758,0.0694,2.77482,0,-2.77569,-3.1E-4,-2.77565,-3.1E-4,-2.7754,-1.3E-4,-2.77569,-0.21178,-2.76758,0.0694,2.77482,0,-2.77569,-3.1E-4,-2.77565,-3.1E-4,-2.7754,-1.3E-4,-2.77569,-0.21178,-2.76758,0.0694,2.77482,0,-2.77569,-3.1E-4,-2.77565,-3.1E-4,-2.7754,-1.3E-4,-2.77569,-0.21178,-2.76758,0.0694,2.77482,0,-2.77569,-3.1E-4,-2.77565,-3.1E-4,-2.7754,-1.3E-4,-2.77569,-0.21178,-2.76758,0.0694,2.77482,0,-2.77569,-3.1E-4,-2.77565,-3.1E-4,-2.7754,-1.3E-4,-2.77569,-0.21178,-2.76758,0.0694,2.77482,0,-2.77569,-3.1E-4,-2.77565,-3.1E-4,-2.7754,-1.3E-4,-2.77569,-0.21178,-2.76758,0.0694,2.77482,0,-2.77569,-3.1E-4,-2.77565,-3.1E-4,-2.7754,-1.3E-4,-2.77569,-0.21178,-2.76758,0.0694,2.77482,0,-2.77569,-3.1E-4,-2.77565,-3.1E-4,-2.7754,-1.3E-4,-2.77569,-0.21178,-2.76758,0.0694,2.77482,0,-2.77569,-3.1E-4,-2.77565,-3.1E-4,-2.7754,-1.3E-4,-2.77569,-0.21178,-2.76758,0.0694,2.77482,0,-2.77569,-3.1E-4,-2.77565,-3.1E-4,-2.7754,-1.3E-4,-2.77569,-0.21178,-2.76758,0.0694,2.77482,-3.1E-4,-2.77565,-3.1E-4,-2.7754,-1.3E-4,-2.77569,-0.14287,-2.68393,-6.0E-5,-1.87233,-2.7E-4,-1.87226,-2.7E-4,-1.87221,-1.3E-4,-1.87233,-0.14287,-2.68393,-6.0E-5,-1.87233,-2.7E-4,-1.87226,-2.7E-4,-1.87221,-1.3E-4,-1.87233,-0.14287,-2.68393,-6.0E-5,-1.87233,-2.7E-4,-1.87226,-2.7E-4,-1.87221,-1.3E-4,-1.87233,-0.14287,-2.68393,-6.0E-5,-1.87233,-2.7E-4,-1.87226,-2.7E-4,-1.87221,-1.3E-4,-1.87233,-0.14287,-2.68393,-6.0E-5,-1.87233,-2.7E-4,-1.87226,-2.7E-4,-1.87221,-1.3E-4,-1.87233,-0.14287,-2.68393,-6.0E-5,-1.87233,-2.7E-4,-1.87226,-2.7E-4,-1.87221,-1.3E-4,-1.87233,0.29332,2.63383,-0.1322,-3.80507,0.07018,-2.64917,0.07,-2.6491,0.06995,-2.64909,0.07015,-2.64918,0.43069,2.23687,-0.2935,-3.24758,-0.1203,-2.27479,-0.12051,-2.27472,-0.12051,-2.27466,-0.12036,-2.27479,0.89816,2.21474,-0.76148,-3.25675,-0.5864,-2.31693,-0.58664,-2.31687,-0.5866,-2.31682,-0.58646,-2.31693,0.25642,1.85469,-0.14287,-2.68393,-6.0E-5,-1.87233,-2.7E-4,-1.87226,-2.7E-4,-1.87221,-1.3E-4,-1.87233,0.25642,1.85469,-0.14287,-2.68393,-6.0E-5,-1.87233,-2.7E-4,-1.87226,-2.7E-4,-1.87221,-1.3E-4,-1.87233,-0.84451,-2.2491,-0.67017,-2.30706,-0.6702,-2.30704,-0.67015,-2.30706,0.48999,2.26345,-0.35117,-3.29083,-0.17518,-2.30924,-0.17522,-2.30924,-0.17523,-2.30917,-0.17517,-2.30924,-0.81678,3.61687,1.03565,-5.11838,1.30471,-3.47077,1.30462,-3.47063,1.30473,-3.47077,0,0,0,0,0,0,0,0,0,0,0,0,0,0,0,0,0,0,0,0,0,0,0,0,0,0,0,0,0,0,0,0,0,0,0,0,0,0,0,0,0,0,0,0,0,0,0,0,0,0,0,0,0,0,0.20981,1.34435,0.20981,1.34434,0.20979,1.34438,0.20982,1.34435,0,0,0,0,0,0,0,0,0,0,0.26873,-0.5722,0.29835,-0.37633,0.29832,-0.37633,0.29832,-0.37633,0.29835,-0.37633,0,0,0,0,0,0,0,0,0,0,-1.34324,-5.27411,-1.3433,-5.27403,-1.34322,-5.27411,0.78882,-4.15929,1.00754,-2.82445,1.00745,-2.82435,1.00754,-2.82445,-0.29458,-3.13545,-0.12733,-2.19711,-0.12754,-2.19704,-0.12755,-2.19698,-0.12739,-2.19711,-0.14287,-2.68393,-6.0E-5,-1.87233,-2.7E-4,-1.87226,-2.7E-4,-1.87221,-1.3E-4,-1.87233,-0.14287,-2.68393,-6.0E-5,-1.87233,-2.7E-4,-1.87226,-2.7E-4,-1.87221,-1.3E-4,-1.87233,-0.14287,-2.68393,-6.0E-5,-1.87233,-2.7E-4,-1.87226,-2.7E-4,-1.87221,-1.3E-4,-1.87233,-0.14287,-2.68393,-6.0E-5,-1.87233,-2.7E-4,-1.87226,-2.7E-4,-1.87221,-1.3E-4,-1.87233,-0.14287,-2.68393,-6.0E-5,-1.87233,-2.7E-4,-1.87226,-2.7E-4,-1.87221,-1.3E-4,-1.87233,-0.14287,-2.68393,-6.0E-5,-1.87233,-2.7E-4,-1.87226,-2.7E-4,-1.87221,-1.3E-4,-1.87233,-0.14287,-2.68393,-6.0E-5,-1.87233,-2.7E-4,-1.87226,-2.7E-4,-1.87221,-1.3E-4,-1.87233,-0.14287,-2.68393,-6.0E-5,-1.87233,-2.7E-4,-1.87226,-2.7E-4,-1.87221,-1.3E-4,-1.87233,-0.14287,-2.68393,-6.0E-5,-1.87233,-2.7E-4,-1.87226,-2.7E-4,-1.87221,-1.3E-4,-1.87233,0.25642,1.85469,-0.14287,-2.68393,-6.0E-5,-1.87233,-2.7E-4,-1.87226,-2.7E-4,-1.87221,-1.3E-4,-1.87233,0.25642,1.85469,-0.14287,-2.68393,-6.0E-5,-1.87233,-2.7E-4,-1.87226,-2.7E-4,-1.87221,-1.3E-4,-1.87233,0.25642,1.85469,-0.14287,-2.68393,-6.0E-5,-1.87233,-2.7E-4,-1.87226,-2.7E-4,-1.87221,-1.3E-4,-1.87233,0,0,0,0,0,0,0,0,0,0,0,0,0.25642,1.85469,-0.14287,-2.68393,-6.0E-5,-1.87233,-2.7E-4,-1.87226,-2.7E-4,-1.87221,-1.3E-4,-1.87233,0.25642,1.85469,-0.14287,-2.68393,-6.0E-5,-1.87233,-2.7E-4,-1.87226,-2.7E-4,-1.87221,-1.3E-4,-1.87233,0.25642,1.85469,-0.14287,-2.68393,-6.0E-5,-1.87233,-2.7E-4,-1.87226,-2.7E-4,-1.87221,-1.3E-4,-1.87233,0.2801,2.28578,-0.14021,-3.3046,-0.14018,-2.29856,0.02205,2.30274,0.03553,-2.30258,0.03522,-2.30254,0.03522,-2.30226,0.0354,-2.30257,0.38013,2.74956,-0.21178,-3.97888,-0.21178,-2.76758,0.0694,2.77482,0,-2.77569,-3.1E-4,-2.77565,-3.1E-4,-2.7754,-1.3E-4,-2.77569,-0.21178,-2.76758,0.0694,2.77482,0,-2.77569,-3.1E-4,-2.77565,-3.1E-4,-2.7754,-1.3E-4,-2.77569,-0.21178,-2.76758,0.0694,2.77482,0,-2.77569,-3.1E-4,-2.77565,-3.1E-4,-2.7754,-1.3E-4,-2.77569,-0.21178,-2.76758,0.0694,2.77482,0,-2.77569,-3.1E-4,-2.77565,-3.1E-4,-2.7754,-1.3E-4,-2.77569,-0.21178,-2.76758,0,-2.77569,-3.1E-4,-2.77565,-3.1E-4,-2.7754,-1.3E-4,-2.77569,-0.21178,-2.76758,0.0694,2.77482,0,-2.77569,-3.1E-4,-2.77565,-3.1E-4,-2.7754,-1.3E-4,-2.77569,-0.21178,-2.76758,0.0694,2.77482,0,-2.77569,-3.1E-4,-2.77565,-3.1E-4,-2.7754,-1.3E-4,-2.77569,-0.21178,-2.76758,0.0694,2.77482,0,-2.77569,-3.1E-4,-2.77565,-3.1E-4,-2.7754,-1.3E-4,-2.77569,-0.21178,-2.76758,0.0694,2.77482,0,-2.77569,-3.1E-4,-2.77565,-3.1E-4,-2.7754,-1.3E-4,-2.77569,-0.21178,-2.76758,0.0694,2.77482,0,-2.77569,-3.1E-4,-2.77565,-3.1E-4,-2.7754,-1.3E-4,-2.77569,-0.21178,-2.76758,0.0694,2.77482,0,-2.77569,-3.1E-4,-2.77565,-3.1E-4,-2.7754,-1.3E-4,-2.77569,-0.21178,-2.76758,0.0694,2.77482,0,-2.77569,-3.1E-4,-2.77565,-3.1E-4,-2.7754,-1.3E-4,-2.77569,-0.21178,-2.76758,0.0694,2.77482,0,-2.77569,-3.1E-4,-2.77565,-3.1E-4,-2.7754,-1.3E-4,-2.77569,-0.21178,-2.76758,0.0694,2.77482,0,-2.77569,-3.1E-4,-2.77565,-3.1E-4,-2.7754,-1.3E-4,-2.77569,-0.21178,-2.76758,0.0694,2.77482,0,-2.77569,-3.1E-4,-2.77565,-3.1E-4,-2.7754,-1.3E-4,-2.77569,-0.21178,-2.76758,0.0694,2.77482,0,-2.77569,-3.1E-4,-2.77565,-3.1E-4,-2.7754,-1.3E-4,-2.77569,0.38013,2.74956,-0.21178,-3.97888,-0.21178,-2.76758,0.0694,2.77482,0,-2.77569,-3.1E-4,-2.77565,-3.1E-4,-2.7754,-1.3E-4,-2.77569,0.37276,2.59373,-0.21391,-3.75459,-0.2139,-2.61159,0.07956,2.61915,-0.01405,-2.62032,-0.01437,-2.62029,-0.01435,-2.62,-0.01418,-2.62032,0.35559,-0.36597,0.37401,-0.22665,0.37399,-0.22665,0.37399,-0.22664,0.374,-0.22665,0,0,0,0,0,0,0,0,0,0,0,0,0,0,0,0,0,0,0,0,0,0,0,0,0,0,0,0,0,0,0,0,0,0,0,0,0,0,0,0,0,0,0,0,0,0,0,0,0,0,0,0,0,0,0,0,0,0,0,0,0,0,0,0,-0.10745,-1.07128,0.08064,1.07363,0.08066,1.07362,0.08064,1.07364,0.08064,1.07363]},{"time":1.4333,"offset":80,"vertices":[-1.99572,-2.15576,-1.82517,-2.30198,-1.82515,-2.30198,0,0,0,0,0,0,0,0,0,0,0,0,0,0,0,0,0,0,0,0,0,0,0,0,0,0,0,0,0,0,0,0,0,0,0,0,0,0,0,0,0,0,0,0,0,0,0,0,0,0,-2.61977,-2.1804,-2.4455,-2.37424,-2.44548,-2.37424,0,0,0,0,0,0,0,0,0,0,0,0,0,0,0,0,0,0,0,0,0,0,0,0,0,0,0,0,0,0,0,0,0,0,0,0,0,0,0,0,0,0,0,0,0,0,0,0,0,0,0,0,-0.30034,-0.07368,-0.30035,-0.07367,-0.30035,-0.07368,0.06839,-1.50032,0.06838,-1.50032,0,0,0,0,0,0,0,0,0,0,0,0,0,0,0,0,0,0,0,0,0,0,0,0,0,0,0,0,0,0,0,0,0,0,0,0,0,0,0,0,0,0,0,0,0,0,0,0,0,0,0,0,0,0,0,0,0,0,0,0,0,0,0,0,0,0,0,0,0,0,0,0,0,0,-3.80805,-2.95324,-3.80801,-2.95324,0.54224,-1.04723,0.62057,-1.00274,0.62061,-1.00269,0.6206,-1.00274,0,0,0,0,0,0,0,0,0,0,0,0,0,0,0,0,0,0,0,0,0,0,0,0,0,0,-3.31596,-3.61541,-3.31606,-3.61532,-3.31594,-3.61541,0.98674,-3.00436,0.98672,-3.00436,-2.33106,-4.77477,-2.33118,-4.77464,-2.33103,-4.77477,0,0,0,0,0,0,0,0,0,0,0,0,0,0,0,0,0,0,0,0,0,0,0,0,0,0,0.77051,-2.14842,0.77042,-2.14833,0.7705,-2.14842,-1.17553,-4.65884,-1.17561,-4.65875,-1.17551,-4.65884,0,0,0,0,0,0,0,0,1.48341,-3.75655,1.4833,-3.75642,1.48341,-3.75655,0,0,0,0,0,0,0,0,0,0,0,0,0,0,0.86559,-2.12883,0.86565,-2.12872,0.86558,-2.12883,0.74113,-2.00327,-0.21178,-2.76758,0.0694,2.77482,-3.1E-4,-2.77565,-3.1E-4,-2.7754,-1.3E-4,-2.77569,-0.21178,-2.76758,0.0694,2.77482,0,-2.77569,-3.1E-4,-2.77565,-3.1E-4,-2.7754,-1.3E-4,-2.77569,-0.21178,-2.76758,0.0694,2.77482,0,-2.77569,-3.1E-4,-2.77565,-3.1E-4,-2.7754,-1.3E-4,-2.77569,-0.21178,-2.76758,0.0694,2.77482,0,-2.77569,-3.1E-4,-2.77565,-3.1E-4,-2.7754,-1.3E-4,-2.77569,-0.21178,-2.76758,0.0694,2.77482,0,-2.77569,-3.1E-4,-2.77565,-3.1E-4,-2.7754,-1.3E-4,-2.77569,-0.21178,-2.76758,0.0694,2.77482,0,-2.77569,-3.1E-4,-2.77565,-3.1E-4,-2.7754,-1.3E-4,-2.77569,-0.21178,-2.76758,0.0694,2.77482,0,-2.77569,-3.1E-4,-2.77565,-3.1E-4,-2.7754,-1.3E-4,-2.77569,-0.21178,-2.76758,0.0694,2.77482,0,-2.77569,-3.1E-4,-2.77565,-3.1E-4,-2.7754,-1.3E-4,-2.77569,-0.21178,-2.76758,0.0694,2.77482,0,-2.77569,-3.1E-4,-2.77565,-3.1E-4,-2.7754,-1.3E-4,-2.77569,-0.21178,-2.76758,0.0694,2.77482,0,-2.77569,-3.1E-4,-2.77565,-3.1E-4,-2.7754,-1.3E-4,-2.77569,-0.21178,-2.76758,0.0694,2.77482,0,-2.77569,-3.1E-4,-2.77565,-3.1E-4,-2.7754,-1.3E-4,-2.77569,-0.21178,-2.76758,0.0694,2.77482,-3.1E-4,-2.77565,-3.1E-4,-2.7754,-1.3E-4,-2.77569,-0.14287,-2.68393,-6.0E-5,-1.87233,-2.7E-4,-1.87226,-2.7E-4,-1.87221,-1.3E-4,-1.87233,-0.14287,-2.68393,-6.0E-5,-1.87233,-2.7E-4,-1.87226,-2.7E-4,-1.87221,-1.3E-4,-1.87233,-0.14287,-2.68393,-6.0E-5,-1.87233,-2.7E-4,-1.87226,-2.7E-4,-1.87221,-1.3E-4,-1.87233,-0.14287,-2.68393,-6.0E-5,-1.87233,-2.7E-4,-1.87226,-2.7E-4,-1.87221,-1.3E-4,-1.87233,-0.14287,-2.68393,-6.0E-5,-1.87233,-2.7E-4,-1.87226,-2.7E-4,-1.87221,-1.3E-4,-1.87233,-0.14287,-2.68393,-6.0E-5,-1.87233,-2.7E-4,-1.87226,-2.7E-4,-1.87221,-1.3E-4,-1.87233,0.25642,1.85469,-0.14287,-2.68393,-6.0E-5,-1.87233,-2.7E-4,-1.87226,-2.7E-4,-1.87221,-1.3E-4,-1.87233,0.25642,1.85469,-0.14287,-2.68393,-6.0E-5,-1.87233,-2.7E-4,-1.87226,-2.7E-4,-1.87221,-1.3E-4,-1.87233,0.25642,1.85469,-0.14287,-2.68393,-6.0E-5,-1.87233,-2.7E-4,-1.87226,-2.7E-4,-1.87221,-1.3E-4,-1.87233,0.25642,1.85469,-0.14287,-2.68393,-6.0E-5,-1.87233,-2.7E-4,-1.87226,-2.7E-4,-1.87221,-1.3E-4,-1.87233,0.25642,1.85469,-0.14287,-2.68393,-6.0E-5,-1.87233,-2.7E-4,-1.87226,-2.7E-4,-1.87221,-1.3E-4,-1.87233,-0.84451,-2.2491,-0.67017,-2.30706,-0.6702,-2.30704,-0.67015,-2.30706,0.48999,2.26345,-0.35117,-3.29083,-0.17518,-2.30924,-0.17522,-2.30924,-0.17523,-2.30917,-0.17517,-2.30924,-0.81678,3.61687,1.03565,-5.11838,1.30471,-3.47077,1.30462,-3.47063,1.30473,-3.47077,0,0,0,0,0,0,0,0,0,0,0,0,0,0,0,0,0,0,0,0,0,0,0,0,0,0,0,0,0,0,0,0,0,0,0,0,0,0,0,0,0,0,0,0,0,0,0,0,0,0,0,0,0,0,0.20981,1.34435,0.20981,1.34434,0.20979,1.34438,0.20982,1.34435,0,0,0,0,0,0,0,0,0,0,0.26873,-0.5722,0.29835,-0.37633,0.29832,-0.37633,0.29832,-0.37633,0.29835,-0.37633,0,0,0,0,0,0,0,0,0,0,-1.34324,-5.27411,-1.3433,-5.27403,-1.34322,-5.27411,0.78882,-4.15929,1.00754,-2.82445,1.00745,-2.82435,1.00754,-2.82445,-0.14287,-2.68393,-6.0E-5,-1.87233,-2.7E-4,-1.87226,-2.7E-4,-1.87221,-1.3E-4,-1.87233,-0.14287,-2.68393,-6.0E-5,-1.87233,-2.7E-4,-1.87226,-2.7E-4,-1.87221,-1.3E-4,-1.87233,-0.14287,-2.68393,-6.0E-5,-1.87233,-2.7E-4,-1.87226,-2.7E-4,-1.87221,-1.3E-4,-1.87233,-0.14287,-2.68393,-6.0E-5,-1.87233,-2.7E-4,-1.87226,-2.7E-4,-1.87221,-1.3E-4,-1.87233,-0.14287,-2.68393,-6.0E-5,-1.87233,-2.7E-4,-1.87226,-2.7E-4,-1.87221,-1.3E-4,-1.87233,-0.14287,-2.68393,-6.0E-5,-1.87233,-2.7E-4,-1.87226,-2.7E-4,-1.87221,-1.3E-4,-1.87233,-0.14287,-2.68393,-6.0E-5,-1.87233,-2.7E-4,-1.87226,-2.7E-4,-1.87221,-1.3E-4,-1.87233,-0.14287,-2.68393,-6.0E-5,-1.87233,-2.7E-4,-1.87226,-2.7E-4,-1.87221,-1.3E-4,-1.87233,-0.14287,-2.68393,-6.0E-5,-1.87233,-2.7E-4,-1.87226,-2.7E-4,-1.87221,-1.3E-4,-1.87233,-0.14287,-2.68393,-6.0E-5,-1.87233,-2.7E-4,-1.87226,-2.7E-4,-1.87221,-1.3E-4,-1.87233,0.25642,1.85469,-0.14287,-2.68393,-6.0E-5,-1.87233,-2.7E-4,-1.87226,-2.7E-4,-1.87221,-1.3E-4,-1.87233,0.25642,1.85469,-0.14287,-2.68393,-6.0E-5,-1.87233,-2.7E-4,-1.87226,-2.7E-4,-1.87221,-1.3E-4,-1.87233,0.25642,1.85469,-0.14287,-2.68393,-6.0E-5,-1.87233,-2.7E-4,-1.87226,-2.7E-4,-1.87221,-1.3E-4,-1.87233,0,0,0,0,0,0,0,0,0,0,0,0,0.25642,1.85469,-0.14287,-2.68393,-6.0E-5,-1.87233,-2.7E-4,-1.87226,-2.7E-4,-1.87221,-1.3E-4,-1.87233,0.25642,1.85469,-0.14287,-2.68393,-6.0E-5,-1.87233,-2.7E-4,-1.87226,-2.7E-4,-1.87221,-1.3E-4,-1.87233,0.25642,1.85469,-0.14287,-2.68393,-6.0E-5,-1.87233,-2.7E-4,-1.87226,-2.7E-4,-1.87221,-1.3E-4,-1.87233,0.38013,2.74956,-0.21178,-3.97888,-0.21178,-2.76758,0.0694,2.77482,0,-2.77569,-3.1E-4,-2.77565,-3.1E-4,-2.7754,-1.3E-4,-2.77569,0.38013,2.74956,-0.21178,-3.97888,-0.21178,-2.76758,0.0694,2.77482,0,-2.77569,-3.1E-4,-2.77565,-3.1E-4,-2.7754,-1.3E-4,-2.77569,-0.21178,-2.76758,0.0694,2.77482,0,-2.77569,-3.1E-4,-2.77565,-3.1E-4,-2.7754,-1.3E-4,-2.77569,-0.21178,-2.76758,0.0694,2.77482,0,-2.77569,-3.1E-4,-2.77565,-3.1E-4,-2.7754,-1.3E-4,-2.77569,-0.21178,-2.76758,0.0694,2.77482,0,-2.77569,-3.1E-4,-2.77565,-3.1E-4,-2.7754,-1.3E-4,-2.77569,-0.21178,-2.76758,0,-2.77569,-3.1E-4,-2.77565,-3.1E-4,-2.7754,-1.3E-4,-2.77569,-0.21178,-2.76758,0.0694,2.77482,0,-2.77569,-3.1E-4,-2.77565,-3.1E-4,-2.7754,-1.3E-4,-2.77569,-0.21178,-2.76758,0.0694,2.77482,0,-2.77569,-3.1E-4,-2.77565,-3.1E-4,-2.7754,-1.3E-4,-2.77569,-0.21178,-2.76758,0.0694,2.77482,0,-2.77569,-3.1E-4,-2.77565,-3.1E-4,-2.7754,-1.3E-4,-2.77569,-0.21178,-2.76758,0.0694,2.77482,0,-2.77569,-3.1E-4,-2.77565,-3.1E-4,-2.7754,-1.3E-4,-2.77569,-0.21178,-2.76758,0.0694,2.77482,0,-2.77569,-3.1E-4,-2.77565,-3.1E-4,-2.7754,-1.3E-4,-2.77569,-0.21178,-2.76758,0.0694,2.77482,0,-2.77569,-3.1E-4,-2.77565,-3.1E-4,-2.7754,-1.3E-4,-2.77569,-0.21178,-2.76758,0.0694,2.77482,0,-2.77569,-3.1E-4,-2.77565,-3.1E-4,-2.7754,-1.3E-4,-2.77569,-0.21178,-2.76758,0.0694,2.77482,0,-2.77569,-3.1E-4,-2.77565,-3.1E-4,-2.7754,-1.3E-4,-2.77569,-0.21178,-2.76758,0.0694,2.77482,0,-2.77569,-3.1E-4,-2.77565,-3.1E-4,-2.7754,-1.3E-4,-2.77569,-0.21178,-2.76758,0.0694,2.77482,0,-2.77569,-3.1E-4,-2.77565,-3.1E-4,-2.7754,-1.3E-4,-2.77569,-0.21178,-2.76758,0.0694,2.77482,0,-2.77569,-3.1E-4,-2.77565,-3.1E-4,-2.7754,-1.3E-4,-2.77569,0.38013,2.74956,-0.21178,-3.97888,-0.21178,-2.76758,0.0694,2.77482,0,-2.77569,-3.1E-4,-2.77565,-3.1E-4,-2.7754,-1.3E-4,-2.77569,0.38013,2.74956,-0.21178,-3.97888,-0.21178,-2.76758,0.0694,2.77482,0,-2.77569,-3.1E-4,-2.77565,-3.1E-4,-2.7754,-1.3E-4,-2.77569,0.35559,-0.36597,0.37401,-0.22665,0.37399,-0.22665,0.37399,-0.22664,0.374,-0.22665,0,0,0,0,0,0,0,0,0,0,0,0,0,0,0,0,0,0,0,0,0,0,0,0,0,0,0,0,0,0,0,0,0,0,0,0,0,0,0,0,0,0,0,0,0,0,0,0,0,0,0,0,0,0,0,0,0,0,0,0,0,0,0,0,-0.10745,-1.07128,0.08064,1.07363,0.08066,1.07362,0.08064,1.07364,0.08064,1.07363]}]}}}}}}