{"skeleton":{"hash":"Jk8e0JnRdXO0MdfVwZfO1X8PHD4","spine":"3.8.99","x":-161.21,"y":-111.14,"width":333.34,"height":217.47,"images":"./img/","audio":"C:/Users/user/Desktop/Work/맞고/2차/Spine_Dev/Effect/mission"},"bones":[{"name":"root"},{"name":"Bg","parent":"root"},{"name":"Icon","parent":"root"},{"name":"Text","parent":"root"},{"name":"Text01","parent":"Text","x":-59.81,"y":-6.37},{"name":"Text02","parent":"Text","x":-18.94,"y":-6.37},{"name":"Text03","parent":"Text","x":17.05,"y":-6.37},{"name":"Text04","parent":"Text","x":54.26,"y":-6.37}],"slots":[{"name":"bg_s","bone":"Bg","attachment":"bg_s"},{"name":"icon_o_L","bone":"Icon","attachment":"icon_o_L"},{"name":"text_s1","bone":"Text01","attachment":"text_s1"},{"name":"text_s2","bone":"Text02","attachment":"text_s2"},{"name":"text_s3","bone":"Text03","attachment":"text_s3"},{"name":"text_s4","bone":"Text04","attachment":"text_s4"}],"skins":[{"name":"default","attachments":{"bg_s":{"bg_s":{"x":0.09,"y":-0.37,"width":295,"height":158}},"icon_o_L":{"icon_o_L":{"x":1.09,"y":-0.37,"width":109,"height":104}},"text_s1":{"text_s1":{"x":3.9,"y":-4,"width":37,"height":46}},"text_s2":{"text_s2":{"x":-4.47,"y":-4,"width":40,"height":46}},"text_s3":{"text_s3":{"x":-1.96,"y":-4.5,"width":39,"height":47}},"text_s4":{"text_s4":{"x":0.33,"y":-4.5,"width":44,"height":47}}}}],"animations":{"mission_success":{"slots":{"bg_s":{"color":[{"color":"ffffff00"},{"time":0.1667,"color":"ffffffff"}]},"icon_o_L":{"color":[{"color":"ffffff00","curve":"stepped"},{"time":0.1667,"color":"ffffff00"},{"time":0.4,"color":"ffffffff"}]},"text_s1":{"color":[{"color":"ffffff00","curve":"stepped"},{"time":0.3667,"color":"ffffff00","curve":0.488,"c2":0.06,"c3":0.705,"c4":0.21},{"time":0.6333,"color":"ffffffff"}]},"text_s2":{"color":[{"color":"ffffff00","curve":"stepped"},{"time":0.5,"color":"ffffff00","curve":0.488,"c2":0.06,"c3":0.705,"c4":0.21},{"time":0.7667,"color":"ffffffff"}]},"text_s3":{"color":[{"color":"ffffff00","curve":"stepped"},{"time":0.6333,"color":"ffffff00","curve":0.488,"c2":0.06,"c3":0.705,"c4":0.21},{"time":0.9,"color":"ffffffff"}]},"text_s4":{"color":[{"color":"ffffff00","curve":"stepped"},{"time":0.7667,"color":"ffffff00","curve":0.488,"c2":0.06,"c3":0.705,"c4":0.21},{"time":1.0333,"color":"ffffffff"}]}},"bones":{"Icon":{"scale":[{"x":3,"y":3,"curve":"stepped"},{"time":0.1667,"x":3,"y":3,"curve":0.84,"c2":0.19,"c4":0.4},{"time":0.4}]},"Text01":{"scale":[{"x":3,"y":3,"curve":"stepped"},{"time":0.3667,"x":3,"y":3,"curve":0.488,"c2":0.06,"c3":0.705,"c4":0.21},{"time":0.6333}]},"Text02":{"scale":[{"x":3,"y":3,"curve":"stepped"},{"time":0.5,"x":3,"y":3,"curve":0.488,"c2":0.06,"c3":0.705,"c4":0.21},{"time":0.7667}]},"Text03":{"scale":[{"x":3,"y":3,"curve":"stepped"},{"time":0.6333,"x":3,"y":3,"curve":0.488,"c2":0.06,"c3":0.705,"c4":0.21},{"time":0.9}]},"Text04":{"scale":[{"x":3,"y":3,"curve":"stepped"},{"time":0.7667,"x":3,"y":3,"curve":0.488,"c2":0.06,"c3":0.705,"c4":0.21},{"time":1.0333}]},"Text":{"scale":[{"time":1.6667}]}}}}}