{"skeleton":{"hash":"7VwKpcfed3DHsiT8lbAOAAIVH1A","spine":"3.8.99","x":-161.21,"y":-111.14,"width":333.34,"height":217.47,"images":"./img/","audio":"C:/Users/user/Desktop/Work/맞고/2차/Spine_Dev/Effect/mission"},"bones":[{"name":"root"},{"name":"Pang","parent":"root","x":-84.21,"y":36.33},{"name":"Pang2","parent":"root","x":95.13,"y":-41.14}],"slots":[{"name":"Pang001","bone":"Pang","attachment":"Pang001"},{"name":"Pang1","bone":"Pang2","attachment":"Pang001"},{"name":"Pang010","bone":"Pang","attachment":"Pang010"},{"name":"Pang10","bone":"Pang2","attachment":"Pang010"},{"name":"Pang011","bone":"Pang","attachment":"Pang011"},{"name":"Pang11","bone":"Pang2","attachment":"Pang011"},{"name":"Pang012","bone":"Pang","attachment":"Pang012"},{"name":"Pang12","bone":"Pang2","attachment":"Pang012"},{"name":"Pang013","bone":"Pang","attachment":"Pang013"},{"name":"Pang13","bone":"Pang2","attachment":"Pang013"},{"name":"Pang014","bone":"Pang","attachment":"Pang014"},{"name":"Pang14","bone":"Pang2","attachment":"Pang014"},{"name":"Pang015","bone":"Pang","attachment":"Pang015"},{"name":"Pang15","bone":"Pang2","attachment":"Pang015"},{"name":"Pang016","bone":"Pang","attachment":"Pang016"},{"name":"Pang16","bone":"Pang2","attachment":"Pang016"},{"name":"Pang017","bone":"Pang","attachment":"Pang017"},{"name":"Pang17","bone":"Pang2","attachment":"Pang017"},{"name":"Pang018","bone":"Pang","attachment":"Pang018"},{"name":"Pang18","bone":"Pang2","attachment":"Pang018"},{"name":"Pang019","bone":"Pang","attachment":"Pang019"},{"name":"Pang19","bone":"Pang2","attachment":"Pang019"},{"name":"Pang002","bone":"Pang","attachment":"Pang002"},{"name":"Pang2","bone":"Pang2","attachment":"Pang002"},{"name":"Pang020","bone":"Pang","attachment":"Pang020"},{"name":"Pang20","bone":"Pang2","attachment":"Pang020"},{"name":"Pang021","bone":"Pang","attachment":"Pang021"},{"name":"Pang21","bone":"Pang2","attachment":"Pang021"},{"name":"Pang022","bone":"Pang","attachment":"Pang022"},{"name":"Pang22","bone":"Pang2","attachment":"Pang022"},{"name":"Pang003","bone":"Pang","attachment":"Pang003"},{"name":"Pang3","bone":"Pang2","attachment":"Pang003"},{"name":"Pang004","bone":"Pang","attachment":"Pang004"},{"name":"Pang4","bone":"Pang2","attachment":"Pang004"},{"name":"Pang005","bone":"Pang","attachment":"Pang005"},{"name":"Pang5","bone":"Pang2","attachment":"Pang005"},{"name":"Pang006","bone":"Pang","attachment":"Pang006"},{"name":"Pang6","bone":"Pang2","attachment":"Pang006"},{"name":"Pang007","bone":"Pang","attachment":"Pang007"},{"name":"Pang7","bone":"Pang2","attachment":"Pang007"},{"name":"Pang008","bone":"Pang","attachment":"Pang008"},{"name":"Pang8","bone":"Pang2","attachment":"Pang008"},{"name":"Pang009","bone":"Pang","attachment":"Pang009"},{"name":"Pang9","bone":"Pang2","attachment":"Pang009"}],"skins":[{"name":"default","attachments":{"Pang001":{"Pang001":{"width":14,"height":14}},"Pang1":{"Pang001":{"width":14,"height":14}},"Pang002":{"Pang002":{"width":16,"height":14}},"Pang2":{"Pang002":{"width":16,"height":14}},"Pang003":{"Pang003":{"width":20,"height":18}},"Pang3":{"Pang003":{"width":20,"height":18}},"Pang004":{"Pang004":{"width":26,"height":24}},"Pang4":{"Pang004":{"width":26,"height":24}},"Pang005":{"Pang005":{"width":38,"height":34}},"Pang5":{"Pang005":{"width":38,"height":34}},"Pang006":{"Pang006":{"width":66,"height":60}},"Pang6":{"Pang006":{"width":66,"height":60}},"Pang007":{"Pang007":{"width":98,"height":90}},"Pang7":{"Pang007":{"width":98,"height":90}},"Pang008":{"Pang008":{"width":116,"height":106}},"Pang8":{"Pang008":{"width":116,"height":106}},"Pang009":{"Pang009":{"width":126,"height":114}},"Pang9":{"Pang009":{"width":126,"height":114}},"Pang010":{"Pang010":{"width":132,"height":122}},"Pang10":{"Pang010":{"width":132,"height":122}},"Pang011":{"Pang011":{"width":138,"height":126}},"Pang11":{"Pang011":{"width":138,"height":126}},"Pang012":{"Pang012":{"width":142,"height":130}},"Pang12":{"Pang012":{"width":142,"height":130}},"Pang013":{"Pang013":{"width":146,"height":132}},"Pang13":{"Pang013":{"width":146,"height":132}},"Pang014":{"Pang014":{"width":148,"height":134}},"Pang14":{"Pang014":{"width":148,"height":134}},"Pang015":{"Pang015":{"width":150,"height":136}},"Pang15":{"Pang015":{"width":150,"height":136}},"Pang016":{"Pang016":{"width":152,"height":138}},"Pang16":{"Pang016":{"width":152,"height":138}},"Pang017":{"Pang017":{"width":152,"height":138}},"Pang17":{"Pang017":{"width":152,"height":138}},"Pang018":{"Pang018":{"width":154,"height":140}},"Pang18":{"Pang018":{"width":154,"height":140}},"Pang019":{"Pang019":{"width":154,"height":140}},"Pang19":{"Pang019":{"width":154,"height":140}},"Pang020":{"Pang020":{"width":154,"height":140}},"Pang20":{"Pang020":{"width":154,"height":140}},"Pang021":{"Pang021":{"width":154,"height":140}},"Pang21":{"Pang021":{"width":154,"height":140}},"Pang022":{"Pang022":{"width":154,"height":140}},"Pang22":{"Pang022":{"width":154,"height":140}}}}],"animations":{"mission_success":{"slots":{"Pang001":{"attachment":[{"name":null},{"time":0.6333,"name":"Pang001"},{"time":0.6667,"name":null}]},"Pang1":{"attachment":[{"name":null},{"time":0.8667,"name":"Pang001"},{"time":0.9,"name":null}]},"Pang002":{"attachment":[{"name":null},{"time":0.6667,"name":"Pang002"},{"time":0.7,"name":null}]},"Pang2":{"attachment":[{"name":null},{"time":0.9,"name":"Pang002"},{"time":0.9333,"name":null}]},"Pang003":{"attachment":[{"name":null},{"time":0.7,"name":"Pang003"},{"time":0.7333,"name":null}]},"Pang3":{"attachment":[{"name":null},{"time":0.9333,"name":"Pang003"},{"time":0.9667,"name":null}]},"Pang004":{"attachment":[{"name":null},{"time":0.7333,"name":"Pang004"},{"time":0.7667,"name":null}]},"Pang4":{"attachment":[{"name":null},{"time":0.9667,"name":"Pang004"},{"time":1,"name":null}]},"Pang005":{"attachment":[{"name":null},{"time":0.7667,"name":"Pang005"},{"time":0.8,"name":null}]},"Pang5":{"attachment":[{"name":null},{"time":1,"name":"Pang005"},{"time":1.0333,"name":null}]},"Pang006":{"attachment":[{"name":null},{"time":0.8,"name":"Pang006"},{"time":0.8333,"name":null}]},"Pang6":{"attachment":[{"name":null},{"time":1.0333,"name":"Pang006"},{"time":1.0667,"name":null}]},"Pang007":{"attachment":[{"name":null},{"time":0.8333,"name":"Pang007"},{"time":0.8667,"name":null}]},"Pang7":{"attachment":[{"name":null},{"time":1.0667,"name":"Pang007"},{"time":1.1,"name":null}]},"Pang008":{"attachment":[{"name":null},{"time":0.8667,"name":"Pang008"},{"time":0.9,"name":null}]},"Pang8":{"attachment":[{"name":null},{"time":1.1,"name":"Pang008"},{"time":1.1333,"name":null}]},"Pang009":{"attachment":[{"name":null},{"time":0.9,"name":"Pang009"},{"time":0.9333,"name":null}]},"Pang9":{"attachment":[{"name":null},{"time":1.1333,"name":"Pang009"},{"time":1.1667,"name":null}]},"Pang010":{"attachment":[{"name":null},{"time":0.9333,"name":"Pang010"},{"time":0.9667,"name":null}]},"Pang10":{"attachment":[{"name":null},{"time":1.1667,"name":"Pang010"},{"time":1.2,"name":null}]},"Pang011":{"attachment":[{"name":null},{"time":0.9667,"name":"Pang011"},{"time":1,"name":null}]},"Pang11":{"attachment":[{"name":null},{"time":1.2,"name":"Pang011"},{"time":1.2333,"name":null}]},"Pang012":{"attachment":[{"name":null},{"time":1,"name":"Pang012"},{"time":1.0333,"name":null}]},"Pang12":{"attachment":[{"name":null},{"time":1.2333,"name":"Pang012"},{"time":1.2667,"name":null}]},"Pang013":{"attachment":[{"name":null},{"time":1.0333,"name":"Pang013"},{"time":1.0667,"name":null}]},"Pang13":{"attachment":[{"name":null},{"time":1.2667,"name":"Pang013"},{"time":1.3,"name":null}]},"Pang014":{"attachment":[{"name":null},{"time":1.0667,"name":"Pang014"},{"time":1.1,"name":null}]},"Pang14":{"attachment":[{"name":null},{"time":1.3,"name":"Pang014"},{"time":1.3333,"name":null}]},"Pang015":{"attachment":[{"name":null},{"time":1.1,"name":"Pang015"},{"time":1.1333,"name":null}]},"Pang15":{"attachment":[{"name":null},{"time":1.3333,"name":"Pang015"},{"time":1.3667,"name":null}]},"Pang016":{"attachment":[{"name":null},{"time":1.1333,"name":"Pang016"},{"time":1.1667,"name":null}]},"Pang16":{"attachment":[{"name":null},{"time":1.3667,"name":"Pang016"},{"time":1.4,"name":null}]},"Pang017":{"attachment":[{"name":null},{"time":1.1667,"name":"Pang017"},{"time":1.2,"name":null}]},"Pang17":{"attachment":[{"name":null},{"time":1.4,"name":"Pang017"},{"time":1.4333,"name":null}]},"Pang018":{"attachment":[{"name":null},{"time":1.2,"name":"Pang018"},{"time":1.2333,"name":null}]},"Pang18":{"attachment":[{"name":null},{"time":1.4333,"name":"Pang018"},{"time":1.4667,"name":null}]},"Pang019":{"attachment":[{"name":null},{"time":1.2333,"name":"Pang019"},{"time":1.2667,"name":null}]},"Pang19":{"attachment":[{"name":null},{"time":1.4667,"name":"Pang019"},{"time":1.5,"name":null}]},"Pang020":{"attachment":[{"name":null},{"time":1.2667,"name":"Pang020"},{"time":1.3,"name":null}]},"Pang20":{"attachment":[{"name":null},{"time":1.5,"name":"Pang020"},{"time":1.5333,"name":null}]},"Pang021":{"attachment":[{"name":null},{"time":1.3,"name":"Pang021"},{"time":1.3333,"name":null}]},"Pang21":{"attachment":[{"name":null},{"time":1.5333,"name":"Pang021"},{"time":1.5667,"name":null}]},"Pang022":{"color":[{"time":1.3333,"color":"ffffffff","curve":0,"c2":1,"c3":0.75},{"time":1.5,"color":"ffffff00"}],"attachment":[{"name":null},{"time":1.3333,"name":"Pang022"}]},"Pang22":{"color":[{"time":1.5667,"color":"ffffffff","curve":0,"c2":0.67,"c3":0.344,"c4":0.99},{"time":1.6667,"color":"ffffff00"}],"attachment":[{"name":null},{"time":1.5667,"name":"Pang022"}]}}}}}