{"skeleton":{"hash":"2POaWM38xiKWIKaP7EmhjWSl3RE","spine":"3.8.99","x":-185.03,"y":-179.03,"width":368.8,"height":370.86,"images":"../../img/","audio":"C:/Users/user/Desktop/Work/맞고/2차/Spine_Dev/Effect/kwang"},"bones":[{"name":"root"},{"name":"Letter","parent":"root","x":0.21,"y":-0.12},{"name":"Num","parent":"Letter","x":-36.24,"y":-1.18},{"name":"Gwang","parent":"Letter","x":30.99,"y":-1.18},{"name":"Effect","parent":"root","x":2.82,"y":-92.44,"color":"ecff25ff"},{"name":"particle","parent":"Effect","x":-2.82,"y":92.44},{"name":"Backlight","parent":"Effect","x":-2.82,"y":92.44},{"name":"Bg","parent":"Effect","x":-2.82,"y":92.44,"scaleX":2,"scaleY":2},{"name":"Backlight2","parent":"Effect","rotation":-10.87,"x":-2.82,"y":92.44,"scaleX":0.862,"scaleY":0.862},{"name":"particle2","parent":"Effect","rotation":165.08,"x":-2.82,"y":92.44}],"slots":[{"name":"BG","bone":"Bg","color":"efff00ff","attachment":"BG"},{"name":"BG2","bone":"Bg","color":"aeff00ff","attachment":"BG"},{"name":"Light","bone":"Backlight","attachment":"Light"},{"name":"Light2","bone":"Backlight2","color":"ffffff86","attachment":"Light"},{"name":"Particle","bone":"particle","attachment":"Particle"},{"name":"Particle2","bone":"particle2","attachment":"Particle"},{"name":"Gwang","bone":"Gwang","attachment":"Gwang"},{"name":"3","bone":"Num","attachment":"3"}],"skins":[{"name":"default","attachments":{"3":{"3":{"x":1.91,"y":-2.04,"width":63,"height":93}},"BG":{"BG":{"x":1.81,"y":0.06,"width":126,"height":110}},"BG2":{"BG":{"x":1.81,"y":0.06,"width":126,"height":110}},"Gwang":{"Gwang":{"x":8.68,"y":-2.54,"width":89,"height":96}},"Light":{"Light":{"x":-2.12,"y":7.15,"width":365,"height":368}},"Light2":{"Light":{"x":-2.12,"y":7.15,"width":365,"height":368}},"Particle":{"Particle":{"x":27.88,"y":12.65,"width":207,"height":229}},"Particle2":{"Particle":{"x":27.88,"y":12.65,"width":207,"height":229}}}}],"animations":{"3kwang":{"slots":{"3":{"color":[{"color":"ffffff00","curve":0.25,"c3":0.783,"c4":0.11},{"time":0.2,"color":"ffffffff","curve":"stepped"},{"time":1,"color":"ffffffff"},{"time":1.1667,"color":"ffffff00"}]},"BG":{"color":[{"color":"efff0000","curve":"stepped"},{"time":0.2333,"color":"efff0000"},{"time":0.4,"color":"efff00ff","curve":"stepped"},{"time":1,"color":"efff00ff"},{"time":1.1667,"color":"efff0000"}]},"BG2":{"color":[{"color":"aeff0000","curve":"stepped"},{"time":0.2333,"color":"aeff0000"},{"time":0.4,"color":"aeff00ff","curve":"stepped"},{"time":1,"color":"aeff00ff"},{"time":1.1667,"color":"aeff0000"}]},"Gwang":{"color":[{"color":"ffffff00","curve":"stepped"},{"time":0.1333,"color":"ffffff00","curve":0.25,"c3":0.783,"c4":0.11},{"time":0.3333,"color":"ffffffff","curve":"stepped"},{"time":1,"color":"ffffffff"},{"time":1.1667,"color":"ffffff00"}]},"Light":{"color":[{"color":"ffffff00","curve":"stepped"},{"time":0.1667,"color":"ffffff00","curve":0.344,"c2":0.46,"c3":0.471},{"time":0.5,"color":"ffffffff","curve":"stepped"},{"time":0.9,"color":"ffffffff"},{"time":1.1667,"color":"ffffff00"}]},"Light2":{"color":[{"color":"ffffff00","curve":"stepped"},{"time":0.1667,"color":"ffffff00","curve":0.344,"c2":0.46,"c3":0.471},{"time":0.5,"color":"ffffff6a","curve":"stepped"},{"time":0.9,"color":"ffffff6a"},{"time":1.1667,"color":"ffffff00"}]},"Particle":{"color":[{"color":"ffffff00","curve":"stepped"},{"time":0.3333,"color":"ffffff00"},{"time":0.4333,"color":"ffffffff","curve":"stepped"},{"time":0.9667,"color":"ffffffff"},{"time":1.1667,"color":"ffffff00"}]},"Particle2":{"color":[{"color":"ffffff00","curve":"stepped"},{"time":0.5667,"color":"ffffff00"},{"time":0.6667,"color":"ffffffff","curve":"stepped"},{"time":0.9667,"color":"ffffffff"},{"time":1.1667,"color":"ffffff00"}]}},"bones":{"Num":{"translate":[{"time":1},{"time":1.1667,"x":-89.64}],"scale":[{"x":0.3,"y":0.3,"curve":0.25,"c3":0.783,"c4":0.11},{"time":0.2,"curve":"stepped"},{"time":1,"curve":0.385,"c2":0.28,"c3":0.725,"c4":0.61},{"time":1.1667,"x":4,"y":4}]},"Backlight2":{"rotate":[{"time":0.1667},{"time":1.1667,"angle":47.87}],"scale":[{"x":0.348,"y":0.348,"curve":"stepped"},{"time":0.1667,"x":0.348,"y":0.348,"curve":0.344,"c2":0.46,"c3":0.471},{"time":0.6667}]},"Backlight":{"rotate":[{"time":0.1667},{"time":1.1667,"angle":-53.15}],"scale":[{"x":0.3,"y":0.3,"curve":"stepped"},{"time":0.1667,"x":0.3,"y":0.3,"curve":0.344,"c2":0.46,"c3":0.471},{"time":0.6667}]},"Bg":{"scale":[{"x":0.15,"y":0.15},{"time":0.5},{"time":1.1667,"x":1.1,"y":1.1}]},"particle":{"rotate":[{"time":0.2667},{"time":1.1667,"angle":10.28}],"scale":[{},{"time":0.2667,"x":0.5,"y":0.5},{"time":1.1667}]},"Gwang":{"translate":[{"time":1},{"time":1.1667,"x":82.17}],"scale":[{"x":0.3,"y":0.3,"curve":"stepped"},{"time":0.1333,"x":0.3,"y":0.3,"curve":0.25,"c3":0.783,"c4":0.11},{"time":0.3333,"curve":"stepped"},{"time":1},{"time":1.1667,"x":4,"y":4}]},"particle2":{"rotate":[{"time":0.5},{"time":1.1667,"angle":34.22}],"scale":[{},{"time":0.5,"x":0.5,"y":0.5},{"time":1.1667}]}}}}}