{"skeleton":{"hash":"mVbAot07aoCy2XAaKNjFpUizVtg","spine":"3.8.99","x":-169.52,"y":-138.43,"width":330,"height":280,"images":"./img/","audio":"C:/Users/user/Desktop/Work/맞고/2차/Spine_Dev/Effect/Dan"},"bones":[{"name":"root"},{"name":"Effect","parent":"root","y":150.92,"color":"f3ff40ff"},{"name":"Cheongdan","parent":"Effect","y":0.21,"color":"0043ffff"},{"name":"Hongdan","parent":"Effect","y":0.21,"color":"ff0000ff"},{"name":"Chodan","parent":"Effect","y":0.21,"color":"00ff03ff"},{"name":"Letter","parent":"root","y":-140.46},{"name":"Letter_Cheongdan","parent":"Letter","y":140.46,"color":"0042ffff"},{"name":"Letter_Chodan","parent":"Letter","y":140.46,"color":"00ff03ff"},{"name":"Letter_Hongdan","parent":"Letter","y":140.46,"color":"ff0000ff"},{"name":"BG","parent":"root"},{"name":"Flag","parent":"root","length":76.71,"rotation":-82.44,"x":-15.41,"y":104.29},{"name":"Flag2","parent":"Flag","length":42.98,"rotation":0.7,"x":73.83,"y":-1.13},{"name":"Flag3","parent":"Flag2","length":44.26,"rotation":10.74,"x":42.98},{"name":"Flag4","parent":"Flag3","length":40.19,"rotation":8.44,"x":44.26},{"name":"Leaf1","parent":"Cheongdan","length":39.13,"rotation":92.01,"x":21.99,"y":-53.64,"color":"0043ffff"},{"name":"Leaf2","parent":"Cheongdan","length":38.45,"rotation":15.52,"x":-72.68,"y":-85.19,"color":"0043ffff"},{"name":"Leaf3","parent":"Cheongdan","length":34.06,"rotation":145.67,"x":-10.25,"y":-227.88,"color":"0043ffff"},{"name":"Leaf4","parent":"Cheongdan","length":40.26,"rotation":103.8,"x":67.27,"y":-214.16,"color":"0043ffff"},{"name":"Grass","parent":"Chodan","length":30.46,"rotation":147,"x":-44.55,"y":-203.18,"scaleX":0.8369,"scaleY":0.8369,"shearX":-180,"color":"00ff03ff"},{"name":"Grass2","parent":"Grass","length":27.14,"rotation":-23.91,"x":29.29,"y":1.54,"color":"00ff03ff"},{"name":"Grass3","parent":"Grass2","length":19.94,"rotation":-24.67,"x":27.14,"color":"00ff03ff"},{"name":"Grass4","parent":"Grass3","length":27.06,"rotation":-18.72,"x":19.94,"color":"00ff03ff"},{"name":"Grass9","parent":"Chodan","length":30.46,"rotation":-94.19,"x":56.98,"y":-33.74,"scaleX":0.8357,"scaleY":0.8357,"color":"00ff03ff"},{"name":"Grass10","parent":"Grass9","length":27.14,"rotation":-23.91,"x":29.29,"y":1.54,"color":"00ff03ff"},{"name":"Grass11","parent":"Grass10","length":19.94,"rotation":-24.67,"x":27.14,"color":"00ff03ff"},{"name":"Grass12","parent":"Grass11","length":27.06,"rotation":-18.72,"x":19.94,"color":"00ff03ff"},{"name":"Grass13","parent":"Chodan","length":30.46,"rotation":97.77,"x":64.52,"y":-249.83,"color":"00ff03ff"},{"name":"Grass14","parent":"Grass13","length":27.14,"rotation":-23.91,"x":29.29,"y":1.54,"color":"00ff03ff"},{"name":"Grass15","parent":"Grass14","length":19.94,"rotation":-24.67,"x":27.14,"color":"00ff03ff"},{"name":"Grass16","parent":"Grass15","length":27.06,"rotation":-18.72,"x":19.94,"color":"00ff03ff"},{"name":"Grass5","parent":"Chodan","length":30.46,"rotation":-71.07,"x":-25.34,"y":-94.11,"scaleX":0.9878,"scaleY":0.9878,"shearX":-180,"color":"00ff03ff"},{"name":"Grass6","parent":"Grass5","length":27.14,"rotation":-23.91,"x":29.29,"y":1.54,"color":"00ff03ff"},{"name":"Grass7","parent":"Grass6","length":19.94,"rotation":-24.67,"x":27.14,"color":"00ff03ff"},{"name":"Grass8","parent":"Grass7","length":27.06,"rotation":-18.72,"x":19.94,"color":"00ff03ff"},{"name":"Flower","parent":"Hongdan","x":78.41,"y":-62.69,"color":"ff0000ff"},{"name":"Flower2","parent":"Hongdan","x":-33.77,"y":-49.1,"color":"ff0000ff"},{"name":"Flower3","parent":"Hongdan","x":-78.95,"y":-204.89,"color":"ff0000ff"},{"name":"Flower4","parent":"Hongdan","x":20.82,"y":-221.95,"scaleX":1.092,"scaleY":1.092,"color":"ff0000ff"},{"name":"Flag5","parent":"Flag","length":23.27,"rotation":172.44,"x":200.7,"y":29.44}],"slots":[{"name":"Cheong_Bg","bone":"BG","attachment":"Cheong_Bg"},{"name":"Cho_Bg","bone":"BG"},{"name":"Flag","bone":"Flag","attachment":"Flag"},{"name":"Cho_Flag","bone":"Flag"},{"name":"Cheong_Flag","bone":"Flag","attachment":"Cheong_Flag"},{"name":"Hong_Flag","bone":"Flag"},{"name":"Cho_grass","bone":"Grass"},{"name":"Cho_grass3","bone":"Grass5"},{"name":"Cho_grass7","bone":"Grass13"},{"name":"Cho_grass6","bone":"Grass9"},{"name":"Chodan_letter","bone":"Letter_Chodan"},{"name":"Hong_Flower3","bone":"Flower"},{"name":"Hong_Flower2","bone":"Flower3"},{"name":"Hong_Flower1","bone":"Flower2"},{"name":"Hong_Flower4","bone":"Flower4"},{"name":"Hongdan_letter","bone":"Letter_Hongdan"},{"name":"Cheong_Leaf3","bone":"Leaf1","attachment":"Cheong_Leaf3"},{"name":"Cheong_Leaf4","bone":"Leaf3","attachment":"Cheong_Leaf3"},{"name":"Cheong_Leaf2","bone":"Leaf4","attachment":"Cheong_Leaf2"},{"name":"Cheong_Leaf1","bone":"Leaf2","attachment":"Cheong_Leaf1"},{"name":"Cheongdan_Letter","bone":"Letter_Cheongdan","attachment":"Cheongdan_Letter"},{"name":"Flag_roll","bone":"Flag5","dark":"000000","attachment":"Flag_roll"}],"skins":[{"name":"default","attachments":{"Cheong_Bg":{"Cheong_Bg":{"x":-4.52,"y":1.57,"scaleX":2,"scaleY":2,"width":165,"height":140}},"Cheong_Flag":{"Cheong_Flag":{"type":"mesh","uvs":[0.51922,0.17783,0.55313,0.3497,0.59628,0.47403,0.63636,0.54717,0.70109,0.66419,0.76583,0.76292,0.85522,0.858,1,1,0.72884,1,0.39591,1,0.31321,0.91437,0.2507,0.83158,0.18066,0.72503,0.12963,0.62358,0.08771,0.51899,0.03843,0.37528,0,0.19977,0,0,0.51305,0,0.27498,0.18624,0.30751,0.3631,0.33462,0.49173,0.36173,0.5898,0.44034,0.68949,0.481,0.79882,0.57316,0.90012],"triangles":[25,24,5,25,5,6,10,24,25,9,10,25,8,25,6,9,25,8,8,6,7,23,22,3,23,3,4,12,22,23,24,23,4,24,4,5,11,12,23,24,11,23,10,11,24,14,15,20,14,20,21,22,21,2,22,2,3,14,21,22,13,14,22,12,13,22,19,17,18,19,18,0,16,17,19,20,19,0,20,0,1,15,16,19,15,19,20,21,20,1,21,1,2],"vertices":[1,10,34.23,29.97,1,3,10,69.53,29.43,0.97732,11,-3.93,30.61,0.0202,12,-40.38,38.81,0.00248,3,10,95.36,31.27,0.43875,11,21.93,32.13,0.3987,12,-14.7,35.49,0.16255,4,10,110.78,34.11,0.15231,11,37.39,34.79,0.35438,12,0.99,35.22,0.49123,13,-37.63,41.19,0.00208,4,10,135.48,38.74,0.01353,11,62.14,39.11,0.05446,12,26.11,34.86,0.79305,13,-12.83,37.14,0.13896,4,10,156.48,43.86,5.0E-5,11,83.2,43.97,5.3E-4,12,47.71,35.71,0.41503,13,8.65,34.81,0.58439,2,12,69.57,39.62,0.07244,13,30.85,35.48,0.92756,1,13,64.63,37.67,1,1,13,49.51,8.56,1,2,12,78.87,-22.36,0.00289,13,30.95,-27.2,0.99711,2,12,59.09,-26.13,0.17317,13,10.84,-28.03,0.82683,2,12,40.66,-27.79,0.70265,13,-7.64,-26.96,0.29735,3,11,65.37,-24.99,0.06929,12,17.35,-28.73,0.92739,13,-30.83,-24.46,0.00332,2,11,44.01,-28.13,0.54863,12,-4.23,-27.83,0.45137,2,11,22.16,-30.08,0.95545,12,-26.06,-25.68,0.04455,2,10,66.51,-33,0.2275,11,-7.71,-31.77,0.7725,2,10,30.4,-32.9,0.90771,11,-43.81,-31.23,0.09229,1,10,-9.99,-27.54,1,1,10,-1.83,34,1,1,10,32.04,0.45,1,2,10,68.33,-0.39,0.97174,11,-5.49,0.81,0.02826,3,10,94.77,-0.59,0.00245,11,20.95,0.28,0.99733,12,-21.59,4.38,2.2E-4,3,10,115.04,0.03,7.6E-4,11,41.22,0.65,0.907,12,-1.6,0.97,0.09225,4,10,136.45,6.78,6.6E-4,11,62.71,7.15,0.00138,12,20.72,3.34,0.99618,13,-22.79,6.76,0.00178,2,12,43.41,0.74,0.6816,13,-0.73,0.85,0.3184,2,12,66.58,4.55,0.00196,13,22.75,1.23,0.99804],"hull":19,"edges":[34,36,36,0,0,2,2,4,4,6,6,8,8,10,10,12,12,14,32,34,30,32,30,28,28,26,26,24,24,22,22,20,20,18,14,16,16,18],"width":121,"height":204}},"Cheong_Leaf1":{"Cheong_Leaf1":{"x":11.78,"y":2.58,"rotation":-15.52,"width":58,"height":56}},"Cheong_Leaf2":{"Cheong_Leaf2":{"x":15.31,"y":3.23,"rotation":-103.8,"width":55,"height":57}},"Cheong_Leaf3":{"Cheong_Leaf3":{"x":9.37,"y":-0.32,"scaleX":1.219,"scaleY":1.219,"rotation":-147.45,"width":48,"height":51}},"Cheong_Leaf4":{"Cheong_Leaf3":{"x":9.7,"y":-0.43,"rotation":-145.67,"width":48,"height":51}},"Cheongdan_Letter":{"Cheongdan_Letter":{"x":-0.02,"y":2.07,"width":154,"height":105}},"Cho_Bg":{"Cho_Bg":{"x":-4.52,"y":1.57,"scaleX":2,"scaleY":2,"width":165,"height":139}},"Cho_Flag":{"Cho_Flag":{"type":"mesh","uvs":[0.51944,0.17056,0.57532,0.34578,0.61972,0.46641,0.66556,0.56502,0.72573,0.65835,0.79163,0.74464,0.87471,0.84325,1,0.95772,1,1,0.47074,1,0.37333,0.92074,0.29536,0.82426,0.22814,0.72672,0.16972,0.61999,0.11373,0.50163,0.05351,0.39268,0.01289,0.19102,0,0,0.50512,0,0.28577,0.1804,0.31336,0.37771,0.34847,0.48252,0.38358,0.6043,0.42622,0.6937,0.49895,0.78928,0.57168,0.88485],"triangles":[25,24,5,25,5,6,10,24,25,9,10,25,25,6,7,8,25,7,9,25,8,22,2,3,23,22,3,23,3,4,12,13,22,12,22,23,24,23,4,24,4,5,11,12,23,11,23,24,10,11,24,21,20,1,14,15,20,14,20,21,22,21,2,13,14,21,13,21,22,19,17,18,19,18,0,16,17,19,20,19,0,20,0,1,15,16,19,15,19,20,21,1,2],"vertices":[1,10,32.88,29.77,1,3,10,69.41,32.03,0.96108,11,-4.01,33.21,0.02301,12,-39.97,41.38,0.01591,3,10,94.66,34.32,0.47299,11,21.27,35.2,0.29403,12,-14.77,38.62,0.23297,4,10,115.46,37.39,0.12779,11,42.11,38.01,0.17611,12,6.22,37.5,0.67672,13,-32.11,42.68,0.01938,4,10,135.43,42.39,0.01996,11,62.13,42.76,0.01674,12,26.78,38.44,0.77583,13,-11.64,40.59,0.18748,3,10,154.05,48.29,9.7E-4,12,46.21,40.54,0.43953,13,7.89,39.81,0.5595,2,12,68.73,43.86,0.09638,13,30.65,39.79,0.90362,2,12,96.06,51.14,9.8E-4,13,58.75,42.98,0.99902,1,13,66.44,38.99,1,1,13,35.71,-20.2,1,2,12,63.19,-21.05,0.07758,13,15.64,-23.6,0.92242,2,12,41.29,-23.9,0.71013,13,-6.44,-23.21,0.28987,3,11,66.99,-21.3,0.01287,12,19.63,-25.4,0.9855,13,-28.09,-21.51,0.00163,2,11,44.28,-25.44,0.4723,12,-3.46,-25.24,0.5277,2,11,19.26,-28.94,0.96867,12,-28.7,-24.01,0.03133,2,10,70.3,-34.41,0.17277,11,-3.94,-33.24,0.82723,2,10,28.64,-34.05,0.91989,11,-45.58,-32.36,0.08011,1,10,-10.39,-30.51,1,1,10,-2.02,32.58,1,1,10,31.01,0.32,1,2,10,71.56,-1.55,0.46729,11,-2.27,-0.39,0.53271,3,10,93.44,0.01,0.01102,11,19.63,0.9,0.98763,12,-22.77,5.23,0.00134,3,10,118.77,1.11,0.00142,11,44.97,1.69,0.07247,12,2.27,1.29,0.9261,3,10,137.65,4.02,1.0E-4,12,21.35,0.4,0.9997,13,-22.6,3.76,2.1E-4,2,12,42.86,2.69,0.77371,13,-0.99,2.87,0.22629,2,12,64.37,4.98,0.00423,13,20.62,1.97,0.99577],"hull":19,"edges":[34,36,36,0,0,2,2,4,4,6,6,8,8,10,10,12,16,14,12,14,32,30,30,28,28,26,26,24,24,22,22,20,16,18,20,18,32,34],"width":126,"height":205}},"Cho_grass":{"Cho_grass":{"type":"mesh","uvs":[1,0.04157,0.83078,0.15724,0.65399,0.2923,0.5681,0.36831,0.44084,0.48095,0.31464,0.6431,0.2669,0.83083,0.28848,1,0.16243,1,0.07965,0.88265,0,0.76972,0,0.50694,0.09403,0.40181,0.19408,0.28996,0.30368,0.21546,0.41742,0.13815,0.6826,0.05975,1,0,0.14984,0.80688,0.12572,0.64661,0.18544,0.48761,0.31774,0.36697,0.49248,0.23425,0.69479,0.14277],"triangles":[0,16,17,1,23,16,15,16,23,0,1,16,22,15,23,2,23,1,14,15,22,2,22,23,21,14,22,13,14,21,3,22,2,21,22,3,12,13,21,4,21,3,20,12,21,20,21,4,11,12,20,5,20,4,19,11,20,19,20,5,10,11,19,18,19,5,10,19,18,6,18,5,9,10,18,6,9,18,7,8,9,7,9,6],"vertices":[1,21,28.32,0.09,1,2,20,33.12,-9.63,6.4E-4,21,15.57,-4.89,0.99936,3,19,38.69,-17.58,0.01184,20,17.84,-11.15,0.65197,21,1.59,-11.24,0.33619,4,18,51.11,-25,2.3E-4,19,30.71,-15.42,0.16431,20,9.68,-12.52,0.80879,21,-5.7,-15.15,0.02668,3,18,41.59,-17.28,0.06737,19,18.88,-12.22,0.75938,20,-2.41,-14.55,0.17325,2,18,27.5,-8.99,0.93939,19,2.64,-10.35,0.06061,1,18,10.53,-4.26,1,1,18,-5.21,-3.21,1,1,18,-4.36,3.04,1,1,18,7.02,5.66,1,2,18,17.96,8.19,0.92855,19,-13.05,1.49,0.07145,1,19,10.43,8.28,1,1,19,21.12,6.48,1,2,19,32.51,4.57,0.05986,20,2.97,6.39,0.94014,2,20,11.8,6.78,0.99882,21,-9.89,3.8,0.00118,2,20,20.96,7.17,0.44706,21,-1.34,7.12,0.55294,1,21,13.78,6.68,1,1,21,30.28,3.42,1,2,18,13.53,1.24,0.99929,19,-14.29,-6.67,7.1E-4,2,18,28.46,0.42,0.82956,19,-0.3,-1.37,0.17044,3,18,42.71,-4.54,9.7E-4,19,14.73,-0.13,0.99898,20,-11.22,-5.29,5.0E-5,3,18,52.93,-12.61,4.4E-4,19,27.35,-3.36,0.36631,20,1.59,-2.97,0.63326,3,19,41.63,-8.32,4.1E-4,20,16.64,-1.51,0.95964,21,-2.64,-2.49,0.03995,2,20,29.7,-3.61,3.6E-4,21,10.4,-0.28,0.99964],"hull":18,"edges":[14,16,14,12,12,10,10,8,4,2,0,34,2,0,34,32,32,30,20,22,16,18,18,20,26,28,28,30,4,6,6,8,22,24,24,26],"width":50,"height":93}},"Cho_grass3":{"Cho_grass":{"type":"mesh","uvs":[1,0.06146,0.82465,0.18098,0.66314,0.28733,0.47744,0.44499,0.35383,0.5978,0.29019,0.76724,0.27729,0.86626,0.32883,1,0.20246,1,0,0.77475,0,0.51115,0.15081,0.32133,0.40525,0.15405,0.63559,0.06194,1,0,0.14381,0.77696,0.14979,0.61116,0.17373,0.50021,0.26641,0.37964,0.38586,0.29362,0.53191,0.20638,0.69357,0.13582],"triangles":[0,13,14,21,13,0,12,13,21,1,21,0,20,12,21,2,20,21,2,21,1,19,12,20,19,20,2,19,11,12,3,19,2,18,11,19,18,19,3,17,11,18,17,18,3,17,10,11,4,17,3,16,10,17,16,17,4,5,16,4,9,10,16,15,9,16,5,15,16,6,15,5,6,9,15,8,9,6,8,6,7],"vertices":[1,33,27.38,-1.5,1,2,32,31.25,-10.84,0.00278,33,14.19,-6.64,0.99722,3,31,39.26,-17.89,0.00635,32,18.49,-11.2,0.51371,33,2.21,-11.07,0.47994,4,30,44.66,-19.54,0.01544,31,22.6,-13.05,0.61551,32,1.32,-13.75,0.3686,33,-13.22,-19,4.6E-4,3,30,31.41,-11.5,0.56064,31,7.23,-11.06,0.43886,32,-13.48,-18.36,5.0E-4,1,30,16.23,-6.22,1,1,30,7.19,-4.33,1,1,30,-5.48,-5.21,1,1,30,-4.63,1.05,1,2,30,17.5,8.25,0.92763,31,-13.5,1.36,0.07237,1,31,10.05,8.17,1,2,31,29.1,5.84,0.51434,32,-0.65,6.12,0.48566,2,32,19.44,6.66,0.72391,33,-2.62,6.15,0.27609,1,33,11.66,7.7,1,1,33,30.28,3.42,1,2,30,16.32,1.16,0.99625,31,-11.7,-5.61,0.00375,2,30,31.56,-1.22,0.63078,31,3.2,-1.61,0.36922,1,31,13.44,0.11,1,3,30,52.11,-9.91,2.0E-5,31,25.5,-1.22,0.99468,32,-0.98,-1.79,0.0053,3,31,34.85,-4.74,0.00602,32,8.98,-1.09,0.99302,33,-10.03,-4.55,9.6E-4,2,32,19.89,-1.31,0.39081,33,0.38,-1.25,0.60919,1,33,10.67,0.3,1],"hull":15,"edges":[16,18,18,20,20,22,22,24,24,26,26,28,0,28,0,2,2,4,4,6,6,8,8,10,10,12,14,16,12,14],"width":50,"height":93}},"Cho_grass6":{"Cho_grass":{"type":"mesh","uvs":[1,0.0799,0.76977,0.21544,0.56924,0.3607,0.4071,0.52738,0.30145,0.70051,0.261,0.85656,0.29964,1,0.17068,1,0.1026,0.92614,0,0.75296,0,0.54027,0.11749,0.37022,0.29926,0.20776,0.50895,0.11623,1,0,0.67753,0.1486,0.52122,0.20828,0.41963,0.30039,0.27392,0.37175,0.20499,0.48593,0.13971,0.60936,0.1585,0.79411],"triangles":[14,15,13,0,15,14,16,13,15,1,15,0,1,16,15,12,13,16,17,12,16,1,2,16,17,16,2,17,18,12,2,18,17,18,11,12,19,11,18,2,3,18,19,18,3,10,11,19,20,10,19,20,19,3,9,10,20,4,20,3,9,20,4,21,9,4,5,21,4,8,9,21,8,21,5,6,7,8,6,8,5],"vertices":[1,25,26.51,-2.98,1,2,24,27.03,-10.86,0.04837,25,10.2,-8.01,0.95163,4,22,51.81,-25.15,1.6E-4,23,31.4,-15.28,0.14073,24,10.25,-12.1,0.78751,25,-5.29,-14.57,0.07159,3,22,37.54,-15.02,0.20404,23,14.26,-11.8,0.73337,24,-6.78,-16.1,0.06258,1,22,22.3,-7.61,1,1,22,8.2,-3.65,1,1,22,-5.28,-3.76,1,1,22,-4.41,2.63,1,1,22,2.85,5.07,1,2,22,19.51,7.98,0.8337,23,-11.55,1.92,0.1663,1,23,7.45,7.42,1,2,23,24.27,6.17,0.94806,24,-5.18,4.41,0.05194,1,24,12.19,7.41,1,2,24,25.49,5.04,0.05659,25,3.64,6.55,0.94341,1,25,30.28,3.42,1,2,24,28.72,-3.31,4.9E-4,25,9.38,-0.31,0.99951,2,24,19.41,-1.02,0.70624,25,-0.17,-1.14,0.29376,3,23,34.71,-6.53,0.02394,24,9.61,-2.78,0.96759,25,-8.9,-5.94,0.00847,3,22,52.78,-10.38,1.3E-4,23,26.31,-1.38,0.70225,24,-0.18,-1.6,0.29762,3,22,42.73,-5.53,0.00916,23,15.15,-1.02,0.98866,24,-10.47,-5.93,0.00217,2,22,31.79,-0.75,0.49882,23,3.22,-1.08,0.50118,2,22,14.64,0.65,0.99876,23,-13.02,-6.76,0.00124],"hull":15,"edges":[0,28,0,2,2,4,4,6,6,8,8,10,10,12,12,14,14,16,16,18,18,20,20,22,22,24,24,26,26,28],"width":50,"height":93}},"Cho_grass7":{"Cho_grass":{"type":"mesh","uvs":[1,0.06095,0.8093,0.16805,0.62338,0.30013,0.48062,0.434,0.39246,0.5317,0.31794,0.61428,0.27448,0.73314,0.24158,0.82312,0.28142,1,0.19842,1,0.08451,0.838,0,0.71781,0,0.61964,0,0.51968,0.0688,0.43866,0.16522,0.32512,0.27478,0.23052,0.43082,0.15555,0.60346,0.08059,1,0,0.15526,0.76243,0.13534,0.64106,0.22498,0.47327,0.30134,0.36796,0.40094,0.2805,0.53042,0.19125,0.71634,0.12699],"triangles":[19,26,18,0,26,19,1,26,0,25,17,18,25,18,26,1,2,25,1,25,26,24,16,17,24,17,25,24,25,2,15,16,24,23,15,24,3,24,2,23,24,3,14,15,23,22,14,23,22,23,3,4,22,3,5,22,4,12,13,21,22,13,14,22,21,13,22,5,21,11,12,21,6,21,5,20,11,21,6,20,21,7,20,6,10,11,20,10,20,7,9,10,7,9,7,8],"vertices":[1,29,27.41,-1.46,1,2,28,31.66,-9.48,3.5E-4,29,14.14,-5.21,0.99965,3,27,37.57,-16.31,0.01173,28,16.29,-10.47,0.72206,29,-0.1,-11.09,0.26621,3,26,45.65,-19.84,0.01266,27,23.62,-12.92,0.52782,28,2.2,-13.2,0.45952,3,26,37.24,-14.24,0.19536,27,13.67,-11.21,0.76463,28,-7.56,-15.81,0.04001,2,26,30.14,-9.51,0.8016,27,5.26,-9.77,0.1984,1,26,19.48,-5.87,1,1,26,11.41,-3.11,1,1,26,-5.16,-2.86,1,1,26,-4.6,1.25,1,2,26,11.1,4.86,0.99985,27,-17.97,-4.34,1.5E-4,2,26,22.75,7.54,0.67584,27,-8.41,2.83,0.32416,1,27,0.36,5.37,1,1,27,9.29,7.95,1,1,27,17.48,6.74,1,2,27,28.96,5.05,0.37036,28,-0.45,5.35,0.62964,1,28,9.79,6.95,1,2,28,20.17,5.61,0.65418,29,-1.58,5.38,0.34582,1,29,9.39,7.01,1,1,29,30.28,3.42,1,2,26,17.58,0.41,0.99818,27,-10.24,-5.78,0.00182,1,26,28.9,-0.13,1,3,26,43.76,-6.68,0.01074,27,16.56,-1.65,0.985,28,-8.92,-5.92,0.00426,3,26,52.95,-11.79,1.1E-4,27,27.03,-2.6,0.36223,28,0.99,-2.41,0.63766,3,27,36.23,-5.12,0.00192,28,10.4,-0.86,0.9976,29,-8.76,-3.88,4.8E-4,2,28,20.91,-0.33,0.00345,29,1.03,0,0.99655,1,29,12.07,0.43,1],"hull":20,"edges":[16,18,16,14,6,4,4,2,0,38,2,0,38,36,36,34,34,32,32,30,26,28,28,30,6,8,8,10,10,12,12,14,18,20,20,22,22,24,24,26],"width":50,"height":93}},"Chodan_letter":{"Chodan_letter":{"x":-3.52,"y":4.07,"width":159,"height":109}},"Flag":{"Flag":{"type":"clipping","end":"Hong_Flag","vertexCount":4,"vertices":[-21.17,-82.49,2.15,109.03,220.49,83.54,190.93,-118.27],"color":"191636ff"}},"Flag_roll":{"Flag_roll":{"type":"mesh","uvs":[0.98749,0.20342,1,0.43425,0.99305,0.70935,0.97846,0.87013,0.95291,1,0.08898,1,0.05857,1,0.02116,0.85575,0.00834,0.71922,0.00278,0.57932,0.00278,0.36605,0.02282,0.17559,0.0481,0.07849,0.07688,0.00357,0.1001,0,0.95623,0,0.11261,0.05452,0.14596,0.10088,0.17097,0.20075,0.18626,0.34342,0.19043,0.57168,0.17653,0.71792,0.14318,0.88198],"triangles":[17,16,14,15,17,14,18,17,15,19,18,15,20,19,15,13,14,16,12,13,16,11,12,16,17,11,16,1,15,0,18,19,9,20,8,19,10,18,9,9,19,8,11,17,18,11,18,10,20,21,8,22,7,8,15,2,20,1,2,15,2,4,20,21,22,8,5,6,7,22,5,7,3,4,2,21,20,4,22,21,4,5,22,4],"vertices":[22.94,-38.45,16.02,-39.41,7.76,-38.88,2.94,-37.75,-0.96,-35.79,-0.96,29.99,-0.96,30.72,3.37,35.96,7.47,36.94,11.66,37.37,18.06,37.37,23.78,35.83,26.69,33.88,28.94,31.67,29.04,29.88,29.04,-36.04,27.41,28.92,26.02,26.35,23.02,24.42,18.74,23.25,11.89,22.92,7.51,23.99,2.59,26.56],"hull":16,"edges":[22,20,18,20,16,18,16,14,14,12,30,0,0,2,2,4,4,6,6,8,8,10,10,12,26,28,28,30,32,34,34,36,36,38,38,40,40,42,42,44,44,10,22,24,24,26],"width":77,"height":30}},"Hong_Flag":{"Hong_Flag":{"type":"mesh","uvs":[1,0.176,1,0.38261,0.94563,0.5234,0.89637,0.63859,0.83655,0.75195,0.78377,0.8324,0.69931,0.92931,0.61486,1,0.31576,1,0,1,0,0.96222,0.08703,0.88543,0.17148,0.79035,0.24538,0.69344,0.30168,0.58557,0.35446,0.47769,0.39317,0.37895,0.41077,0.19794,0.37206,0,1,0,0.70635,0.18514,0.68876,0.38078,0.63597,0.5106,0.59023,0.61116,0.53393,0.72087,0.47411,0.82509,0.38965,0.90371],"triangles":[11,12,26,6,25,5,26,25,6,8,9,10,8,11,26,8,10,11,7,26,6,8,26,7,23,22,3,24,14,23,13,14,24,4,23,3,24,23,4,25,13,24,12,13,25,5,24,4,25,24,5,26,12,25,22,16,21,15,16,22,23,15,22,14,15,23,3,22,2,20,18,19,0,20,19,17,18,20,21,17,20,16,17,21,20,0,1,21,20,1,2,21,1,22,21,2],"vertices":[1,10,36.78,52,1,3,10,78.56,46.46,0.92716,11,5.32,47.53,0.0654,12,-28.15,53.71,0.00744,3,10,106.27,36.97,0.42579,11,32.91,37.7,0.36511,12,-2.87,38.92,0.2091,3,10,128.88,28.7,0.07375,11,55.42,29.16,0.16928,12,17.65,26.33,0.75697,3,10,150.97,19.38,0.00104,11,77.39,19.56,0.00134,12,37.45,12.81,0.99762,2,12,51.15,2.17,0.00311,13,7.14,1.14,0.99689,2,12,66.93,-12.73,0.0441,13,20.56,-15.92,0.9559,2,12,77.65,-25.88,0.08566,13,29.23,-30.51,0.91434,2,12,67.33,-55.86,0.30899,13,14.62,-58.64,0.69101,2,12,56.44,-87.51,0.37991,13,-0.8,-88.35,0.62009,2,12,49.15,-85,0.38294,13,-7.64,-84.8,0.61706,3,11,92.92,-62.98,1.9E-4,12,37.34,-71.18,0.4335,13,-17.29,-69.39,0.5663,3,11,75.02,-51.33,0.01881,12,21.91,-56.4,0.60341,13,-30.38,-52.51,0.37778,3,11,56.58,-40.74,0.15574,12,5.77,-42.56,0.70703,13,-44.32,-36.45,0.13723,3,11,35.66,-31.67,0.63739,12,-13.09,-29.75,0.34909,13,-61.1,-21.01,0.01352,2,11,14.68,-22.97,0.98668,12,-32.08,-17.3,0.01332,3,10,69.36,-17.21,0.11926,11,-4.66,-16.02,0.88074,12,-49.79,-6.86,0,2,10,33,-10.5,1,12,-84.1,6.92,0,2,10,-7.57,-9.26,1,12,-123.62,16.19,0,1,10,1.18,56.72,1,1,10,34.53,20.9,1,1,10,73.85,13.8,1,3,10,99.37,4.77,0.07673,11,25.61,5.59,0.91666,12,-16.02,8.73,0.00661,3,11,45.22,-2.15,0.1732,12,1.8,-2.53,0.82654,13,-42.37,3.73,2.6E-4,3,11,66.51,-11.27,0.01587,12,21.02,-15.46,0.92787,13,-25.26,-11.88,0.05626,3,11,86.64,-20.6,0.00163,12,39.06,-28.38,0.58695,13,-9.31,-27.31,0.41141,2,12,51.31,-42.06,0.36531,13,0.8,-42.64,0.63469],"hull":20,"edges":[36,38,36,34,34,32,32,30,30,28,28,26,26,24,24,22,18,20,22,20,14,12,12,10,10,8,8,6,6,4,4,2,2,0,0,38,14,16,16,18],"width":106,"height":204}},"Hong_Flower1":{"Hong_Flower1":{"x":0.24,"y":-0.96,"width":49,"height":49}},"Hong_Flower2":{"Hong_Flower2":{"x":-2.07,"y":-1.17,"width":50,"height":49}},"Hong_Flower3":{"Hong_Flower3":{"x":-1.94,"y":-1.37,"width":55,"height":55}},"Hong_Flower4":{"Hong_Flower1":{"x":0.24,"y":-0.96,"width":49,"height":49}},"Hongdan_letter":{"Hongdan_letter":{"x":-3.52,"y":2.07,"width":161,"height":105}}}}],"animations":{"Cheongdan":{"slots":{"Cheong_Bg":{"color":[{"color":"ffffff00","curve":"stepped"},{"time":0.4,"color":"ffffff00"},{"time":0.7,"color":"ffffffff","curve":"stepped"},{"time":1.2667,"color":"ffffffff"},{"time":1.5,"color":"ffffff00"}]},"Cheong_Flag":{"color":[{"time":0.9333,"color":"ffffffff","curve":0.775,"c2":0.05,"c3":0.889,"c4":0.7},{"time":1.1,"color":"ffffff00"}]},"Cheong_Leaf1":{"color":[{"color":"ffffff00","curve":"stepped"},{"time":0.3333,"color":"ffffff00","curve":0.25,"c3":0.75},{"time":0.4333,"color":"ffffffff","curve":"stepped"},{"time":1.2,"color":"ffffffff","curve":0.25,"c3":0.75},{"time":1.5,"color":"ffffff00"}]},"Cheong_Leaf2":{"color":[{"color":"ffffff00","curve":"stepped"},{"time":0.3333,"color":"ffffff00","curve":0.25,"c3":0.75},{"time":0.4333,"color":"ffffffff","curve":"stepped"},{"time":1.2,"color":"ffffffff","curve":0.25,"c3":0.75},{"time":1.5,"color":"ffffff00"}]},"Cheong_Leaf3":{"color":[{"color":"ffffff00","curve":"stepped"},{"time":0.3333,"color":"ffffff00","curve":0.25,"c3":0.75},{"time":0.4333,"color":"ffffffff","curve":"stepped"},{"time":1.2,"color":"ffffffff","curve":0.25,"c3":0.75},{"time":1.5,"color":"ffffff00"}]},"Cheong_Leaf4":{"color":[{"color":"ffffff00","curve":"stepped"},{"time":0.3333,"color":"ffffff00","curve":0.25,"c3":0.75},{"time":0.4333,"color":"ffffffff","curve":"stepped"},{"time":1.2,"color":"ffffffff","curve":0.25,"c3":0.75},{"time":1.5,"color":"ffffff00"}]},"Cheongdan_Letter":{"color":[{"color":"ffffff00","curve":"stepped"},{"time":0.3333,"color":"ffffff00","curve":0.25,"c3":0.75},{"time":0.7,"color":"ffffffff","curve":"stepped"},{"time":1.4,"color":"ffffffff","curve":0.25,"c3":0.75},{"time":1.5,"color":"ffffff00"}]},"Flag_roll":{"attachment":[{"time":0.2333,"name":null}]}},"bones":{"BG":{"scale":[{"x":0.5,"y":0.5,"curve":"stepped"},{"time":0.4,"x":0.5,"y":0.5},{"time":0.7,"curve":"stepped"},{"time":1.1333},{"time":1.5,"x":0.5,"y":0.5}]},"Flag":{"rotate":[{"angle":7.27},{"time":0.5,"angle":-5.94},{"time":0.8333}]},"Leaf1":{"rotate":[{"angle":104.42,"curve":"stepped"},{"time":0.3333,"angle":104.42,"curve":0.25,"c3":0.75},{"time":0.6333,"curve":0,"c2":0.47,"c3":0.221,"c4":0.67},{"time":1.5,"angle":-53.97}],"translate":[{"x":-17.22,"y":-50.3,"curve":"stepped"},{"time":0.3333,"x":-17.22,"y":-50.3,"curve":0.25,"c3":0.75},{"time":0.6333,"x":-4.78,"y":-29.67,"curve":0,"c2":0.47,"c3":0.221,"c4":0.67},{"time":1.5,"x":57.75,"y":12.1}],"scale":[{"x":0.5,"y":0.5,"curve":"stepped"},{"time":0.3333,"x":0.5,"y":0.5},{"time":0.6667}]},"Leaf3":{"rotate":[{"angle":-74.21,"curve":"stepped"},{"time":0.3333,"angle":-74.21,"curve":0.25,"c3":0.75},{"time":0.6333,"curve":0,"c2":0.47,"c3":0.221,"c4":0.67},{"time":1.5,"angle":77.49}],"translate":[{"x":11.02,"y":42.72,"curve":"stepped"},{"time":0.3333,"x":11.02,"y":42.72,"curve":0.25,"c3":0.75},{"time":0.6333,"x":0.69,"y":19.29,"curve":0,"c2":0.47,"c3":0.221,"c4":0.67},{"time":1.5,"x":-90.2,"y":-10.52}],"scale":[{"x":0.5,"y":0.5,"curve":"stepped"},{"time":0.3333,"x":0.5,"y":0.5},{"time":0.6667}]},"Leaf4":{"rotate":[{"angle":26.66,"curve":"stepped"},{"time":0.3333,"angle":26.66,"curve":0.25,"c3":0.75},{"time":0.6333,"curve":0,"c2":0.47,"c3":0.221,"c4":0.67},{"time":1.5,"angle":-113.27}],"translate":[{"x":-31.69,"y":26.18,"curve":"stepped"},{"time":0.3333,"x":-31.69,"y":26.18,"curve":0.25,"c3":0.75},{"time":0.6333,"curve":0,"c2":0.47,"c3":0.221,"c4":0.67},{"time":1.5,"x":50.23,"y":-18.51}],"scale":[{"x":0.5,"y":0.5,"curve":"stepped"},{"time":0.3333,"x":0.5,"y":0.5},{"time":0.6667}]},"Leaf2":{"rotate":[{"angle":-85.56,"curve":"stepped"},{"time":0.3333,"angle":-85.56,"curve":0.25,"c3":0.75},{"time":0.6333,"curve":0,"c2":0.47,"c3":0.221,"c4":0.67},{"time":1.5,"angle":121.27}],"translate":[{"x":53.05,"y":-26.18,"curve":"stepped"},{"time":0.3333,"x":53.05,"y":-26.18,"curve":0.25,"c3":0.75},{"time":0.6333,"curve":0,"c2":0.47,"c3":0.221,"c4":0.67},{"time":1.5,"x":-28.88,"y":38.47}],"scale":[{"x":0.5,"y":0.5,"curve":"stepped"},{"time":0.3333,"x":0.5,"y":0.5},{"time":0.6667}]},"Letter_Cheongdan":{"scale":[{"x":0.19,"y":0.19,"curve":"stepped"},{"time":0.3333,"x":0.19,"y":0.19,"curve":0.25,"c3":0.75},{"time":0.7},{"time":1.5,"x":1.149,"y":1.149}]},"Flag2":{"rotate":[{"angle":12.23},{"time":0.8333}]},"Flag3":{"rotate":[{"angle":12.23},{"time":0.8333},{"time":1.5,"angle":7.32}]},"Flag4":{"rotate":[{"angle":12.23},{"time":0.8333},{"time":1.5,"angle":3.17}]},"Flag5":{"rotate":[{"curve":0.25,"c3":0.75},{"time":0.0667,"angle":6.67,"curve":0.25,"c3":0.75},{"time":0.1,"angle":15.11,"curve":0.25,"c3":0.75},{"time":0.1333,"angle":24.84,"curve":0.25,"c3":0.75},{"time":0.1667,"angle":27.06,"curve":0.25,"c3":0.75},{"time":0.2,"angle":25.98}],"translate":[{"x":-190.16,"y":-25.73,"curve":0.25,"c3":0.75},{"time":0.0667,"x":-111.36,"y":-23.51,"curve":0.25,"c3":0.75},{"time":0.1,"x":-84.13,"y":-15.15,"curve":0.25,"c3":0.75},{"time":0.1333,"x":-61.73,"y":-0.28,"curve":0.25,"c3":0.75},{"time":0.1667,"x":-39.81,"y":15.86,"curve":0.25,"c3":0.75},{"time":0.2,"x":-22.54,"y":28.8}]}},"deform":{"default":{"Flag":{"Flag":[{"offset":4,"vertices":[-216.5578,23.16687,-209.96465,36.19301],"curve":0.25,"c3":0.75},{"time":0.0667,"offset":4,"vertices":[-128.67276,14.14494,-104.98232,18.0965],"curve":0.25,"c3":0.75},{"time":0.1333,"offset":4,"vertices":[-99.55183,0.97266,-17.48637,37.55244],"curve":0.25,"c3":0.75},{"time":0.1667,"offset":4,"vertices":[-75.57885,8.68478,19.50089,22.01273],"curve":0.25,"c3":0.75},{"time":0.2,"offset":4,"vertices":[-58.18345,22.82321,39.76766,19.55588],"curve":0.25,"c3":0.75},{"time":0.2333,"offset":4,"vertices":[14.51329,36.6409,119.48403,1.10542]}]},"Flag_roll":{"Flag_roll":[{"time":0.1},{"time":0.1333,"offset":14,"vertices":[0.88117,-9.11921,2.59599,-12.58851,4.09241,-13.34531,3.05779,-12.53293,0.70647,-9.46454,0.26853,-4.32803,-0.69204,0.06086]},{"time":0.1667,"vertices":[-5.47197,-5.16105,-5.07542,-3.39688,-2.5178,-2.2758,-1.01622,-0.83575,0,0,0,0,-0.6675,5.30649,-1.53111,-6.84023,-2.64157,-9.99682,-3.30018,-12.92063,-4.4315,-14.19835,-6.62685,-13.2317,-7.31948,-9.4598,-7.82652,-6.13314,-7.63973,-5.99108,-6.63108,-6.10022,-7.56273,-5.85773,-8.04437,-4.69028,-7.96447,-3.93614,-7.05053,-2.50776,-4.00611,-0.31109,-2.92175,0.83634,-1.29408,1.06184]},{"time":0.2,"vertices":[-17.45078,-9.78334,-13.78931,-6.2073,-7.30779,-3.23919,-3.31053,-0.93328,0,0,0,0,0,0,-4.18276,-9.57323,-7.36296,-14.12772,-9.48442,-16.52949,-13.20471,-18.72746,-16.5066,-17.80073,-16.74387,-15.80354,-18.05957,-13.75701,-17.7941,-14.69627,-20.28936,-14.202,-18.65621,-14.22146,-19.12731,-11.0345,-18.45335,-8.30809,-16.34143,-5.43545,-10.34991,-3.44754,-7.60915,-1.47371,-4.03275,-0.45063]}]}}}},"Chodan":{"slots":{"Cheong_Bg":{"attachment":[{"name":null}]},"Cheong_Flag":{"attachment":[{"name":null}]},"Cheong_Leaf1":{"attachment":[{"name":null}]},"Cheong_Leaf2":{"attachment":[{"name":null}]},"Cheong_Leaf3":{"attachment":[{"name":null}]},"Cheong_Leaf4":{"attachment":[{"name":null}]},"Cheongdan_Letter":{"attachment":[{"name":null}]},"Cho_Bg":{"color":[{"color":"ffffff00","curve":"stepped"},{"time":0.4,"color":"ffffff00"},{"time":0.7,"color":"ffffffff","curve":"stepped"},{"time":1.2667,"color":"ffffffff"},{"time":1.5,"color":"ffffff00"}],"attachment":[{"name":"Cho_Bg"}]},"Cho_Flag":{"color":[{"time":0.9333,"color":"ffffffff","curve":0.775,"c2":0.05,"c3":0.889,"c4":0.7},{"time":1.1,"color":"ffffff00"}],"attachment":[{"name":"Cho_Flag"}]},"Cho_grass":{"color":[{"color":"ffffff00","curve":"stepped"},{"time":0.3333,"color":"ffffff00","curve":0.25,"c3":0.75},{"time":0.4333,"color":"ffffffff","curve":"stepped"},{"time":1.2,"color":"ffffffff","curve":0.25,"c3":0.75},{"time":1.5,"color":"ffffff00"}],"attachment":[{"name":"Cho_grass"}]},"Cho_grass3":{"color":[{"color":"ffffff00","curve":"stepped"},{"time":0.3333,"color":"ffffff00","curve":0.25,"c3":0.75},{"time":0.4333,"color":"ffffffff","curve":"stepped"},{"time":1.2,"color":"ffffffff","curve":0.25,"c3":0.75},{"time":1.5,"color":"ffffff00"}],"attachment":[{"name":"Cho_grass"}]},"Cho_grass6":{"color":[{"color":"ffffff00","curve":"stepped"},{"time":0.3333,"color":"ffffff00","curve":0.25,"c3":0.75},{"time":0.4333,"color":"ffffffff","curve":"stepped"},{"time":1.2,"color":"ffffffff","curve":0.25,"c3":0.75},{"time":1.5,"color":"ffffff00"}],"attachment":[{"name":"Cho_grass"}]},"Cho_grass7":{"color":[{"color":"ffffff00","curve":"stepped"},{"time":0.3333,"color":"ffffff00","curve":0.25,"c3":0.75},{"time":0.4333,"color":"ffffffff","curve":"stepped"},{"time":1.2,"color":"ffffffff","curve":0.25,"c3":0.75},{"time":1.5,"color":"ffffff00"}],"attachment":[{"name":"Cho_grass"}]},"Chodan_letter":{"color":[{"color":"ffffff00","curve":"stepped"},{"time":0.3333,"color":"ffffff00","curve":0.25,"c3":0.75},{"time":0.7,"color":"ffffffff","curve":"stepped"},{"time":1.4,"color":"ffffffff","curve":0.25,"c3":0.75},{"time":1.5,"color":"ffffff00"}],"attachment":[{"name":"Chodan_letter"}]},"Flag_roll":{"twoColor":[{"light":"ff0000ff","dark":"291717"}],"attachment":[{"time":0.2333,"name":null}]}},"bones":{"BG":{"scale":[{"x":0.5,"y":0.5,"curve":"stepped"},{"time":0.4,"x":0.5,"y":0.5},{"time":0.7,"curve":"stepped"},{"time":1.1333},{"time":1.5,"x":0.5,"y":0.5}]},"Flag":{"rotate":[{"angle":7.27},{"time":0.5,"angle":-5.94},{"time":0.8333}]},"Grass":{"rotate":[{"angle":50.75,"curve":"stepped"},{"time":0.3333,"angle":50.75,"curve":0.25,"c3":0.75},{"time":0.6333,"curve":0.037,"c2":0.49,"c3":0.75},{"time":1.5,"angle":-97.4}],"translate":[{"x":39.43,"y":43.15,"curve":"stepped"},{"time":0.3333,"x":39.43,"y":43.15,"curve":0.25,"c3":0.75},{"time":0.6333,"x":-18.9,"y":-4.97,"curve":0.037,"c2":0.49,"c3":0.75},{"time":1.5,"x":-103.48,"y":4.98}],"scale":[{"x":0.372,"y":0.372,"curve":"stepped"},{"time":0.3333,"x":0.372,"y":0.372,"curve":0.25,"c3":0.75},{"time":0.6667}]},"Grass9":{"rotate":[{"time":0.3333,"curve":0.25,"c3":0.75},{"time":0.6333,"angle":98.73,"curve":0.331,"c2":0.58,"c3":0.787},{"time":1.5,"angle":151.6}],"translate":[{"x":-40.92,"y":-84.82,"curve":"stepped"},{"time":0.3333,"x":-40.92,"y":-84.82,"curve":0.25,"c3":0.75},{"time":0.6333,"x":-8.96,"y":-30.85,"curve":0.037,"c2":0.49,"c3":0.75},{"time":1.5,"x":37.81,"y":-8.96}],"scale":[{"x":0.372,"y":0.372,"curve":"stepped"},{"time":0.3333,"x":0.372,"y":0.372,"curve":0.25,"c3":0.75},{"time":0.6667}]},"Grass13":{"rotate":[{"time":0.6333,"curve":0.037,"c2":0.49,"c3":0.75},{"time":1.5,"angle":-101.58}],"translate":[{"x":-40.18,"y":75.14,"curve":"stepped"},{"time":0.3333,"x":-40.18,"y":75.14,"curve":0.25,"c3":0.75},{"time":0.6333,"x":19.9,"y":-4.98,"curve":0.037,"c2":0.49,"c3":0.75},{"time":1.5,"x":62.68,"y":22.88}],"scale":[{"x":0.372,"y":0.372,"curve":"stepped"},{"time":0.3333,"x":0.372,"y":0.372,"curve":0.25,"c3":0.75},{"time":0.6667}]},"Grass5":{"rotate":[{"time":0.6333,"curve":0.037,"c2":0.49,"c3":0.75},{"time":1.5,"angle":-63.53}],"translate":[{"x":30.5,"y":-48.36,"curve":"stepped"},{"time":0.3333,"x":30.5,"y":-48.36,"curve":0.25,"c3":0.75},{"time":0.6333,"x":-15.92,"y":12.94,"curve":0.037,"c2":0.49,"c3":0.75},{"time":1.5,"x":-148.18,"y":-8.35}],"scale":[{"x":0.372,"y":0.372,"curve":"stepped"},{"time":0.3333,"x":0.372,"y":0.372,"curve":0.25,"c3":0.75},{"time":0.6667}]},"Letter_Chodan":{"scale":[{"x":0.19,"y":0.19,"curve":"stepped"},{"time":0.3333,"x":0.19,"y":0.19,"curve":0.25,"c3":0.75},{"time":0.7},{"time":1.5,"x":1.149,"y":1.149}]},"Flag2":{"rotate":[{"angle":12.23},{"time":0.8333}]},"Flag3":{"rotate":[{"angle":12.23},{"time":0.8333},{"time":1.5,"angle":7.32}]},"Flag4":{"rotate":[{"angle":12.23},{"time":0.8333},{"time":1.5,"angle":3.17}]},"Flag5":{"rotate":[{"curve":0.25,"c3":0.75},{"time":0.0667,"angle":6.67,"curve":0.25,"c3":0.75},{"time":0.1,"angle":15.11,"curve":0.25,"c3":0.75},{"time":0.1333,"angle":24.84,"curve":0.25,"c3":0.75},{"time":0.1667,"angle":27.06,"curve":0.25,"c3":0.75},{"time":0.2,"angle":25.98}],"translate":[{"x":-190.16,"y":-25.73,"curve":0.25,"c3":0.75},{"time":0.0667,"x":-111.36,"y":-23.51,"curve":0.25,"c3":0.75},{"time":0.1,"x":-84.13,"y":-15.15,"curve":0.25,"c3":0.75},{"time":0.1333,"x":-61.73,"y":-0.28,"curve":0.25,"c3":0.75},{"time":0.1667,"x":-39.81,"y":15.86,"curve":0.25,"c3":0.75},{"time":0.2,"x":-22.54,"y":28.8}]},"Grass10":{"rotate":[{"time":0.6333},{"time":1.5,"angle":-27.2}]},"Grass11":{"rotate":[{"time":0.6333},{"time":1.5,"angle":-27.2}]},"Grass12":{"rotate":[{"time":0.6333},{"time":1.5,"angle":-27.2}]},"Grass4":{"rotate":[{"time":0.6333},{"time":1.5,"angle":8.74}]},"Grass16":{"rotate":[{"time":0.6333},{"time":1.5,"angle":-16.12}]},"Grass15":{"rotate":[{"time":0.6333},{"time":1.5,"angle":-16.12}]},"Grass14":{"rotate":[{"time":0.6333},{"time":1.5,"angle":-16.12}]},"Grass3":{"rotate":[{"time":0.6333},{"time":1.5,"angle":8.74}]},"Grass2":{"rotate":[{"time":0.6333,"curve":0.25,"c3":0.75},{"time":1.5,"angle":8.74}]},"Grass7":{"rotate":[{"time":0.6333},{"time":1.5,"angle":16.23}]},"Grass8":{"rotate":[{"time":0.6333},{"time":1.5,"angle":16.23}]},"Grass6":{"rotate":[{"time":0.6333},{"time":1.5,"angle":16.23}]}},"deform":{"default":{"Flag":{"Flag":[{"offset":4,"vertices":[-216.5578,23.16687,-209.96465,36.19301],"curve":0.25,"c3":0.75},{"time":0.0667,"offset":4,"vertices":[-128.67276,14.14494,-104.98232,18.0965],"curve":0.25,"c3":0.75},{"time":0.1333,"offset":4,"vertices":[-99.55183,0.97266,-17.48637,37.55244],"curve":0.25,"c3":0.75},{"time":0.1667,"offset":4,"vertices":[-75.57885,8.68478,19.50089,22.01273],"curve":0.25,"c3":0.75},{"time":0.2,"offset":4,"vertices":[-58.18345,22.82321,39.76766,19.55588],"curve":0.25,"c3":0.75},{"time":0.2333,"offset":4,"vertices":[14.51329,36.6409,119.48403,1.10542]}]},"Flag_roll":{"Flag_roll":[{"time":0.1},{"time":0.1333,"offset":14,"vertices":[0.88117,-9.11921,2.59599,-12.58851,4.09241,-13.34531,3.05779,-12.53293,0.70647,-9.46454,0.26853,-4.32803,-0.69204,0.06086]},{"time":0.1667,"vertices":[-5.47197,-5.16105,-5.07542,-3.39688,-2.5178,-2.2758,-1.01622,-0.83575,0,0,0,0,-0.6675,5.30649,-1.53111,-6.84023,-2.64157,-9.99682,-3.30018,-12.92063,-4.4315,-14.19835,-6.62685,-13.2317,-7.31948,-9.4598,-7.82652,-6.13314,-7.63973,-5.99108,-6.63108,-6.10022,-7.56273,-5.85773,-8.04437,-4.69028,-7.96447,-3.93614,-7.05053,-2.50776,-4.00611,-0.31109,-2.92175,0.83634,-1.29408,1.06184]},{"time":0.2,"vertices":[-17.45078,-9.78334,-13.78931,-6.2073,-7.30779,-3.23919,-3.31053,-0.93328,0,0,0,0,0,0,-4.18276,-9.57323,-7.36296,-14.12772,-9.48442,-16.52949,-13.20471,-18.72746,-16.5066,-17.80073,-16.74387,-15.80354,-18.05957,-13.75701,-17.7941,-14.69627,-20.28936,-14.202,-18.65621,-14.22146,-19.12731,-11.0345,-18.45335,-8.30809,-16.34143,-5.43545,-10.34991,-3.44754,-7.60915,-1.47371,-4.03275,-0.45063]}]}}}},"Hongdan":{"slots":{"Cheong_Bg":{"attachment":[{"name":null}]},"Cheong_Flag":{"color":[{"time":0.9333,"color":"ffffffff","curve":0.775,"c2":0.05,"c3":0.889,"c4":0.7},{"time":1.1,"color":"ffffff00"}],"attachment":[{"name":null}]},"Cheong_Leaf1":{"attachment":[{"name":null}]},"Cheong_Leaf2":{"attachment":[{"name":null}]},"Cheong_Leaf3":{"attachment":[{"name":null}]},"Cheong_Leaf4":{"attachment":[{"name":null}]},"Cheongdan_Letter":{"color":[{"color":"ffffff00","curve":"stepped"},{"time":0.3333,"color":"ffffff00","curve":0.25,"c3":0.75},{"time":0.7,"color":"ffffffff","curve":"stepped"},{"time":1.4,"color":"ffffffff","curve":0.25,"c3":0.75},{"time":1.5,"color":"ffffff00"}],"attachment":[{"name":null}]},"Cho_Bg":{"color":[{"color":"ffffff00","curve":"stepped"},{"time":0.4,"color":"ffffff00"},{"time":0.7,"color":"ffffffff","curve":"stepped"},{"time":1.2667,"color":"ffffffff"},{"time":1.5,"color":"ffffff00"}],"attachment":[{"name":"Cho_Bg"}]},"Flag_roll":{"twoColor":[{"light":"ff0000ff","dark":"291717"}],"attachment":[{"time":0.2333,"name":null}]},"Hong_Flag":{"attachment":[{"name":"Hong_Flag"}]},"Hong_Flower1":{"color":[{"color":"ffffff00"},{"time":0.3333,"color":"ffffff00"},{"time":0.4333,"color":"ffffffff","curve":"stepped"},{"time":1.2,"color":"ffffffff"},{"time":1.5,"color":"ffffff00"}],"attachment":[{"name":"Hong_Flower1"}]},"Hong_Flower2":{"color":[{"color":"ffffff00"},{"time":0.3333,"color":"ffffff00"},{"time":0.4333,"color":"ffffffff","curve":"stepped"},{"time":1.2,"color":"ffffffff"},{"time":1.5,"color":"ffffff00"}],"attachment":[{"name":"Hong_Flower2"}]},"Hong_Flower3":{"color":[{"color":"ffffff00"},{"time":0.3333,"color":"ffffff00"},{"time":0.4333,"color":"ffffffff","curve":"stepped"},{"time":1.2,"color":"ffffffff"},{"time":1.5,"color":"ffffff00"}],"attachment":[{"name":"Hong_Flower3"}]},"Hong_Flower4":{"color":[{"color":"ffffff00"},{"time":0.3333,"color":"ffffff00"},{"time":0.4333,"color":"ffffffff","curve":"stepped"},{"time":1.2,"color":"ffffffff"},{"time":1.5,"color":"ffffff00"}],"attachment":[{"name":"Hong_Flower1"}]},"Hongdan_letter":{"color":[{"color":"ffffff00","curve":"stepped"},{"time":0.3333,"color":"ffffff00","curve":0.25,"c3":0.75},{"time":0.7,"color":"ffffffff","curve":"stepped"},{"time":1.4,"color":"ffffffff","curve":0.25,"c3":0.75},{"time":1.5,"color":"ffffff00"}],"attachment":[{"name":"Hongdan_letter"}]}},"bones":{"BG":{"scale":[{"x":0.5,"y":0.5,"curve":"stepped"},{"time":0.4,"x":0.5,"y":0.5},{"time":0.7,"curve":"stepped"},{"time":1.1333},{"time":1.5,"x":0.5,"y":0.5}]},"Flag":{"rotate":[{"angle":7.27},{"time":0.5,"angle":-5.94},{"time":0.8333}]},"Flower2":{"rotate":[{"angle":56.21,"curve":"stepped"},{"time":0.3333,"angle":56.21},{"time":0.6333},{"time":1.5,"angle":62.46}],"translate":[{"x":35.95,"y":-91.59,"curve":"stepped"},{"time":0.3333,"x":35.95,"y":-91.59},{"time":0.6333},{"time":1.5,"x":-60.78,"y":5.99}],"scale":[{"x":0.5,"y":0.5,"curve":"stepped"},{"time":0.3333,"x":0.5,"y":0.5},{"time":0.6667}]},"Flower4":{"rotate":[{"angle":56.21,"curve":"stepped"},{"time":0.3333,"angle":56.21},{"time":0.6333,"curve":0,"c2":0.47,"c3":0.221,"c4":0.67},{"time":1.5,"angle":-82.21}],"translate":[{"x":-13.7,"y":70.19,"curve":"stepped"},{"time":0.3333,"x":-13.7,"y":70.19},{"time":0.6333},{"time":1.5,"x":77.04,"y":-32.53}],"scale":[{"x":0.458,"y":0.458,"curve":"stepped"},{"time":0.3333,"x":0.458,"y":0.458},{"time":0.6667}]},"Flower3":{"rotate":[{"angle":56.21,"curve":"stepped"},{"time":0.3333,"angle":56.21},{"time":0.6333},{"time":1.5,"angle":110.9}],"translate":[{"x":82.18,"y":41.94,"curve":"stepped"},{"time":0.3333,"x":82.18,"y":41.94},{"time":0.6333,"x":-2.77,"y":-16.33},{"time":1.5,"x":-49.65,"y":20.54}],"scale":[{"x":0.5,"y":0.5,"curve":"stepped"},{"time":0.3333,"x":0.5,"y":0.5},{"time":0.6667}]},"Flower":{"rotate":[{"angle":56.21,"curve":"stepped"},{"time":0.3333,"angle":56.21},{"time":0.6333},{"time":1.5,"angle":-40.22}],"translate":[{"x":-71.05,"y":-101.01,"curve":"stepped"},{"time":0.3333,"x":-71.05,"y":-101.01},{"time":0.6333,"x":-23.11,"y":-17.12},{"time":1.5,"x":15.41,"y":3.42}],"scale":[{"x":0.5,"y":0.5,"curve":"stepped"},{"time":0.3333,"x":0.5,"y":0.5},{"time":0.6667}]},"Letter_Hongdan":{"scale":[{"x":0.19,"y":0.19,"curve":"stepped"},{"time":0.3333,"x":0.19,"y":0.19},{"time":0.7},{"time":1.5,"x":1.149,"y":1.149}]},"Letter_Cheongdan":{"scale":[{"x":0.19,"y":0.19,"curve":"stepped"},{"time":0.3333,"x":0.19,"y":0.19,"curve":0.25,"c3":0.75},{"time":0.7},{"time":1.5,"x":1.149,"y":1.149}]},"Flag2":{"rotate":[{"angle":12.23},{"time":0.8333}]},"Flag3":{"rotate":[{"angle":12.23},{"time":0.8333},{"time":1.5,"angle":7.32}]},"Flag4":{"rotate":[{"angle":12.23},{"time":0.8333},{"time":1.5,"angle":3.17}]},"Flag5":{"rotate":[{"curve":0.25,"c3":0.75},{"time":0.0667,"angle":6.67,"curve":0.25,"c3":0.75},{"time":0.1,"angle":15.11,"curve":0.25,"c3":0.75},{"time":0.1333,"angle":24.84,"curve":0.25,"c3":0.75},{"time":0.1667,"angle":27.06,"curve":0.25,"c3":0.75},{"time":0.2,"angle":25.98}],"translate":[{"x":-189.14,"y":-11.83,"curve":0.25,"c3":0.75},{"time":0.0667,"x":-111.36,"y":-23.51,"curve":0.25,"c3":0.75},{"time":0.1,"x":-83.49,"y":-28.42,"curve":0.25,"c3":0.75},{"time":0.1333,"x":-55.34,"y":-20.76,"curve":0.25,"c3":0.75},{"time":0.1667,"x":-25.96,"y":-22.37,"curve":0.25,"c3":0.75},{"time":0.2,"x":-4.17,"y":-22.02},{"time":1.5,"x":-22.54,"y":28.8}],"shear":[{"y":-180}]}},"deform":{"default":{"Flag":{"Flag":[{"offset":4,"vertices":[-216.5578,23.16687,-209.96465,36.19301],"curve":0.25,"c3":0.75},{"time":0.0667,"offset":4,"vertices":[-128.67276,14.14494,-104.98232,18.0965],"curve":0.25,"c3":0.75},{"time":0.1333,"offset":4,"vertices":[-99.55183,0.97266,-17.48637,37.55244],"curve":0.25,"c3":0.75},{"time":0.1667,"offset":4,"vertices":[-75.57885,8.68478,19.50089,22.01273],"curve":0.25,"c3":0.75},{"time":0.2,"offset":4,"vertices":[-58.18345,22.82321,39.76766,19.55588],"curve":0.25,"c3":0.75},{"time":0.2333,"offset":4,"vertices":[14.51329,36.6409,119.48403,1.10542]}]},"Flag_roll":{"Flag_roll":[{"time":0.1},{"time":0.1333,"offset":14,"vertices":[0.88117,-9.11921,2.59599,-12.58851,4.09241,-13.34531,3.05779,-12.53293,0.70647,-9.46454,0.26853,-4.32803,-0.69204,0.06086]},{"time":0.1667,"vertices":[-5.47197,-5.16105,-5.07542,-3.39688,-2.5178,-2.2758,-1.01622,-0.83575,0,0,0,0,-0.6675,5.30649,-1.53111,-6.84023,-2.64157,-9.99682,-3.30018,-12.92063,-4.4315,-14.19835,-6.62685,-13.2317,-7.31948,-9.4598,-7.82652,-6.13314,-7.63973,-5.99108,-6.63108,-6.10022,-7.56273,-5.85773,-8.04437,-4.69028,-7.96447,-3.93614,-7.05053,-2.50776,-4.00611,-0.31109,-2.92175,0.83634,-1.29408,1.06184]},{"time":0.2,"vertices":[-17.45078,-9.78334,-13.78931,-6.2073,-7.30779,-3.23919,-3.31053,-0.93328,0,0,0,0,0,0,-4.18276,-9.57323,-7.36296,-14.12772,-9.48442,-16.52949,-13.20471,-18.72746,-16.5066,-17.80073,-16.74387,-15.80354,-18.05957,-13.75701,-17.7941,-14.69627,-20.28936,-14.202,-18.65621,-14.22146,-19.12731,-11.0345,-18.45335,-8.30809,-16.34143,-5.43545,-10.34991,-3.44754,-7.60915,-1.47371,-4.03275,-0.45063]}]}}}}}}