{"skeleton":{"hash":"xtfWlXrGn9UNPhxZh1x2Y8Zeit4","spine":"3.8.99","x":-87.81,"y":-58.44,"width":151.5,"height":132,"images":"./img/","audio":"C:/Users/user/Desktop/Work/맞고/2차/Spine_Dev/Effect/bbuk"},"bones":[{"name":"root"},{"name":"Letter","parent":"root"},{"name":"Letter_1bb","parent":"Letter","x":10.02,"y":13.16,"color":"52a623ff"},{"name":"Letter_1bb1","parent":"Letter_1bb","x":-3.71,"y":12.53},{"name":"Letter_1bb2","parent":"Letter_1bb","x":7.03,"y":-38.48},{"name":"Letter_2bb","parent":"Letter","x":-31.25,"y":5.99,"color":"e3f339ff"},{"name":"Letter_ja","parent":"Letter_2bb","x":-8.1,"y":10.76},{"name":"BG","parent":"root"}],"slots":[{"name":"Letter_1bb2","bone":"Letter_1bb2","attachment":"Letter_1bb2"},{"name":"Letter_1bb1","bone":"Letter_1bb1","attachment":"Letter_1bb1"},{"name":"Letter_ja","bone":"Letter_ja","attachment":"Letter_ja"},{"name":"bg_3bb","bone":"BG"}],"skins":[{"name":"default","attachments":{"Letter_1bb1":{"Letter_1bb1":{"x":4.89,"y":-6.13,"width":105,"height":84}},"Letter_1bb2":{"Letter_1bb2":{"x":-0.35,"y":-4.11,"width":88,"height":58}},"Letter_ja":{"Letter_ja":{"x":5.03,"y":-1.68,"width":107,"height":117}},"bg_3bb":{"bg_3bb":{"x":8.19,"y":6.06,"width":337,"height":253}}}}],"animations":{"jabbuk":{"slots":{"Letter_1bb1":{"color":[{"color":"ffffff00","curve":"stepped"},{"time":0.0667,"color":"ffffff00"},{"time":0.1667,"color":"ffffffff"}]},"Letter_1bb2":{"color":[{"color":"ffffff00","curve":"stepped"},{"time":0.0667,"color":"ffffff00"},{"time":0.2333,"color":"ffffffff"}]},"Letter_ja":{"color":[{"color":"ffffff00"},{"time":0.1,"color":"ffffffff"}]},"bg_3bb":{"color":[{"color":"ffffff00","curve":0.988,"c2":0.03,"c4":0},{"time":0.1,"color":"ffffffff"}],"attachment":[{"name":"bg_3bb"}]}},"bones":{"Letter_1bb2":{"translate":[{"x":-6.62,"y":-2.65}]},"Letter_ja":{"translate":[{"x":-3.97,"y":-18.55}]},"BG":{"scale":[{"x":0.5,"y":0.5,"curve":"stepped"},{"time":0.1333,"x":0.5,"y":0.5,"curve":0,"c2":1,"c3":0.75},{"time":0.3}]},"Letter_1bb1":{"rotate":[{"angle":9.14,"curve":"stepped"},{"time":0.0667,"angle":9.14},{"time":0.5,"angle":6.35,"curve":0.779,"c2":0.36,"c3":0.25,"c4":0.8},{"time":0.6333}]},"Letter_1bb":{"translate":[{"x":44.25,"y":-3.93}],"scale":[{"x":5,"y":5,"curve":"stepped"},{"time":0.0667,"x":5,"y":5,"curve":0,"c2":1.17,"c3":0.75},{"time":0.2333}]},"Letter_2bb":{"scale":[{"x":5,"y":5,"curve":0,"c2":1.14,"c3":0.75},{"time":0.1667,"curve":"stepped"},{"time":0.7333}]}},"drawOrder":[{"offsets":[{"slot":"bg_3bb","offset":-3}]}]}}}