{"skeleton":{"hash":"0iREETTwTLPpj92AFJC2+gcQJgE","spine":"3.8.99","x":-362.9,"y":-128,"width":490.9,"height":333.03,"images":"./img/","audio":"C:/Users/user/Desktop/Work/맞고/2차/Spine_Dev/Effect/Bomb"},"bones":[{"name":"root"},{"name":"Bomb","parent":"root","color":"000000ff"},{"name":"Line","parent":"Bomb","length":29.73,"rotation":154.09,"x":-31.81,"y":62.94,"color":"000000ff"},{"name":"Fire","parent":"Bomb","x":-67.72,"y":83.57},{"name":"Effect","parent":"root","color":"ff0000ff"}],"slots":[{"name":"Bomb","bone":"Bomb","dark":"000000","attachment":"Bomb"},{"name":"Line","bone":"Line","attachment":"Line"},{"name":"Effect_fire1","bone":"Fire","attachment":"Effect_fire1"},{"name":"Effect_fire2","bone":"Fire","attachment":"Effect_fire2"},{"name":"bomb_00000","bone":"Effect","attachment":"bomb_00000"},{"name":"bomb_00001","bone":"Effect","attachment":"bomb_00001"},{"name":"bomb_00002","bone":"Effect","attachment":"bomb_00002"},{"name":"bomb_00003","bone":"Effect","attachment":"bomb_00003"},{"name":"bomb_00004","bone":"Effect","attachment":"bomb_00004"},{"name":"bomb_00005","bone":"Effect","attachment":"bomb_00005"},{"name":"bomb_00006","bone":"Effect","attachment":"bomb_00006"},{"name":"bomb_00007","bone":"Effect","attachment":"bomb_00007"},{"name":"bomb_00008","bone":"Effect","attachment":"bomb_00008"},{"name":"bomb_00009","bone":"Effect","attachment":"bomb_00009"},{"name":"bomb_00010","bone":"Effect","attachment":"bomb_00010"},{"name":"bomb_00011","bone":"Effect","attachment":"bomb_00011"},{"name":"bomb_00012","bone":"Effect","attachment":"bomb_00012"},{"name":"bomb_00013","bone":"Effect","attachment":"bomb_00013"},{"name":"bomb_00014","bone":"Effect","attachment":"bomb_00014"},{"name":"bomb_00015","bone":"Effect","attachment":"bomb_00015"},{"name":"bomb_00016","bone":"Effect","attachment":"bomb_00016"},{"name":"bomb_00017","bone":"Effect","attachment":"bomb_00017"},{"name":"bomb_00018","bone":"Effect","attachment":"bomb_00018"},{"name":"bomb_00019","bone":"Effect","attachment":"bomb_00019"},{"name":"bomb_00020","bone":"Effect","attachment":"bomb_00020"},{"name":"bomb_00021","bone":"Effect","attachment":"bomb_00021"},{"name":"bomb_00022","bone":"Effect","attachment":"bomb_00022"},{"name":"bomb_00023","bone":"Effect","attachment":"bomb_00023"},{"name":"bomb_00024","bone":"Effect","attachment":"bomb_00024"},{"name":"bomb_00025","bone":"Effect","attachment":"bomb_00025"},{"name":"bomb_00026","bone":"Effect","attachment":"bomb_00026"},{"name":"bomb_00027","bone":"Effect","attachment":"bomb_00027"},{"name":"BombPath","bone":"root","attachment":"BombPath"}],"path":[{"name":"BombPath","bones":["Bomb"],"target":"BombPath","rotateMix":0.287}],"skins":[{"name":"default","attachments":{"Bomb":{"Bomb":{"x":-0.11,"y":2.3,"width":143,"height":146}},"BombPath":{"BombPath":{"type":"path","lengths":[157.96,357.84,632.69],"vertexCount":9,"vertices":[-260.01,6.2,-225.1,94.27,-196.85,165.55,-119.27,161.42,-92.93,154.62,1.7,130.2,1.8,20.92,0.28,-5.05,-1.25,-31.03]}},"Effect_fire1":{"Effect_fire1":{"x":6.11,"y":2.22,"width":80,"height":79}},"Effect_fire2":{"Effect_fire2":{"x":3.11,"y":-1.28,"width":76,"height":58}},"Line":{"Line":{"x":19,"y":1.61,"rotation":-154.09,"width":48,"height":29}},"bomb_00000":{"bomb_00000":{"width":256,"height":256}},"bomb_00001":{"bomb_00001":{"width":256,"height":256}},"bomb_00002":{"bomb_00002":{"width":256,"height":256}},"bomb_00003":{"bomb_00003":{"width":256,"height":256}},"bomb_00004":{"bomb_00004":{"width":256,"height":256}},"bomb_00005":{"bomb_00005":{"width":256,"height":256}},"bomb_00006":{"bomb_00006":{"width":256,"height":256}},"bomb_00007":{"bomb_00007":{"width":256,"height":256}},"bomb_00008":{"bomb_00008":{"width":256,"height":256}},"bomb_00009":{"bomb_00009":{"width":256,"height":256}},"bomb_00010":{"bomb_00010":{"width":256,"height":256}},"bomb_00011":{"bomb_00011":{"width":256,"height":256}},"bomb_00012":{"bomb_00012":{"width":256,"height":256}},"bomb_00013":{"bomb_00013":{"width":256,"height":256}},"bomb_00014":{"bomb_00014":{"width":256,"height":256}},"bomb_00015":{"bomb_00015":{"width":256,"height":256}},"bomb_00016":{"bomb_00016":{"width":256,"height":256}},"bomb_00017":{"bomb_00017":{"width":256,"height":256}},"bomb_00018":{"bomb_00018":{"width":256,"height":256}},"bomb_00019":{"bomb_00019":{"width":256,"height":256}},"bomb_00020":{"bomb_00020":{"width":256,"height":256}},"bomb_00021":{"bomb_00021":{"width":256,"height":256}},"bomb_00022":{"bomb_00022":{"width":256,"height":256}},"bomb_00023":{"bomb_00023":{"width":256,"height":256}},"bomb_00024":{"bomb_00024":{"width":256,"height":256}},"bomb_00025":{"bomb_00025":{"width":256,"height":256}},"bomb_00026":{"bomb_00026":{"width":256,"height":256}},"bomb_00027":{"bomb_00027":{"width":256,"height":256}}}}],"animations":{"bomb":{"slots":{"Bomb":{"twoColor":[{"time":0.1667,"light":"ffffffff","dark":"000000"},{"time":0.4333,"light":"ff0000ff","dark":"da0000"},{"time":0.4667,"light":"ffffff00","dark":"000000"}]},"Effect_fire1":{"color":[{"time":0.4667,"color":"ffffffff"},{"time":0.5,"color":"ffffff00"}],"attachment":[{"time":0.0333,"name":null},{"time":0.0667,"name":"Effect_fire1"},{"time":0.1,"name":null},{"time":0.1333,"name":"Effect_fire1"},{"time":0.1667,"name":null},{"time":0.2,"name":"Effect_fire1"},{"time":0.2333,"name":null},{"time":0.2667,"name":"Effect_fire1"},{"time":0.3,"name":null},{"time":0.3333,"name":"Effect_fire1"}]},"Effect_fire2":{"color":[{"time":0.4667,"color":"ffffffff"},{"time":0.5,"color":"ffffff00"}],"attachment":[{"name":null},{"time":0.0333,"name":"Effect_fire2"},{"time":0.0667,"name":null},{"time":0.1,"name":"Effect_fire2"},{"time":0.1333,"name":null},{"time":0.1667,"name":"Effect_fire2"},{"time":0.2,"name":null},{"time":0.2333,"name":"Effect_fire2"},{"time":0.2667,"name":null},{"time":0.3,"name":"Effect_fire2"},{"time":0.3333,"name":null}]},"Line":{"color":[{"time":0.3333,"color":"ffffffff"},{"time":0.3667,"color":"ffffff00"}]},"bomb_00000":{"attachment":[{"name":null},{"time":0.3,"name":"bomb_00000"},{"time":0.3333,"name":null}]},"bomb_00001":{"attachment":[{"name":null},{"time":0.3333,"name":"bomb_00001"},{"time":0.3667,"name":null}]},"bomb_00002":{"attachment":[{"name":null},{"time":0.3667,"name":"bomb_00002"},{"time":0.4,"name":null}]},"bomb_00003":{"attachment":[{"name":null},{"time":0.4,"name":"bomb_00003"},{"time":0.4333,"name":null}]},"bomb_00004":{"attachment":[{"name":null},{"time":0.4333,"name":"bomb_00004"},{"time":0.4667,"name":null}]},"bomb_00005":{"attachment":[{"name":null},{"time":0.4667,"name":"bomb_00005"},{"time":0.5,"name":null}]},"bomb_00006":{"attachment":[{"name":null},{"time":0.5,"name":"bomb_00006"},{"time":0.5333,"name":null}]},"bomb_00007":{"attachment":[{"name":null},{"time":0.5333,"name":"bomb_00007"},{"time":0.5667,"name":null}]},"bomb_00008":{"attachment":[{"name":null},{"time":0.5667,"name":"bomb_00008"},{"time":0.6,"name":null}]},"bomb_00009":{"attachment":[{"name":null},{"time":0.6,"name":"bomb_00009"},{"time":0.6333,"name":null}]},"bomb_00010":{"attachment":[{"name":null},{"time":0.6333,"name":"bomb_00010"},{"time":0.6667,"name":null}]},"bomb_00011":{"attachment":[{"name":null},{"time":0.6667,"name":"bomb_00011"},{"time":0.7,"name":null}]},"bomb_00012":{"attachment":[{"name":null},{"time":0.7,"name":"bomb_00012"},{"time":0.7333,"name":null}]},"bomb_00013":{"attachment":[{"name":null},{"time":0.7333,"name":"bomb_00013"},{"time":0.7667,"name":null}]},"bomb_00014":{"attachment":[{"name":null},{"time":0.7667,"name":"bomb_00014"},{"time":0.8,"name":null}]},"bomb_00015":{"attachment":[{"name":null},{"time":0.8,"name":"bomb_00015"},{"time":0.8333,"name":null}]},"bomb_00016":{"attachment":[{"name":null},{"time":0.8333,"name":"bomb_00016"},{"time":0.8667,"name":null}]},"bomb_00017":{"attachment":[{"name":null},{"time":0.8667,"name":"bomb_00017"},{"time":0.9,"name":null}]},"bomb_00018":{"attachment":[{"name":null},{"time":0.9,"name":"bomb_00018"},{"time":0.9333,"name":null}]},"bomb_00019":{"attachment":[{"name":null},{"time":0.9333,"name":"bomb_00019"},{"time":0.9667,"name":null}]},"bomb_00020":{"attachment":[{"name":null},{"time":0.9667,"name":"bomb_00020"},{"time":1,"name":null}]},"bomb_00021":{"attachment":[{"name":null},{"time":1,"name":"bomb_00021"},{"time":1.0333,"name":null}]},"bomb_00022":{"attachment":[{"name":null},{"time":1.0333,"name":"bomb_00022"},{"time":1.0667,"name":null}]},"bomb_00023":{"attachment":[{"name":null},{"time":1.0667,"name":"bomb_00023"},{"time":1.1,"name":null}]},"bomb_00024":{"attachment":[{"name":null},{"time":1.1,"name":"bomb_00024"},{"time":1.1333,"name":null}]},"bomb_00025":{"attachment":[{"name":null},{"time":1.1333,"name":"bomb_00025"},{"time":1.1667,"name":null}]},"bomb_00026":{"attachment":[{"name":null},{"time":1.1667,"name":"bomb_00026"},{"time":1.2,"name":null}]},"bomb_00027":{"attachment":[{"name":null},{"time":1.2,"name":"bomb_00027"},{"time":1.2333,"name":null}]}},"bones":{"Effect":{"scale":[{"time":0.3333},{"time":0.4667,"x":2.373,"y":2.373},{"time":0.6667}]},"Fire":{"translate":[{},{"time":0.3333,"x":25.21,"y":-11.46}]},"Line":{"scale":[{},{"time":0.3333,"x":0.58}]},"Bomb":{"scale":[{"x":0.722},{"time":0.2667},{"time":0.3,"y":0.471,"curve":"stepped"},{"time":0.3333,"y":0.47},{"time":0.4}]}},"path":{"BombPath":{"position":[{"curve":0.642,"c2":0.24,"c3":0.816,"c4":0.42},{"time":0.3,"position":1.1},{"time":0.4,"position":1}],"mix":[{"rotateMix":0.569},{"time":0.2667,"rotateMix":0.056}]}}}}}