{"skeleton":{"hash":"bQm5W9OzdxV63EArIQVYOBm1hoE","spine":"3.8.99","x":-642.02,"y":-362.67,"width":1284.98,"height":726.54,"images":"./Layers/","audio":"C:/Users/user/Desktop/Work/맞고/Ani_final/Gostop"},"bones":[{"name":"root"},{"name":"1Go","parent":"root","x":-84.94,"y":29.89,"color":"00ff0eff"},{"name":"1Go_Num","parent":"1Go","length":302.78,"rotation":81.04,"x":-55.48,"y":-50.85,"color":"00ff0eff"},{"name":"1Go_Letter","parent":"1Go","length":242.58,"rotation":80.87,"x":64.19,"y":-48.31,"color":"00ff0eff"},{"name":"3Go","parent":"root","x":-88.09,"y":42.47,"color":"ff01a4ff"},{"name":"Blur","parent":"3Go","x":-49.94,"y":29.33,"color":"ff01a4ff"},{"name":"3Go_num","parent":"3Go","length":195.93,"rotation":84.57,"x":-51.93,"y":-72.29,"color":"ff01a4ff"},{"name":"3Go_letter","parent":"3Go","length":159.45,"rotation":81.87,"x":82.05,"y":-59.74,"color":"ff01a4ff"},{"name":"Effect","parent":"root"},{"name":"BG_Light","parent":"root","x":-66.07,"y":58.2},{"name":"Effect_Line","parent":"Effect","length":507.55,"rotation":-27.8,"x":-717.11,"y":391.77},{"name":"Effect_Line2","parent":"Effect","length":507.55,"rotation":152.28,"x":717.67,"y":-391.05},{"name":"Effect_Line3","parent":"Effect","length":507.55,"rotation":27.96,"x":-717.19,"y":-393.3,"shearY":-180},{"name":"Effect_Line4","parent":"Effect","length":507.55,"rotation":-151.87,"x":716.91,"y":394.73,"shearY":-180},{"name":"3Go_num2","parent":"root","length":195.93,"rotation":84.57,"x":-140.02,"y":-29.82,"color":"ff01a4ff"},{"name":"Letter_blur","parent":"3Go_letter","x":84.59,"y":-0.38,"color":"ff01a4ff"}],"slots":[{"name":"BG_Light","bone":"BG_Light","color":"efff00ff","attachment":"BG_Light"},{"name":"BG_Light2","bone":"BG_Light","color":"aeff00ff","attachment":"BG_Light"},{"name":"Go_Low","bone":"1Go_Letter","attachment":"Go_Low"},{"name":"1","bone":"1Go_Num","attachment":"1"},{"name":"Go01_blur","bone":"1Go"},{"name":"2","bone":"1Go_Num"},{"name":"Go02_blur","bone":"1Go"},{"name":"Go_High","bone":"3Go_letter"},{"name":"3","bone":"3Go_num","attachment":"3"},{"name":"7","bone":"3Go_num2","dark":"ff0000","attachment":"3"},{"name":"EffectLine","bone":"Effect_Line","attachment":"EffectLine"},{"name":"EffectLine2","bone":"Effect_Line2","attachment":"EffectLine"},{"name":"EffectLine3","bone":"Effect_Line3","attachment":"EffectLine"},{"name":"EffectLine4","bone":"Effect_Line4","attachment":"EffectLine"},{"name":"EffectLine_blur","bone":"Effect_Line","attachment":"EffectLine_blur"},{"name":"EffectLine_blur2","bone":"Effect_Line2","attachment":"EffectLine_blur"},{"name":"EffectLine_blur3","bone":"Effect_Line3","attachment":"EffectLine_blur"},{"name":"EffectLine_blur4","bone":"Effect_Line4","attachment":"EffectLine_blur"},{"name":"14","bone":"3Go_num","dark":"ff0000","attachment":"7"},{"name":"15","bone":"3Go_num","dark":"ff0000","attachment":"8"},{"name":"16","bone":"3Go_num","dark":"ff0000","attachment":"9"},{"name":"4","bone":"3Go_num"},{"name":"8","bone":"3Go_num2","dark":"000000","attachment":"4"},{"name":"5","bone":"3Go_num"},{"name":"9","bone":"3Go_num2","dark":"000000","attachment":"5"},{"name":"6","bone":"3Go_num"},{"name":"10","bone":"3Go_num2","dark":"000000","attachment":"6"},{"name":"3_blur","bone":"Blur","attachment":"3_blur"},{"name":"4_blur","bone":"Blur","attachment":"4_blur"},{"name":"5_blur","bone":"Blur","attachment":"5_blur"},{"name":"6_blur","bone":"Blur","attachment":"6_blur"},{"name":"3Go_letter","bone":"Letter_blur","attachment":"Go_High_blur"},{"name":"11","bone":"3Go_num2","dark":"ff0000","attachment":"7"},{"name":"12","bone":"3Go_num2","dark":"ff0000","attachment":"8"},{"name":"13","bone":"3Go_num2","dark":"ff0000","attachment":"9"},{"name":"7_blur","bone":"Blur","attachment":"7_blur"},{"name":"8_blur","bone":"Blur","attachment":"8_blur"},{"name":"9_blur","bone":"Blur","attachment":"9_blur"}],"skins":[{"name":"default","attachments":{"1":{"1":{"x":91.4,"y":-2.95,"rotation":-81.04,"width":97,"height":187}},"2":{"2":{"x":89.24,"y":13.92,"rotation":-81.04,"width":159,"height":200}},"3":{"3":{"x":98.47,"y":12.12,"rotation":-84.57,"width":150,"height":202}},"3Go_letter":{"Go_High_blur":{"x":-6.6,"y":7.31,"scaleX":2,"scaleY":2,"rotation":-81.87,"width":125,"height":122}},"3_blur":{"3_blur":{"x":-0.25,"y":2.41,"scaleX":2,"scaleY":2,"width":110,"height":120}},"4":{"4":{"x":97.55,"y":27.1,"rotation":-84.57,"width":172,"height":195}},"4_blur":{"4_blur":{"x":11.03,"y":19.34,"scaleX":2,"scaleY":2,"width":124,"height":130}},"5":{"5":{"x":96.38,"y":12.93,"rotation":-84.57,"width":162,"height":198}},"5_blur":{"5_blur":{"x":16.53,"y":6.64,"scaleX":2,"scaleY":2,"width":118,"height":127}},"6":{"6":{"x":96.38,"y":23.48,"rotation":-84.57,"width":155,"height":202}},"6_blur":{"6_blur":{"x":16.53,"y":6.14,"scaleX":2,"scaleY":2,"width":106,"height":122}},"7":{"3":{"x":98.47,"y":12.12,"rotation":-84.57,"width":150,"height":202}},"7_blur":{"7_blur":{"width":270,"height":280}},"8":{"4":{"x":101.66,"y":18.65,"rotation":-84.57,"width":172,"height":195}},"8_blur":{"8_blur":{"x":0.5,"y":0.5,"width":197,"height":213}},"9":{"5":{"x":96.69,"y":9.64,"rotation":-84.57,"width":162,"height":198}},"9_blur":{"9_blur":{"width":228,"height":262}},"10":{"6":{"x":102.75,"y":26.29,"rotation":-84.57,"width":155,"height":202}},"11":{"7":{"x":99.78,"y":9.48,"rotation":-84.57,"width":174,"height":198}},"12":{"8":{"x":99.78,"y":9.48,"rotation":-84.57,"width":166,"height":202}},"13":{"9":{"x":99.78,"y":9.48,"rotation":-84.57,"width":156,"height":202}},"14":{"7":{"x":99.78,"y":9.48,"rotation":-84.57,"width":174,"height":198}},"15":{"8":{"x":99.78,"y":9.48,"rotation":-84.57,"width":166,"height":202}},"16":{"9":{"x":99.78,"y":9.48,"rotation":-84.57,"width":156,"height":202}},"BG_Light":{"BG_Light":{"x":7.8,"y":0.65,"scaleX":2,"scaleY":2,"width":305,"height":245}},"BG_Light2":{"BG_Light":{"x":7.8,"y":0.65,"scaleX":2,"scaleY":2,"width":305,"height":245}},"EffectLine":{"EffectLine":{"x":421.2,"y":-0.52,"rotation":27.8,"width":592,"height":333}},"EffectLine2":{"EffectLine":{"x":421.2,"y":-0.52,"rotation":27.8,"width":592,"height":333}},"EffectLine3":{"EffectLine":{"x":421.2,"y":-0.52,"rotation":27.8,"width":592,"height":333}},"EffectLine4":{"EffectLine":{"x":421.2,"y":-0.52,"rotation":27.8,"width":592,"height":333}},"EffectLine_blur":{"EffectLine_blur":{"x":428.62,"y":-23.17,"scaleX":2,"scaleY":2,"rotation":27.8,"width":292,"height":190}},"EffectLine_blur2":{"EffectLine_blur":{"x":428.62,"y":-23.17,"scaleX":2,"scaleY":2,"rotation":27.8,"width":292,"height":190}},"EffectLine_blur3":{"EffectLine_blur":{"x":428.62,"y":-23.17,"scaleX":2,"scaleY":2,"rotation":27.8,"width":292,"height":190}},"EffectLine_blur4":{"EffectLine_blur":{"x":428.62,"y":-23.17,"scaleX":2,"scaleY":2,"rotation":27.8,"width":292,"height":190}},"Go01_blur":{"Go01_blur":{"x":46.68,"y":38.97,"scaleX":2,"scaleY":2,"width":255,"height":175}},"Go02_blur":{"Go02_blur":{"x":31.68,"y":39.47,"scaleX":2,"scaleY":2,"width":255,"height":175}},"Go_High":{"Go_High":{"x":77.73,"y":-5.84,"rotation":-81.87,"width":187,"height":161}},"Go_Low":{"Go_Low":{"x":79.87,"y":-9.95,"rotation":-80.87,"width":187,"height":161}}}}],"animations":{"1Go":{"slots":{"1":{"attachment":[{"name":null},{"time":0.1667,"name":"1"}]},"3":{"attachment":[{"name":null}]},"3Go_letter":{"attachment":[{"name":null},{"time":0.9,"name":null}]},"3_blur":{"attachment":[{"name":null}]},"4_blur":{"attachment":[{"name":null}]},"5_blur":{"attachment":[{"name":null}]},"6_blur":{"attachment":[{"name":null}]},"7":{"attachment":[{"name":null}]},"7_blur":{"attachment":[{"name":null}]},"8":{"attachment":[{"name":null}]},"8_blur":{"attachment":[{"name":null}]},"9":{"attachment":[{"name":null}]},"9_blur":{"attachment":[{"name":null}]},"10":{"attachment":[{"name":null}]},"11":{"attachment":[{"name":null}]},"12":{"attachment":[{"name":null}]},"13":{"attachment":[{"name":null}]},"14":{"attachment":[{"name":null}]},"15":{"attachment":[{"name":null}]},"16":{"attachment":[{"name":null}]},"BG_Light":{"color":[{"color":"efff0000","curve":"stepped"},{"time":0.1667,"color":"efff0000"},{"time":0.2333,"color":"efff00ff"}]},"BG_Light2":{"color":[{"color":"aeff0000","curve":"stepped"},{"time":0.1667,"color":"aeff0000"},{"time":0.2333,"color":"aeff00ff"}]},"EffectLine":{"attachment":[{"name":null}]},"EffectLine2":{"attachment":[{"name":null}]},"EffectLine3":{"attachment":[{"name":null}]},"EffectLine4":{"attachment":[{"name":null}]},"EffectLine_blur":{"attachment":[{"name":null}]},"EffectLine_blur2":{"attachment":[{"name":null}]},"EffectLine_blur3":{"attachment":[{"name":null}]},"EffectLine_blur4":{"attachment":[{"name":null}]},"Go01_blur":{"attachment":[{"name":"Go01_blur"},{"time":0.1667,"name":null}]},"Go_Low":{"attachment":[{"name":null},{"time":0.1667,"name":"Go_Low"}]}},"bones":{"1Go":{"translate":[{"y":567,"curve":0,"c2":0.36,"c3":0.481,"c4":0.57},{"time":0.1667,"y":-59.42},{"time":0.2333,"y":99.04},{"time":0.3,"y":-34.66},{"time":0.3667}]},"1Go_Num":{"rotate":[{"curve":0.25,"c3":0.75},{"time":0.2333,"angle":41.78,"curve":0.25,"c3":0.75},{"time":0.4,"angle":-15.49},{"time":0.5,"angle":7.44},{"time":0.6333,"angle":0.01},{"time":0.7333}],"translate":[{"time":0.1667},{"time":0.3,"y":63.35},{"time":0.3667}],"scale":[{"time":0.1667},{"time":0.2333,"x":0.402,"y":0.745},{"time":0.3,"x":1.379},{"time":0.3667}]},"1Go_Letter":{"translate":[{"time":0.1667},{"time":0.3,"x":6.7,"y":43.54},{"time":0.3667}],"scale":[{"time":0.1667},{"time":0.2333,"x":0.54},{"time":0.3,"x":1.715},{"time":0.3667}]}}},"2Go":{"slots":{"1":{"attachment":[{"name":null}]},"2":{"attachment":[{"time":0.1667,"name":"2"}]},"3":{"attachment":[{"name":null}]},"3Go_letter":{"attachment":[{"name":null},{"time":0.9,"name":null}]},"3_blur":{"attachment":[{"name":null}]},"4_blur":{"attachment":[{"name":null}]},"5_blur":{"attachment":[{"name":null}]},"6_blur":{"attachment":[{"name":null}]},"7":{"attachment":[{"name":null}]},"7_blur":{"attachment":[{"name":null}]},"8":{"attachment":[{"name":null}]},"8_blur":{"attachment":[{"name":null}]},"9":{"attachment":[{"name":null}]},"9_blur":{"attachment":[{"name":null}]},"10":{"attachment":[{"name":null}]},"11":{"attachment":[{"name":null}]},"12":{"attachment":[{"name":null}]},"13":{"attachment":[{"name":null}]},"14":{"attachment":[{"name":null}]},"15":{"attachment":[{"name":null}]},"16":{"attachment":[{"name":null}]},"BG_Light":{"color":[{"color":"efff0000","curve":"stepped"},{"time":0.1667,"color":"efff0000"},{"time":0.2333,"color":"efff00ff"}]},"BG_Light2":{"color":[{"color":"aeff0000","curve":"stepped"},{"time":0.1667,"color":"aeff0000"},{"time":0.2333,"color":"aeff00ff"}]},"EffectLine":{"attachment":[{"name":null}]},"EffectLine2":{"attachment":[{"name":null}]},"EffectLine3":{"attachment":[{"name":null}]},"EffectLine4":{"attachment":[{"name":null}]},"EffectLine_blur":{"attachment":[{"name":null}]},"EffectLine_blur2":{"attachment":[{"name":null}]},"EffectLine_blur3":{"attachment":[{"name":null}]},"EffectLine_blur4":{"attachment":[{"name":null}]},"Go02_blur":{"attachment":[{"name":"Go02_blur"},{"time":0.1667,"name":null}]},"Go_Low":{"attachment":[{"name":null},{"time":0.1667,"name":"Go_Low"}]}},"bones":{"1Go":{"translate":[{"y":567,"curve":0,"c2":0.36,"c3":0.481,"c4":0.57},{"time":0.1667,"y":-59.42},{"time":0.2333,"y":99.04},{"time":0.3,"y":-34.66},{"time":0.3667}]},"1Go_Num":{"rotate":[{"curve":0.25,"c3":0.75},{"time":0.2333,"angle":41.78,"curve":0.25,"c3":0.75},{"time":0.4,"angle":-15.49},{"time":0.5,"angle":4.67},{"time":0.6333,"angle":0.01},{"time":0.7333}],"translate":[{"time":0.1667},{"time":0.3,"y":19.81},{"time":0.3667}],"scale":[{"time":0.1667},{"time":0.2333,"x":0.402,"y":0.745},{"time":0.3,"x":1.379},{"time":0.3667}]},"1Go_Letter":{"translate":[{"time":0.1667},{"time":0.3,"x":6.7,"y":43.54},{"time":0.3667}],"scale":[{"time":0.1667},{"time":0.2333,"x":0.54},{"time":0.3,"x":1.715},{"time":0.3667}]}}},"3Go":{"slots":{"1":{"attachment":[{"name":null}]},"3":{"color":[{"time":0.4333,"color":"ffffffff","curve":0.25,"c3":0.75},{"time":0.5,"color":"ff0000ff","curve":0.746,"c2":0.06,"c3":0.361},{"time":0.7667,"color":"ffffffff"}],"attachment":[{"name":null},{"time":0.2333,"name":"3"}]},"3Go_letter":{"color":[{"color":"ffffff00","curve":"stepped"},{"time":0.2,"color":"ffffff00"},{"time":0.3333,"color":"ffffffff"},{"time":0.4,"color":"ffffff00"}]},"3_blur":{"attachment":[{"time":0.2333,"name":null}]},"4_blur":{"attachment":[{"name":null}]},"5_blur":{"attachment":[{"name":null}]},"6_blur":{"attachment":[{"name":null}]},"7":{"twoColor":[{"light":"ffffff00","dark":"000000","curve":"stepped"},{"time":0.4333,"light":"ffffff00","dark":"000000","curve":0.25,"c3":0.75},{"time":0.5,"light":"ff0000ff","dark":"ff0000","curve":0.148,"c2":0.53,"c3":0.549,"c4":0.79},{"time":0.7333,"light":"ff000000","dark":"ff0000"},{"time":0.9,"light":"ff000000","dark":"000000"}]},"7_blur":{"attachment":[{"name":null}]},"8":{"attachment":[{"name":null}]},"8_blur":{"attachment":[{"name":null}]},"9":{"attachment":[{"name":null}]},"9_blur":{"attachment":[{"name":null}]},"10":{"attachment":[{"name":null}]},"11":{"attachment":[{"name":null}]},"12":{"attachment":[{"name":null}]},"13":{"attachment":[{"name":null}]},"14":{"attachment":[{"name":null}]},"15":{"attachment":[{"name":null}]},"16":{"attachment":[{"name":null}]},"BG_Light":{"color":[{"color":"efff0000"},{"time":0.2333,"color":"efff00ff"}]},"BG_Light2":{"color":[{"color":"aeff0000"},{"time":0.2333,"color":"aeff00ff"}]},"EffectLine":{"attachment":[{"name":null},{"time":0.5667,"name":"EffectLine"}]},"EffectLine2":{"attachment":[{"name":null},{"time":0.5667,"name":"EffectLine"}]},"EffectLine3":{"attachment":[{"name":null},{"time":0.5667,"name":"EffectLine"}]},"EffectLine4":{"attachment":[{"name":null},{"time":0.5667,"name":"EffectLine"}]},"EffectLine_blur":{"color":[{"color":"ffffff00"},{"time":0.2333,"color":"ffffffff"}],"attachment":[{"time":0.5667,"name":null}]},"EffectLine_blur2":{"color":[{"color":"ffffff00"},{"time":0.2333,"color":"ffffffff"}],"attachment":[{"time":0.5667,"name":null}]},"EffectLine_blur3":{"color":[{"color":"ffffff00"},{"time":0.2333,"color":"ffffffff"}],"attachment":[{"time":0.5667,"name":null}]},"EffectLine_blur4":{"color":[{"color":"ffffff00"},{"time":0.2333,"color":"ffffffff"}],"attachment":[{"time":0.5667,"name":null}]},"Go_High":{"attachment":[{"time":0.3667,"name":"Go_High"},{"time":0.9,"name":null}]},"Go_Low":{"attachment":[{"name":null}]}},"bones":{"1Go":{"translate":[{"x":151.79}]},"3Go":{"scale":[{"time":0.3667,"curve":0.25,"c3":0.75},{"time":0.4667,"x":0.671,"y":0.671,"curve":0.25,"c3":0.75},{"time":0.6,"x":2,"y":2,"curve":0.25,"c3":0.75},{"time":0.6667,"x":0.461,"y":0.461,"curve":0.25,"c3":0.75},{"time":0.7667}]},"Blur":{"rotate":[{"angle":-41.94},{"time":0.1,"angle":65.24},{"time":0.1667,"angle":-132.85},{"time":0.2333}],"scale":[{"x":9.498,"y":9.498,"curve":0.381,"c2":0.87,"c3":0.652,"c4":0.92},{"time":0.2333}]},"Effect_Line4":{"translate":[{"x":443.98,"y":247.53,"curve":0.525,"c2":0.08,"c3":0.787,"c4":0.08},{"time":0.5667}]},"Effect_Line3":{"translate":[{"x":-436.12,"y":-243.6,"curve":0.525,"c2":0.08,"c3":0.787,"c4":0.08},{"time":0.5667}]},"Effect_Line2":{"translate":[{"x":455.76,"y":-259.31,"curve":0.525,"c2":0.08,"c3":0.787,"c4":0.08},{"time":0.5667}]},"Effect_Line":{"translate":[{"x":-428.26,"y":263.24,"curve":0.525,"c2":0.08,"c3":0.787,"c4":0.08},{"time":0.5667}]},"3Go_num2":{"translate":[{},{"time":0.4667,"x":16.67,"y":18.52},{"time":0.5333,"x":-17.7,"y":-53.71},{"time":0.7667,"x":-79.64,"y":-298.17}],"scale":[{},{"time":0.4667,"x":0.723,"y":0.723},{"time":0.7667,"x":5,"y":5}]},"Letter_blur":{"rotate":[{"angle":-41.94,"curve":"stepped"},{"time":0.2,"angle":-41.94},{"time":0.3,"angle":65.24},{"time":0.3667,"angle":-132.85},{"time":0.4}],"scale":[{"x":10,"y":10,"curve":"stepped"},{"time":0.2667,"x":10,"y":10,"curve":0.037,"c2":0.99,"c3":0.75},{"time":0.4}]}}},"4Go":{"slots":{"1":{"attachment":[{"name":null}]},"3":{"color":[{"time":0.4333,"color":"ffffffff","curve":0.25,"c3":0.75},{"time":0.5,"color":"ff0000ff","curve":0.746,"c2":0.06,"c3":0.361},{"time":0.7667,"color":"ffffffff"}],"attachment":[{"name":null}]},"3Go_letter":{"color":[{"color":"ffffff00","curve":"stepped"},{"time":0.2,"color":"ffffff00"},{"time":0.3333,"color":"ffffffff"},{"time":0.4,"color":"ffffff00"}]},"3_blur":{"color":[{"time":0.2,"color":"ffffffff"},{"time":0.2333,"color":"ffffff00"}],"attachment":[{"name":null}]},"4":{"attachment":[{"time":0.2333,"name":"4"}]},"4_blur":{"attachment":[{"time":0.2333,"name":null}]},"5_blur":{"attachment":[{"name":null}]},"6_blur":{"attachment":[{"name":null}]},"7":{"attachment":[{"name":null}]},"7_blur":{"attachment":[{"name":null}]},"8":{"twoColor":[{"light":"ffffff00","dark":"000000"},{"time":0.4333,"light":"ffffff00","dark":"ff0000","curve":0.25,"c3":0.75},{"time":0.5,"light":"ff0000ff","dark":"ff0000","curve":0.148,"c2":0.53,"c3":0.549,"c4":0.79},{"time":0.7333,"light":"ff000000","dark":"ff0000"},{"time":0.9,"light":"ffffff00","dark":"ff0000"}]},"8_blur":{"attachment":[{"name":null}]},"9":{"attachment":[{"name":null}]},"9_blur":{"attachment":[{"name":null}]},"10":{"attachment":[{"name":null}]},"11":{"attachment":[{"name":null}]},"12":{"attachment":[{"name":null}]},"13":{"attachment":[{"name":null}]},"14":{"attachment":[{"name":null}]},"15":{"attachment":[{"name":null}]},"16":{"attachment":[{"name":null}]},"BG_Light":{"color":[{"color":"efff0000"},{"time":0.2333,"color":"efff00ff"}]},"BG_Light2":{"color":[{"color":"aeff0000"},{"time":0.2333,"color":"aeff00ff"}]},"EffectLine":{"attachment":[{"name":null},{"time":0.5667,"name":"EffectLine"}]},"EffectLine2":{"attachment":[{"name":null},{"time":0.5667,"name":"EffectLine"}]},"EffectLine3":{"attachment":[{"name":null},{"time":0.5667,"name":"EffectLine"}]},"EffectLine4":{"attachment":[{"name":null},{"time":0.5667,"name":"EffectLine"}]},"EffectLine_blur":{"color":[{"color":"ffffff00"},{"time":0.2333,"color":"ffffffff"}],"attachment":[{"time":0.5667,"name":null}]},"EffectLine_blur2":{"color":[{"color":"ffffff00"},{"time":0.2333,"color":"ffffffff"}],"attachment":[{"time":0.5667,"name":null}]},"EffectLine_blur3":{"color":[{"color":"ffffff00"},{"time":0.2333,"color":"ffffffff"}],"attachment":[{"time":0.5667,"name":null}]},"EffectLine_blur4":{"color":[{"color":"ffffff00"},{"time":0.2333,"color":"ffffffff"}],"attachment":[{"time":0.5667,"name":null}]},"Go_High":{"attachment":[{"time":0.3667,"name":"Go_High"},{"time":0.9,"name":null}]},"Go_Low":{"attachment":[{"name":null}]}},"bones":{"1Go":{"translate":[{"x":151.79}]},"3Go":{"scale":[{"time":0.3667,"curve":0.25,"c3":0.75},{"time":0.4667,"x":0.671,"y":0.671,"curve":0.25,"c3":0.75},{"time":0.6,"x":2,"y":2,"curve":0.25,"c3":0.75},{"time":0.6667,"x":0.461,"y":0.461,"curve":0.25,"c3":0.75},{"time":0.7667}]},"Blur":{"rotate":[{"angle":-41.94},{"time":0.1,"angle":65.24},{"time":0.1667,"angle":-132.85},{"time":0.2333}],"scale":[{"x":9.498,"y":9.498,"curve":0.381,"c2":0.87,"c3":0.652,"c4":0.92},{"time":0.2333}]},"Effect_Line4":{"translate":[{"x":443.98,"y":247.53,"curve":0.525,"c2":0.08,"c3":0.787,"c4":0.08},{"time":0.5667}]},"Effect_Line3":{"translate":[{"x":-436.12,"y":-243.6,"curve":0.525,"c2":0.08,"c3":0.787,"c4":0.08},{"time":0.5667}]},"Effect_Line2":{"translate":[{"x":455.76,"y":-259.31,"curve":0.525,"c2":0.08,"c3":0.787,"c4":0.08},{"time":0.5667}]},"Effect_Line":{"translate":[{"x":-428.26,"y":263.24,"curve":0.525,"c2":0.08,"c3":0.787,"c4":0.08},{"time":0.5667}]},"3Go_num2":{"translate":[{},{"time":0.4667,"x":16.67,"y":18.52},{"time":0.5333,"x":-17.7,"y":-53.71},{"time":0.7667,"x":-79.64,"y":-298.17}],"scale":[{},{"time":0.4667,"x":0.723,"y":0.723},{"time":0.7667,"x":5,"y":5}]},"Letter_blur":{"rotate":[{"angle":-41.94,"curve":"stepped"},{"time":0.2,"angle":-41.94},{"time":0.3,"angle":65.24},{"time":0.3667,"angle":-132.85},{"time":0.4}],"scale":[{"x":10,"y":10,"curve":"stepped"},{"time":0.2667,"x":10,"y":10,"curve":0.037,"c2":0.99,"c3":0.75},{"time":0.4}]}}},"5Go":{"slots":{"1":{"attachment":[{"name":null}]},"3":{"color":[{"time":0.4333,"color":"ffffffff","curve":0.25,"c3":0.75},{"time":0.5,"color":"ff0000ff","curve":0.746,"c2":0.06,"c3":0.361},{"time":0.7667,"color":"ffffffff"}],"attachment":[{"name":null}]},"3Go_letter":{"color":[{"color":"ffffff00","curve":"stepped"},{"time":0.2,"color":"ffffff00"},{"time":0.3333,"color":"ffffffff"},{"time":0.4,"color":"ffffff00"}]},"3_blur":{"color":[{"time":0.2,"color":"ffffffff"},{"time":0.2333,"color":"ffffff00"}],"attachment":[{"name":null}]},"4_blur":{"attachment":[{"name":null}]},"5":{"attachment":[{"time":0.2333,"name":"5"}]},"5_blur":{"attachment":[{"time":0.2333,"name":null}]},"6_blur":{"attachment":[{"name":null}]},"7":{"attachment":[{"name":null}]},"7_blur":{"attachment":[{"name":null}]},"8":{"attachment":[{"name":null}]},"8_blur":{"attachment":[{"name":null}]},"9":{"twoColor":[{"light":"ffffff00","dark":"000000","curve":"stepped"},{"time":0.4333,"light":"ffffff00","dark":"000000","curve":0.25,"c3":0.75},{"time":0.5,"light":"ff0000ff","dark":"ff0000","curve":0.148,"c2":0.53,"c3":0.549,"c4":0.79},{"time":0.7333,"light":"ff000000","dark":"ff0000"}]},"9_blur":{"attachment":[{"name":null}]},"10":{"attachment":[{"name":null}]},"11":{"attachment":[{"name":null}]},"12":{"attachment":[{"name":null}]},"13":{"attachment":[{"name":null}]},"14":{"attachment":[{"name":null}]},"15":{"attachment":[{"name":null}]},"16":{"attachment":[{"name":null}]},"BG_Light":{"color":[{"color":"efff0000"},{"time":0.2333,"color":"efff00ff"}]},"BG_Light2":{"color":[{"color":"aeff0000"},{"time":0.2333,"color":"aeff00ff"}]},"EffectLine":{"attachment":[{"name":null},{"time":0.5667,"name":"EffectLine"}]},"EffectLine2":{"attachment":[{"name":null},{"time":0.5667,"name":"EffectLine"}]},"EffectLine3":{"attachment":[{"name":null},{"time":0.5667,"name":"EffectLine"}]},"EffectLine4":{"attachment":[{"name":null},{"time":0.5667,"name":"EffectLine"}]},"EffectLine_blur":{"color":[{"color":"ffffff00"},{"time":0.2333,"color":"ffffffff"}],"attachment":[{"time":0.5667,"name":null}]},"EffectLine_blur2":{"color":[{"color":"ffffff00"},{"time":0.2333,"color":"ffffffff"}],"attachment":[{"time":0.5667,"name":null}]},"EffectLine_blur3":{"color":[{"color":"ffffff00"},{"time":0.2333,"color":"ffffffff"}],"attachment":[{"time":0.5667,"name":null}]},"EffectLine_blur4":{"color":[{"color":"ffffff00"},{"time":0.2333,"color":"ffffffff"}],"attachment":[{"time":0.5667,"name":null}]},"Go_High":{"attachment":[{"time":0.3667,"name":"Go_High"},{"time":0.9,"name":null}]},"Go_Low":{"attachment":[{"name":null}]}},"bones":{"1Go":{"translate":[{"x":151.79}]},"3Go":{"scale":[{"time":0.3667,"curve":0.25,"c3":0.75},{"time":0.4667,"x":0.671,"y":0.671,"curve":0.25,"c3":0.75},{"time":0.6,"x":2,"y":2,"curve":0.25,"c3":0.75},{"time":0.6667,"x":0.461,"y":0.461,"curve":0.25,"c3":0.75},{"time":0.7667}]},"Blur":{"rotate":[{"angle":-41.94},{"time":0.1,"angle":65.24},{"time":0.1667,"angle":-132.85},{"time":0.2333}],"scale":[{"x":9.498,"y":9.498,"curve":0.381,"c2":0.87,"c3":0.652,"c4":0.92},{"time":0.2333}]},"Effect_Line4":{"translate":[{"x":443.98,"y":247.53,"curve":0.525,"c2":0.08,"c3":0.787,"c4":0.08},{"time":0.5667}]},"Effect_Line3":{"translate":[{"x":-436.12,"y":-243.6,"curve":0.525,"c2":0.08,"c3":0.787,"c4":0.08},{"time":0.5667}]},"Effect_Line2":{"translate":[{"x":455.76,"y":-259.31,"curve":0.525,"c2":0.08,"c3":0.787,"c4":0.08},{"time":0.5667}]},"Effect_Line":{"translate":[{"x":-428.26,"y":263.24,"curve":0.525,"c2":0.08,"c3":0.787,"c4":0.08},{"time":0.5667}]},"3Go_num2":{"translate":[{},{"time":0.4667,"x":16.67,"y":18.52},{"time":0.5333,"x":-17.7,"y":-53.71},{"time":0.7667,"x":-79.64,"y":-298.17}],"scale":[{},{"time":0.4667,"x":0.723,"y":0.723},{"time":0.7667,"x":5,"y":5}]},"Letter_blur":{"rotate":[{"angle":-41.94,"curve":"stepped"},{"time":0.2,"angle":-41.94},{"time":0.3,"angle":65.24},{"time":0.3667,"angle":-132.85},{"time":0.4}],"scale":[{"x":10,"y":10,"curve":"stepped"},{"time":0.2667,"x":10,"y":10,"curve":0.037,"c2":0.99,"c3":0.75},{"time":0.4}]}}},"6Go":{"slots":{"1":{"attachment":[{"name":null}]},"3":{"color":[{"time":0.4333,"color":"ffffffff","curve":0.25,"c3":0.75},{"time":0.5,"color":"ff0000ff","curve":0.746,"c2":0.06,"c3":0.361},{"time":0.7667,"color":"ffffffff"}],"attachment":[{"name":null}]},"3Go_letter":{"color":[{"color":"ffffff00","curve":"stepped"},{"time":0.2,"color":"ffffff00"},{"time":0.3333,"color":"ffffffff"},{"time":0.4,"color":"ffffff00"}]},"3_blur":{"attachment":[{"name":null}]},"4_blur":{"attachment":[{"name":null}]},"5_blur":{"attachment":[{"name":null}]},"6":{"attachment":[{"time":0.2333,"name":"6"}]},"6_blur":{"attachment":[{"time":0.2333,"name":null}]},"7":{"attachment":[{"name":null}]},"7_blur":{"attachment":[{"name":null}]},"8":{"attachment":[{"name":null}]},"8_blur":{"attachment":[{"name":null}]},"9":{"attachment":[{"name":null}]},"9_blur":{"attachment":[{"name":null}]},"10":{"twoColor":[{"light":"ff000000","dark":"ff0000","curve":"stepped"},{"time":0.4333,"light":"ff000000","dark":"ff0000","curve":0.25,"c3":0.75},{"time":0.5,"light":"ff0000ff","dark":"ff0000","curve":0.148,"c2":0.53,"c3":0.549,"c4":0.79},{"time":0.7333,"light":"ff000000","dark":"ff0000"}]},"11":{"attachment":[{"name":null}]},"12":{"attachment":[{"name":null}]},"13":{"attachment":[{"name":null}]},"14":{"attachment":[{"name":null}]},"15":{"attachment":[{"name":null}]},"16":{"attachment":[{"name":null}]},"BG_Light":{"color":[{"color":"efff0000"},{"time":0.2333,"color":"efff00ff"}]},"BG_Light2":{"color":[{"color":"aeff0000"},{"time":0.2333,"color":"aeff00ff"}]},"EffectLine":{"attachment":[{"name":null},{"time":0.5667,"name":"EffectLine"}]},"EffectLine2":{"attachment":[{"name":null},{"time":0.5667,"name":"EffectLine"}]},"EffectLine3":{"attachment":[{"name":null},{"time":0.5667,"name":"EffectLine"}]},"EffectLine4":{"attachment":[{"name":null},{"time":0.5667,"name":"EffectLine"}]},"EffectLine_blur":{"color":[{"color":"ffffff00"},{"time":0.2333,"color":"ffffffff"}],"attachment":[{"time":0.5667,"name":null}]},"EffectLine_blur2":{"color":[{"color":"ffffff00"},{"time":0.2333,"color":"ffffffff"}],"attachment":[{"time":0.5667,"name":null}]},"EffectLine_blur3":{"color":[{"color":"ffffff00"},{"time":0.2333,"color":"ffffffff"}],"attachment":[{"time":0.5667,"name":null}]},"EffectLine_blur4":{"color":[{"color":"ffffff00"},{"time":0.2333,"color":"ffffffff"}],"attachment":[{"time":0.5667,"name":null}]},"Go_High":{"attachment":[{"time":0.3667,"name":"Go_High"},{"time":0.9,"name":null}]},"Go_Low":{"attachment":[{"name":null}]}},"bones":{"1Go":{"translate":[{"x":151.79}]},"3Go":{"scale":[{"time":0.3667,"curve":0.25,"c3":0.75},{"time":0.4667,"x":0.671,"y":0.671,"curve":0.25,"c3":0.75},{"time":0.6,"x":2,"y":2,"curve":0.25,"c3":0.75},{"time":0.6667,"x":0.461,"y":0.461,"curve":0.25,"c3":0.75},{"time":0.7667}]},"Blur":{"rotate":[{"angle":-41.94},{"time":0.1,"angle":65.24},{"time":0.1667,"angle":-132.85},{"time":0.2333}],"scale":[{"x":9.498,"y":9.498,"curve":0.381,"c2":0.87,"c3":0.652,"c4":0.92},{"time":0.2333}]},"Effect_Line4":{"translate":[{"x":443.98,"y":247.53,"curve":0.525,"c2":0.08,"c3":0.787,"c4":0.08},{"time":0.5667}]},"Effect_Line3":{"translate":[{"x":-436.12,"y":-243.6,"curve":0.525,"c2":0.08,"c3":0.787,"c4":0.08},{"time":0.5667}]},"Effect_Line2":{"translate":[{"x":455.76,"y":-259.31,"curve":0.525,"c2":0.08,"c3":0.787,"c4":0.08},{"time":0.5667}]},"Effect_Line":{"translate":[{"x":-428.26,"y":263.24,"curve":0.525,"c2":0.08,"c3":0.787,"c4":0.08},{"time":0.5667}]},"3Go_num2":{"translate":[{},{"time":0.4667,"x":16.67,"y":18.52},{"time":0.5333,"x":-17.7,"y":-53.71},{"time":0.7667,"x":-79.64,"y":-298.17}],"scale":[{},{"time":0.4667,"x":0.723,"y":0.723},{"time":0.7667,"x":5,"y":5}]},"Letter_blur":{"rotate":[{"angle":-41.94,"curve":"stepped"},{"time":0.2,"angle":-41.94},{"time":0.3,"angle":65.24},{"time":0.3667,"angle":-132.85},{"time":0.4}],"scale":[{"x":10,"y":10,"curve":"stepped"},{"time":0.2667,"x":10,"y":10,"curve":0.037,"c2":0.99,"c3":0.75},{"time":0.4}]}}},"7Go":{"slots":{"1":{"attachment":[{"name":null}]},"3":{"attachment":[{"name":null}]},"3Go_letter":{"color":[{"color":"ffffff00","curve":"stepped"},{"time":0.2,"color":"ffffff00"},{"time":0.3333,"color":"ffffffff"},{"time":0.4,"color":"ffffff00"}]},"3_blur":{"attachment":[{"name":null}]},"4_blur":{"attachment":[{"name":null}]},"5_blur":{"attachment":[{"name":null}]},"6_blur":{"attachment":[{"name":null}]},"7":{"attachment":[{"name":null}]},"7_blur":{"attachment":[{"time":0.2333,"name":null}]},"8":{"attachment":[{"name":null}]},"8_blur":{"attachment":[{"name":null}]},"9":{"attachment":[{"name":null}]},"9_blur":{"attachment":[{"name":null}]},"10":{"attachment":[{"name":null}]},"11":{"twoColor":[{"light":"ffffff00","dark":"ff0000","curve":"stepped"},{"time":0.4333,"light":"ffffff00","dark":"ff0000","curve":0.25,"c3":0.75},{"time":0.5,"light":"ff0000ff","dark":"ff0000","curve":0.148,"c2":0.53,"c3":0.549,"c4":0.79},{"time":0.7333,"light":"ff000000","dark":"ff0000"}],"attachment":[{"time":0.9,"name":null}]},"12":{"attachment":[{"name":null}]},"13":{"attachment":[{"name":null}]},"14":{"attachment":[{"name":null},{"time":0.2333,"name":"7"}]},"15":{"attachment":[{"name":null}]},"16":{"attachment":[{"name":null}]},"BG_Light":{"color":[{"color":"efff0000"},{"time":0.2333,"color":"efff00ff"}]},"BG_Light2":{"color":[{"color":"aeff0000"},{"time":0.2333,"color":"aeff00ff"}]},"EffectLine":{"attachment":[{"name":null},{"time":0.5667,"name":"EffectLine"}]},"EffectLine2":{"attachment":[{"name":null},{"time":0.5667,"name":"EffectLine"}]},"EffectLine3":{"attachment":[{"name":null},{"time":0.5667,"name":"EffectLine"}]},"EffectLine4":{"attachment":[{"name":null},{"time":0.5667,"name":"EffectLine"}]},"EffectLine_blur":{"color":[{"color":"ffffff00"},{"time":0.2333,"color":"ffffffff"}],"attachment":[{"time":0.5667,"name":null}]},"EffectLine_blur2":{"color":[{"color":"ffffff00"},{"time":0.2333,"color":"ffffffff"}],"attachment":[{"time":0.5667,"name":null}]},"EffectLine_blur3":{"color":[{"color":"ffffff00"},{"time":0.2333,"color":"ffffffff"}],"attachment":[{"time":0.5667,"name":null}]},"EffectLine_blur4":{"color":[{"color":"ffffff00"},{"time":0.2333,"color":"ffffffff"}],"attachment":[{"time":0.5667,"name":null}]},"Go_High":{"attachment":[{"time":0.3667,"name":"Go_High"},{"time":0.9,"name":null}]},"Go_Low":{"attachment":[{"name":null}]}},"bones":{"1Go":{"translate":[{"x":151.79}]},"3Go":{"scale":[{"time":0.3667,"curve":0.25,"c3":0.75},{"time":0.4667,"x":0.671,"y":0.671,"curve":0.25,"c3":0.75},{"time":0.6,"x":2,"y":2,"curve":0.25,"c3":0.75},{"time":0.6667,"x":0.461,"y":0.461,"curve":0.25,"c3":0.75},{"time":0.7667}]},"Blur":{"rotate":[{"angle":-41.94},{"time":0.1,"angle":65.24},{"time":0.1667,"angle":-132.85},{"time":0.2333}],"scale":[{"x":9.498,"y":9.498,"curve":0.381,"c2":0.87,"c3":0.652,"c4":0.92},{"time":0.2333}]},"Effect_Line4":{"translate":[{"x":443.98,"y":247.53,"curve":0.525,"c2":0.08,"c3":0.787,"c4":0.08},{"time":0.5667}]},"Effect_Line3":{"translate":[{"x":-436.12,"y":-243.6,"curve":0.525,"c2":0.08,"c3":0.787,"c4":0.08},{"time":0.5667}]},"Effect_Line2":{"translate":[{"x":455.76,"y":-259.31,"curve":0.525,"c2":0.08,"c3":0.787,"c4":0.08},{"time":0.5667}]},"Effect_Line":{"translate":[{"x":-428.26,"y":263.24,"curve":0.525,"c2":0.08,"c3":0.787,"c4":0.08},{"time":0.5667}]},"3Go_num2":{"translate":[{"x":15.48,"y":17.2},{"time":0.4667,"x":16.67,"y":18.52},{"time":0.5333,"x":-17.7,"y":-53.71},{"time":0.7667,"x":-79.64,"y":-298.17}],"scale":[{"x":0.743,"y":0.743},{"time":0.4667,"x":0.723,"y":0.723},{"time":0.7667,"x":5,"y":5}]},"Letter_blur":{"rotate":[{"angle":-41.94,"curve":"stepped"},{"time":0.2,"angle":-41.94},{"time":0.3,"angle":65.24},{"time":0.3667,"angle":-132.85},{"time":0.4}],"scale":[{"x":10,"y":10,"curve":"stepped"},{"time":0.2667,"x":10,"y":10,"curve":0.037,"c2":0.99,"c3":0.75},{"time":0.4}]}}},"8Go":{"slots":{"1":{"attachment":[{"name":null}]},"3":{"attachment":[{"name":null}]},"3Go_letter":{"color":[{"color":"ffffff00","curve":"stepped"},{"time":0.2,"color":"ffffff00"},{"time":0.3333,"color":"ffffffff"},{"time":0.4,"color":"ffffff00"}]},"3_blur":{"attachment":[{"name":null}]},"4_blur":{"attachment":[{"name":null}]},"5_blur":{"attachment":[{"name":null}]},"6_blur":{"attachment":[{"name":null}]},"7":{"attachment":[{"name":null}]},"7_blur":{"attachment":[{"name":null}]},"8":{"attachment":[{"name":null}]},"8_blur":{"attachment":[{"time":0.2333,"name":null}]},"9":{"attachment":[{"name":null}]},"9_blur":{"attachment":[{"name":null}]},"10":{"attachment":[{"name":null}]},"11":{"attachment":[{"name":null},{"time":0.9,"name":"7"}]},"12":{"twoColor":[{"light":"ffffff00","dark":"ff0000","curve":"stepped"},{"time":0.4333,"light":"ffffff00","dark":"ff0000","curve":0.25,"c3":0.75},{"time":0.5,"light":"ff0000ff","dark":"ff0000","curve":0.148,"c2":0.53,"c3":0.549,"c4":0.79},{"time":0.7333,"light":"ff000000","dark":"ff0000"}],"attachment":[{"time":0.9,"name":null}]},"13":{"attachment":[{"name":null}]},"14":{"attachment":[{"name":null}]},"15":{"attachment":[{"name":null},{"time":0.2333,"name":"8"}]},"16":{"attachment":[{"name":null}]},"BG_Light":{"color":[{"color":"efff0000"},{"time":0.2333,"color":"efff00ff"}]},"BG_Light2":{"color":[{"color":"aeff0000"},{"time":0.2333,"color":"aeff00ff"}]},"EffectLine":{"attachment":[{"name":null},{"time":0.5667,"name":"EffectLine"}]},"EffectLine2":{"attachment":[{"name":null},{"time":0.5667,"name":"EffectLine"}]},"EffectLine3":{"attachment":[{"name":null},{"time":0.5667,"name":"EffectLine"}]},"EffectLine4":{"attachment":[{"name":null},{"time":0.5667,"name":"EffectLine"}]},"EffectLine_blur":{"color":[{"color":"ffffff00"},{"time":0.2333,"color":"ffffffff"}],"attachment":[{"time":0.5667,"name":null}]},"EffectLine_blur2":{"color":[{"color":"ffffff00"},{"time":0.2333,"color":"ffffffff"}],"attachment":[{"time":0.5667,"name":null}]},"EffectLine_blur3":{"color":[{"color":"ffffff00"},{"time":0.2333,"color":"ffffffff"}],"attachment":[{"time":0.5667,"name":null}]},"EffectLine_blur4":{"color":[{"color":"ffffff00"},{"time":0.2333,"color":"ffffffff"}],"attachment":[{"time":0.5667,"name":null}]},"Go_High":{"attachment":[{"time":0.3667,"name":"Go_High"},{"time":0.9,"name":null}]},"Go_Low":{"attachment":[{"name":null}]}},"bones":{"1Go":{"translate":[{"x":151.79}]},"3Go":{"scale":[{"time":0.3667,"curve":0.25,"c3":0.75},{"time":0.4667,"x":0.671,"y":0.671,"curve":0.25,"c3":0.75},{"time":0.6,"x":2,"y":2,"curve":0.25,"c3":0.75},{"time":0.6667,"x":0.461,"y":0.461,"curve":0.25,"c3":0.75},{"time":0.7667}]},"Blur":{"rotate":[{"angle":-41.94},{"time":0.1,"angle":65.24},{"time":0.1667,"angle":-132.85},{"time":0.2333}],"scale":[{"x":9.498,"y":9.498,"curve":0.381,"c2":0.87,"c3":0.652,"c4":0.92},{"time":0.2333}]},"Effect_Line4":{"translate":[{"x":443.98,"y":247.53,"curve":0.525,"c2":0.08,"c3":0.787,"c4":0.08},{"time":0.5667}]},"Effect_Line3":{"translate":[{"x":-436.12,"y":-243.6,"curve":0.525,"c2":0.08,"c3":0.787,"c4":0.08},{"time":0.5667}]},"Effect_Line2":{"translate":[{"x":455.76,"y":-259.31,"curve":0.525,"c2":0.08,"c3":0.787,"c4":0.08},{"time":0.5667}]},"Effect_Line":{"translate":[{"x":-428.26,"y":263.24,"curve":0.525,"c2":0.08,"c3":0.787,"c4":0.08},{"time":0.5667}]},"3Go_num2":{"translate":[{"x":15.48,"y":17.2},{"time":0.4667,"x":16.67,"y":18.52},{"time":0.5333,"x":-17.7,"y":-53.71},{"time":0.7667,"x":-79.64,"y":-298.17}],"scale":[{"x":0.743,"y":0.743},{"time":0.4667,"x":0.723,"y":0.723},{"time":0.7667,"x":5,"y":5}]},"Letter_blur":{"rotate":[{"angle":-41.94,"curve":"stepped"},{"time":0.2,"angle":-41.94},{"time":0.3,"angle":65.24},{"time":0.3667,"angle":-132.85},{"time":0.4}],"scale":[{"x":10,"y":10,"curve":"stepped"},{"time":0.2667,"x":10,"y":10,"curve":0.037,"c2":0.99,"c3":0.75},{"time":0.4}]}}},"9Go":{"slots":{"1":{"attachment":[{"name":null}]},"3":{"attachment":[{"name":null}]},"3Go_letter":{"color":[{"color":"ffffff00","curve":"stepped"},{"time":0.2,"color":"ffffff00"},{"time":0.3333,"color":"ffffffff"},{"time":0.4,"color":"ffffff00"}]},"3_blur":{"attachment":[{"name":null}]},"4_blur":{"attachment":[{"name":null}]},"5_blur":{"attachment":[{"name":null}]},"6_blur":{"attachment":[{"name":null}]},"7":{"attachment":[{"name":null}]},"7_blur":{"attachment":[{"name":null}]},"8":{"attachment":[{"name":null}]},"8_blur":{"attachment":[{"name":null}]},"9":{"attachment":[{"name":null}]},"9_blur":{"attachment":[{"time":0.2333,"name":null}]},"10":{"attachment":[{"name":null}]},"11":{"attachment":[{"name":null}]},"12":{"attachment":[{"name":null}]},"13":{"twoColor":[{"light":"ffffff00","dark":"ff0000","curve":"stepped"},{"time":0.4333,"light":"ffffff00","dark":"ff0000","curve":0.25,"c3":0.75},{"time":0.5,"light":"ff0000ff","dark":"ff0000","curve":0.148,"c2":0.53,"c3":0.549,"c4":0.79},{"time":0.7333,"light":"ff000000","dark":"ff0000"}],"attachment":[{"name":null},{"time":0.2333,"name":"9"}]},"14":{"attachment":[{"name":null}]},"15":{"attachment":[{"name":null}]},"16":{"attachment":[{"name":null},{"time":0.2333,"name":"9"}]},"BG_Light":{"color":[{"color":"efff0000"},{"time":0.2333,"color":"efff00ff"}]},"BG_Light2":{"color":[{"color":"aeff0000"},{"time":0.2333,"color":"aeff00ff"}]},"EffectLine":{"attachment":[{"name":null},{"time":0.5667,"name":"EffectLine"}]},"EffectLine2":{"attachment":[{"name":null},{"time":0.5667,"name":"EffectLine"}]},"EffectLine3":{"attachment":[{"name":null},{"time":0.5667,"name":"EffectLine"}]},"EffectLine4":{"attachment":[{"name":null},{"time":0.5667,"name":"EffectLine"}]},"EffectLine_blur":{"color":[{"color":"ffffff00"},{"time":0.2333,"color":"ffffffff"}],"attachment":[{"time":0.5667,"name":null}]},"EffectLine_blur2":{"color":[{"color":"ffffff00"},{"time":0.2333,"color":"ffffffff"}],"attachment":[{"time":0.5667,"name":null}]},"EffectLine_blur3":{"color":[{"color":"ffffff00"},{"time":0.2333,"color":"ffffffff"}],"attachment":[{"time":0.5667,"name":null}]},"EffectLine_blur4":{"color":[{"color":"ffffff00"},{"time":0.2333,"color":"ffffffff"}],"attachment":[{"time":0.5667,"name":null}]},"Go_High":{"attachment":[{"time":0.3667,"name":"Go_High"},{"time":0.9,"name":null}]},"Go_Low":{"attachment":[{"name":null}]}},"bones":{"1Go":{"translate":[{"x":151.79}]},"3Go":{"scale":[{"time":0.3667,"curve":0.25,"c3":0.75},{"time":0.4667,"x":0.671,"y":0.671,"curve":0.25,"c3":0.75},{"time":0.6,"x":2,"y":2,"curve":0.25,"c3":0.75},{"time":0.6667,"x":0.461,"y":0.461,"curve":0.25,"c3":0.75},{"time":0.7667}]},"Blur":{"rotate":[{"angle":-41.94},{"time":0.1,"angle":65.24},{"time":0.1667,"angle":-132.85},{"time":0.2333}],"scale":[{"x":9.498,"y":9.498,"curve":0.381,"c2":0.87,"c3":0.652,"c4":0.92},{"time":0.2333}]},"Effect_Line4":{"translate":[{"x":443.98,"y":247.53,"curve":0.525,"c2":0.08,"c3":0.787,"c4":0.08},{"time":0.5667}]},"Effect_Line3":{"translate":[{"x":-436.12,"y":-243.6,"curve":0.525,"c2":0.08,"c3":0.787,"c4":0.08},{"time":0.5667}]},"Effect_Line2":{"translate":[{"x":455.76,"y":-259.31,"curve":0.525,"c2":0.08,"c3":0.787,"c4":0.08},{"time":0.5667}]},"Effect_Line":{"translate":[{"x":-428.26,"y":263.24,"curve":0.525,"c2":0.08,"c3":0.787,"c4":0.08},{"time":0.5667}]},"3Go_num2":{"translate":[{"x":15.48,"y":17.2},{"time":0.4667,"x":16.67,"y":18.52},{"time":0.5333,"x":-17.7,"y":-53.71},{"time":0.7667,"x":-79.64,"y":-298.17}],"scale":[{"x":0.743,"y":0.743},{"time":0.4667,"x":0.723,"y":0.723},{"time":0.7667,"x":5,"y":5}]},"Letter_blur":{"rotate":[{"angle":-41.94,"curve":"stepped"},{"time":0.2,"angle":-41.94},{"time":0.3,"angle":65.24},{"time":0.3667,"angle":-132.85},{"time":0.4}],"scale":[{"x":10,"y":10,"curve":"stepped"},{"time":0.2667,"x":10,"y":10,"curve":0.037,"c2":0.99,"c3":0.75},{"time":0.4}]}}}}}