{"skeleton":{"hash":"5yJvdnZ7Ko6BKMgJWDhsNrBMU2Y","spine":"3.8.99","x":-168.32,"y":-131.12,"width":334,"height":334,"images":"./img/","audio":""},"bones":[{"name":"root"},{"name":"Tiny","parent":"root","x":0.31,"y":154.65,"color":"00ffb0ff"},{"name":"Body","parent":"Tiny","length":77.86,"rotation":90.25,"x":0.34,"y":-138.57,"color":"00ffb0ff"},{"name":"Body3","parent":"Body","length":4.33,"rotation":-172.12,"x":45.15,"y":-23.58,"color":"00ffb0ff"},{"name":"Body4","parent":"Body","length":5.68,"rotation":4.38,"x":65.52,"y":15.65,"color":"00ffb0ff"},{"name":"Body5","parent":"Body","length":5.2,"rotation":-178.57,"x":42.57,"y":14.68,"color":"00ffb0ff"},{"name":"WingL","parent":"Body","length":12.24,"rotation":90.46,"x":34.1,"y":38.43,"color":"00ffb0ff"},{"name":"WingL2","parent":"WingL","length":15.75,"rotation":-29.77,"x":11.17,"y":-0.29,"color":"00ffb0ff"},{"name":"WingR","parent":"Body","length":11.05,"rotation":-68.3,"x":33.26,"y":-34.65,"color":"00ffb0ff"},{"name":"WingR2","parent":"WingR","length":13.13,"rotation":27.31,"x":10.4,"y":0.43,"color":"00ffb0ff"},{"name":"Body2","parent":"Body","x":32.88,"y":-2.31,"color":"00ffb0ff"},{"name":"Face","parent":"Body2","x":34.41,"y":-1.91,"color":"00ffb0ff"},{"name":"Mouth","parent":"Face","rotation":-90.25,"x":-8.6,"y":-1.52},{"name":"Mouth_Wide","parent":"Mouth","length":12.11,"rotation":63.76,"y":-12.7},{"name":"Mouth_Wide2","parent":"Mouth","length":11.81,"rotation":-42.55,"x":-0.31,"y":-12.85},{"name":"Leg L","parent":"Body","length":11.5,"rotation":-153.35,"x":2.29,"y":5.22,"color":"ebff93ff"},{"name":"Leg2","parent":"Leg L","length":3.7,"rotation":-119.63,"x":10.87,"y":-0.06,"color":"ebff93ff"},{"name":"Leg3","parent":"Leg2","length":4.25,"rotation":68.28,"x":3.53,"y":-0.18,"color":"ebff93ff"},{"name":"Leg4","parent":"Leg3","length":4.09,"rotation":43.27,"x":4.22,"y":0.08,"color":"ebff93ff"},{"name":"Leg5","parent":"Leg4","length":4.31,"rotation":70.01,"x":3.7,"y":0.23,"color":"ebff93ff"},{"name":"Leg6","parent":"Leg L","length":3.42,"rotation":97.6,"x":11.19,"y":-0.22,"color":"ebff93ff"},{"name":"Leg7","parent":"Leg6","length":2.73,"rotation":-49.44,"x":3.37,"y":-0.07,"color":"ebff93ff"},{"name":"Leg8","parent":"Leg7","length":2.48,"rotation":-47.59,"x":2.67,"y":-0.11,"color":"ebff93ff"},{"name":"Leg9","parent":"Leg8","length":2.05,"rotation":-52.94,"x":2.48,"y":-0.2,"color":"ebff93ff"},{"name":"Leg10","parent":"Leg9","length":2.99,"rotation":-2.61,"x":1.89,"y":-0.08,"color":"ebff93ff"},{"name":"Leg11","parent":"Leg L","length":4.26,"rotation":101.38,"x":10.6,"y":0.18,"color":"ebff93ff"},{"name":"Leg12","parent":"Leg11","length":3.26,"rotation":-19.37,"x":4.28,"y":-0.12,"color":"ebff93ff"},{"name":"Leg13","parent":"Leg12","length":3.08,"rotation":-55.79,"x":3.42,"y":-0.06,"color":"ebff93ff"},{"name":"Leg14","parent":"Leg13","length":4.22,"rotation":-51.94,"x":3.06,"y":-0.12,"color":"ebff93ff"},{"name":"Eye","parent":"Face","x":-0.27,"y":64.59,"color":"00ffb0ff"},{"name":"Body6","parent":"Body","length":5.68,"rotation":4.38,"x":65.36,"y":-22.31,"scaleY":0.6956,"color":"00ffb0ff"},{"name":"Leg R","parent":"Body","length":11.5,"rotation":-153.35,"x":5.44,"y":-15.21,"color":"ebff93ff"},{"name":"Leg15","parent":"Leg R","length":3.7,"rotation":-119.63,"x":10.87,"y":-0.06,"color":"ebff93ff"},{"name":"Leg16","parent":"Leg15","length":4.25,"rotation":68.28,"x":3.53,"y":-0.18,"color":"ebff93ff"},{"name":"Leg17","parent":"Leg16","length":4.09,"rotation":43.27,"x":4.22,"y":0.08,"color":"ebff93ff"},{"name":"Leg18","parent":"Leg17","length":4.31,"rotation":70.01,"x":3.7,"y":0.23,"color":"ebff93ff"},{"name":"Leg19","parent":"Leg R","length":3.42,"rotation":97.6,"x":11.19,"y":-0.22,"color":"ebff93ff"},{"name":"Leg20","parent":"Leg19","length":2.73,"rotation":-49.44,"x":3.37,"y":-0.07,"color":"ebff93ff"},{"name":"Leg21","parent":"Leg20","length":2.48,"rotation":-47.59,"x":2.67,"y":-0.11,"color":"ebff93ff"},{"name":"Leg22","parent":"Leg21","length":2.05,"rotation":-52.94,"x":2.48,"y":-0.2,"color":"ebff93ff"},{"name":"Leg23","parent":"Leg22","length":2.99,"rotation":-2.61,"x":1.89,"y":-0.08,"color":"ebff93ff"},{"name":"Leg24","parent":"Leg R","length":4.26,"rotation":101.38,"x":10.6,"y":0.18,"color":"ebff93ff"},{"name":"Leg25","parent":"Leg24","length":3.26,"rotation":-19.37,"x":4.28,"y":-0.12,"color":"ebff93ff"},{"name":"Leg26","parent":"Leg25","length":3.08,"rotation":-55.79,"x":3.42,"y":-0.06,"color":"ebff93ff"},{"name":"Leg27","parent":"Leg26","length":4.22,"rotation":-51.94,"x":3.06,"y":-0.12,"color":"ebff93ff"},{"name":"ControlInv","parent":"Body","x":46.01,"y":76.52,"color":"00ffb0ff"},{"name":"Control","parent":"Body","x":52.89,"y":-67.39,"color":"00ffb0ff"},{"name":"Effect","parent":"root","x":0.96,"y":156.74},{"name":"Light","parent":"Effect","x":-3.62,"y":-107.69},{"name":"BG","parent":"Effect","x":-3.62,"y":-107.69},{"name":"Cloud1","parent":"Effect","length":89.91,"rotation":-179.21,"x":-62.52,"y":-120.71},{"name":"Cloud2","parent":"Effect","length":81.22,"rotation":179.56,"x":131.54,"y":-151.71},{"name":"Letter","parent":"Effect","x":-0.52,"y":-162.87},{"name":"Go","parent":"Letter","x":-73.16,"y":-47.74},{"name":"Do","parent":"Letter","x":0.62,"y":-50.22},{"name":"Ri","parent":"Letter","x":64.48,"y":-47.74},{"name":"Cloud3","parent":"Effect","length":89.91,"rotation":-179.21,"x":101.16,"y":-42.59},{"name":"Go2","parent":"Letter","x":-73.16,"y":-47.74},{"name":"Do2","parent":"Letter","x":0.62,"y":-50.22},{"name":"Ri2","parent":"Letter","x":64.48,"y":-47.74}],"slots":[{"name":"BG","bone":"BG","attachment":"BG"},{"name":"Cloud1","bone":"Cloud1","attachment":"Cloud1"},{"name":"Cloud3","bone":"Cloud3","attachment":"Cloud1"},{"name":"Cloud2","bone":"Cloud2","attachment":"Cloud2"},{"name":"BackLight","bone":"Light","attachment":"BackLight"},{"name":"Letter_Li","bone":"Ri","attachment":"Letter_Li"},{"name":"Letter_Li3","bone":"Ri","dark":"000000","attachment":"Letter_Li","blend":"additive"},{"name":"Letter_Li2","bone":"Ri2","attachment":"Letter_Li"},{"name":"Letter_Do","bone":"Do","attachment":"Letter_Do"},{"name":"Letter_Do3","bone":"Do","dark":"000000","attachment":"Letter_Do","blend":"additive"},{"name":"Letter_Do2","bone":"Do2","attachment":"Letter_Do"},{"name":"Letter_Go","bone":"Go","attachment":"Letter_Go"},{"name":"Letter_Go3","bone":"Go","dark":"000000","attachment":"Letter_Go","blend":"additive"},{"name":"Letter_Go2","bone":"Go2","attachment":"Letter_Go"},{"name":"Tiny_Wing_R","bone":"WingR","attachment":"Tiny_Wing_R"},{"name":"Tiny_Eyeball","bone":"Body","attachment":"Tiny_Eyeball"},{"name":"Tiny_Eyeball2","bone":"Body","attachment":"Tiny_Eyeball"},{"name":"Tiny_EyeLaugh","bone":"Eye","attachment":"Tiny_EyeLaugh"},{"name":"Tiny_EyeLaugh2","bone":"Eye","attachment":"Tiny_EyeLaugh"},{"name":"Tiny_Leg5","bone":"Leg R","attachment":"Tiny_Leg1"},{"name":"Tiny_Leg6","bone":"Leg15","attachment":"Tiny_Leg2"},{"name":"Tiny_Leg7","bone":"Leg19","attachment":"Tiny_Leg3"},{"name":"Tiny_Leg8","bone":"Leg24","attachment":"Tiny_Leg4"},{"name":"Tiny_body","bone":"Body2","attachment":"Tiny_body"},{"name":"Tiny_MouthOpen","bone":"Mouth","attachment":"Tiny_MouthOpen"},{"name":"Tiny_Wing_L","bone":"WingL","attachment":"Tiny_Wing_L"},{"name":"Tiny_Leg1","bone":"Leg L","attachment":"Tiny_Leg1"},{"name":"Tiny_Leg2","bone":"Leg2","attachment":"Tiny_Leg2"},{"name":"Tiny_Leg3","bone":"Leg6","attachment":"Tiny_Leg3"},{"name":"Tiny_Leg4","bone":"Leg11","attachment":"Tiny_Leg4"}],"transform":[{"name":"Control","bones":["ControlInv"],"target":"Control","x":-6.88,"y":143.91,"rotateMix":0,"translateMix":-1,"scaleMix":0,"shearMix":0}],"skins":[{"name":"default","attachments":{"BG":{"BG":{"x":1.34,"y":-13.17,"scaleX":2,"scaleY":2,"width":167,"height":167}},"BackLight":{"BackLight":{"x":8.84,"y":-6.67,"width":312,"height":320}},"Cloud1":{"Cloud1":{"x":43.67,"y":-6.95,"rotation":179.21,"width":105,"height":48}},"Cloud2":{"Cloud2":{"x":41.36,"y":-5.04,"rotation":-179.56,"width":98,"height":38}},"Cloud3":{"Cloud1":{"x":43.67,"y":-6.95,"rotation":179.21,"width":105,"height":48}},"Letter_Do":{"Letter_Do":{"x":3.12,"y":3.23,"width":78,"height":79}},"Letter_Do2":{"Letter_Do":{"x":3.12,"y":3.23,"width":78,"height":79}},"Letter_Do3":{"Letter_Do":{"x":3.12,"y":3.23,"width":78,"height":79}},"Letter_Go":{"Letter_Go":{"x":3.4,"y":2.25,"width":81,"height":80}},"Letter_Go2":{"Letter_Go":{"x":3.4,"y":2.25,"width":81,"height":80}},"Letter_Go3":{"Letter_Go":{"x":3.4,"y":2.25,"width":81,"height":80}},"Letter_Li":{"Letter_Li":{"x":7.76,"y":-2.25,"width":71,"height":93}},"Letter_Li2":{"Letter_Li":{"x":7.76,"y":-2.25,"width":71,"height":93}},"Letter_Li3":{"Letter_Li":{"x":7.76,"y":-2.25,"width":71,"height":93}},"Tiny_EyeLaugh":{"Tiny_EyeLaugh":{"type":"mesh","uvs":[1,1,0,1,0,0,1,0],"triangles":[1,3,0,1,2,3],"vertices":[2,2,46.72,7.85,0.88,46,-6.17,75.24,0.12,2,2,46.8,26.85,0.88,46,-6.09,94.24,0.12,2,2,63.8,26.78,0.88,46,10.91,94.17,0.12,2,2,63.72,7.78,0.88,46,10.83,75.17,0.12],"hull":4,"edges":[0,2,2,4,4,6,0,6],"width":18,"height":16}},"Tiny_EyeLaugh2":{"Tiny_EyeLaugh":{"type":"mesh","uvs":[1,1,0,1,0,0,1,0],"triangles":[1,2,3,1,3,0],"vertices":[2,2,47.38,-28.3,0.856,46,-5.52,39.09,0.144,2,2,47.43,-16.44,0.856,46,-5.46,50.96,0.144,2,2,61.86,-16.5,0.856,46,8.96,50.89,0.144,2,2,61.81,-28.36,0.856,46,8.91,39.03,0.144],"hull":4,"edges":[0,2,2,4,4,6,0,6],"width":18,"height":16}},"Tiny_Eyeball":{"Tiny_Eyeball":{"type":"mesh","uvs":[0.8728,0.18535,1,0.43068,1,0.66535,0.86242,0.85201,0.62891,1,0.36426,1,0.14689,0.87377,0.02076,0.67601,0.01038,0.41468,0.13594,0.15335,0.36945,0,0.68599,0],"triangles":[3,0,1,6,7,8,0,10,11,2,3,1,9,0,8,0,6,8,10,0,9,0,5,6,0,4,5,3,4,0],"vertices":[2,2,65.02,2.48,0.824,46,12.13,69.87,0.176,2,2,56.17,-2.19,0.824,46,3.28,65.2,0.176,2,2,47.72,-2.15,0.824,46,-5.17,65.24,0.176,2,2,41.03,2.97,0.824,46,-11.87,70.36,0.176,2,2,35.74,11.63,0.824,46,-17.16,79.02,0.176,2,2,35.78,21.42,0.824,46,-17.11,88.81,0.176,2,2,40.36,29.44,0.824,46,-12.53,96.84,0.176,2,2,47.5,34.08,0.824,46,-5.39,101.47,0.176,2,2,56.91,34.42,0.824,46,4.01,101.81,0.176,2,2,66.3,29.74,0.824,46,13.4,97.13,0.176,2,2,71.78,21.07,0.824,46,18.88,88.46,0.176,2,2,71.73,9.36,0.824,46,18.83,76.75,0.176],"hull":12,"edges":[14,16,16,18,18,20,20,22,22,0,0,2,2,4,4,6,8,10,6,8,10,12,12,14],"width":35,"height":35}},"Tiny_Eyeball2":{"Tiny_Eyeball":{"type":"mesh","uvs":[0.8937,0.132,1,0.41467,1,0.63867,0.87275,0.884,0.6144,1,0.34907,1,0.11865,0.84667,0,0.548,0,0.37734,0.15356,0.116,0.377,0,0.60044,0],"triangles":[3,4,1,4,11,1,11,6,10,11,5,6,9,10,7,2,3,1,5,11,4,10,6,7,1,11,0,7,8,9],"vertices":[2,2,66.79,-32.28,0.896,46,13.9,35.11,0.104,2,2,56.6,-35.16,0.896,46,3.71,32.23,0.104,2,2,48.54,-35.13,0.896,46,-4.36,32.27,0.104,2,2,39.72,-31.59,0.896,46,-13.17,35.8,0.104,2,2,35.58,-24.47,0.896,46,-17.32,42.93,0.104,2,2,35.61,-17.17,0.896,46,-17.28,50.22,0.104,2,2,41.16,-10.86,0.896,46,-11.74,56.53,0.104,2,2,51.92,-7.64,0.896,46,-0.97,59.75,0.104,2,2,58.07,-7.67,0.896,46,5.17,59.72,0.104,2,2,67.46,-11.93,0.896,46,14.56,55.46,0.104,2,2,71.61,-18.1,0.896,46,18.71,49.3,0.104,2,2,71.58,-24.24,0.896,46,18.68,43.15,0.104],"hull":12,"edges":[10,12,12,14,14,16,16,18,18,20,20,22,22,0,0,2,2,4,4,6,8,10,6,8],"width":35,"height":35}},"Tiny_Leg1":{"Tiny_Leg1":{"type":"mesh","uvs":[0.67974,0.49902,1,0.76735,0.75324,1,0.32624,0.71601,0,0.27035,0,0,0.43824,0],"triangles":[4,5,6,4,6,0,3,4,0,3,0,1,2,3,1],"vertices":[1,15,6.76,2.14,1,1,15,11.8,3.17,1,1,15,13.8,-0.61,1,1,15,8.07,-2.49,1,1,15,0.63,-2.37,1,1,15,-2.99,-0.54,1,1,15,-1,3.37,1],"hull":7,"edges":[8,10,8,6,6,4,4,2,2,0,10,12,12,0],"width":10,"height":15}},"Tiny_Leg2":{"Tiny_Leg2":{"type":"mesh","uvs":[0.94431,0.18771,0.8934,0.37348,0.59431,0.34925,0.44158,0.4354,0.43204,0.54578,0.55613,0.59155,0.78204,0.61578,0.82022,0.82847,0.59113,1,0.26659,0.86347,0.09477,0.66424,0.09477,0.38963,0.23159,0.17963,0.55295,0,0.7184,0,0.5784,0.17425,0.34613,0.32232,0.25386,0.60501,0.50522,0.78809],"triangles":[9,18,8,8,18,7,6,18,5,18,6,7,18,4,5,10,17,9,9,17,18,17,4,18,10,11,17,4,17,3,17,11,16,3,17,16,3,16,2,11,12,16,0,1,15,16,15,2,1,2,15,16,12,15,15,14,0,12,13,15,15,13,14],"vertices":[2,16,-2.66,-0.83,0.99222,17,-2.89,5.51,0.00778,1,16,-2.21,1.61,1,3,16,1.09,1.45,0.94648,17,0.61,2.87,0.04256,18,-0.71,4.5,0.01096,4,16,2.72,2.65,0.20031,17,2.33,1.81,0.5041,18,-0.19,2.55,0.27477,19,0.86,4.46,0.02082,4,16,2.75,4.08,0.00654,17,3.68,2.31,0.07323,18,1.13,1.99,0.66232,19,0.78,3.02,0.25791,2,18,2.14,3.09,0.20342,19,2.16,2.45,0.79658,2,18,3.24,5.34,0.00123,19,4.65,2.19,0.99877,1,19,5.12,-0.57,1,2,18,7.29,1.74,0.10393,19,2.65,-2.85,0.89607,2,17,8.19,2.36,5.0E-4,18,4.45,-1.06,0.9995,2,17,6.61,-0.44,0.35517,18,1.39,-2.02,0.64483,2,16,6.55,2.23,0.02835,17,3.36,-1.91,0.97165,2,16,5.18,-0.57,0.95561,17,0.26,-1.67,0.04439,2,16,1.76,-3.07,0.51228,17,-3.33,0.58,0.48772,2,16,-0.06,-3.15,0.74449,17,-4.09,2.24,0.25551,2,16,1.37,-0.82,0.85033,17,-1.39,1.77,0.14967,4,16,3.83,1.23,0.02771,17,1.42,0.24,0.96461,18,-1.92,2.03,0.00763,19,-0.22,5.9,5.0E-5,2,17,5.19,0.84,0.0208,18,1.23,-0.11,0.9792,2,18,4.37,1.74,0.00611,19,1.65,-0.11,0.99389],"hull":15,"edges":[28,0,0,2,2,4,4,6,6,8,8,10,10,12,12,14,14,16,26,28,26,24,24,22,22,20,20,18,18,16],"width":11,"height":13}},"Tiny_Leg3":{"Tiny_Leg3":{"type":"mesh","uvs":[0.86533,0.14093,1,0.56093,0.86852,0.84411,0.64261,1,0.51852,1,0.39124,0.70411,0.56306,0.5832,0.56624,0.4432,0.44534,0.42729,0.24806,0.58956,0,0.37956,0,0.3032,0.25125,0.10275,0.56306,0,0.35943,0.25866,0.70942,0.27456,0.81442,0.55456,0.67761,0.78684],"triangles":[17,6,16,5,6,17,4,5,17,3,4,17,3,17,2,1,16,15,6,7,16,2,16,1,17,16,2,15,13,0,15,7,14,7,15,16,1,15,0,14,12,13,14,13,15,11,12,14,10,11,14,7,8,14,9,10,14,9,14,8],"vertices":[2,20,7.29,-1.44,0.07633,21,3.59,2.1,0.92367,3,21,6.21,-1.99,0.00337,22,3.77,1.35,0.84896,23,-0.45,1.97,0.14767,3,22,5.87,-1.37,0.02303,23,2.98,2,0.77381,24,1,2.12,0.20316,2,23,5.6,0.49,0.00482,24,3.68,0.74,0.99518,1,24,4.33,-0.47,1,1,24,2.11,-3.23,1,5,20,1.8,-3.56,1.0E-4,21,1.63,-3.46,0.03637,22,1.77,-3.03,0.08447,23,1.84,-2.27,0.06915,24,0.05,-2.19,0.80991,5,20,2.7,-2.31,0.07242,21,1.27,-1.96,0.36279,22,0.42,-2.29,0.27884,23,0.43,-2.9,0.10183,24,-1.33,-2.89,0.18411,5,20,1.7,-1.41,0.68542,21,-0.06,-2.14,0.23674,22,-0.34,-3.39,0.04775,23,0.85,-4.17,0.01085,24,-0.85,-4.14,0.01925,1,20,-1.1,-1.66,1,1,20,-2.04,1.79,1,1,20,-1.56,2.49,1,1,20,1.96,2.74,1,2,20,5.43,1.72,0.90061,21,-0.02,2.74,0.09939,1,20,1.97,0.65,1,2,20,5.05,-1.68,0.01355,21,2.31,0.23,0.98645,2,22,2.77,-0.43,0.0554,23,0.37,0.09,0.9446,1,24,1.43,-0.03,1],"hull":14,"edges":[22,24,24,26,26,0,0,2,2,4,4,6,6,8,8,10,10,12,12,14,14,16,16,18,20,22,18,20],"width":11,"height":11}},"Tiny_Leg4":{"Tiny_Leg4":{"type":"mesh","uvs":[0.8824,0.16366,1,0.50729,1,0.56456,0.9624,0.80638,0.8149,1,0.6324,0.78093,0.6699,0.59638,0.6524,0.4182,0.48741,0.41502,0.38741,0.56775,0.26741,0.79047,0,0.52002,0.29991,0.16366,0.61741,0,0.6349,0.23684,0.8349,0.4882,0.8074,0.75229,0.24491,0.45956],"triangles":[5,16,4,4,16,3,3,16,2,5,6,16,16,15,2,16,6,15,6,7,15,15,1,2,15,0,1,15,7,0,8,14,7,7,14,0,8,12,14,12,13,14,14,13,0,11,17,10,10,17,9,9,17,8,17,11,12,17,12,8],"vertices":[1,27,2.07,2.04,1,2,27,5.66,0,0.26035,28,1.5,2.12,0.73965,2,27,6.04,-0.5,0.1545,28,2.13,2.11,0.8455,2,27,7.21,-2.95,4.6E-4,28,4.78,1.53,0.99954,1,28,6.87,-0.58,1,2,26,0.76,-5.91,4.0E-4,28,4.4,-3.09,0.9996,3,26,1.92,-4.16,0.03502,27,2.55,-3.55,0.00954,28,2.39,-2.52,0.95544,3,26,2.32,-2.23,0.41211,27,1.18,-2.13,0.21433,28,0.42,-2.72,0.37356,4,25,3.93,-1.54,0.06796,26,0.15,-1.45,0.92167,27,-0.69,-3.49,0.00333,28,0.34,-5.03,0.00704,2,25,1.79,-1.99,0.88033,26,-1.72,-2.58,0.11967,1,25,-1.04,-2.87,1,1,25,-2.14,1.78,1,1,25,3.59,2.26,1,3,25,8.19,0.92,0.05991,26,3.35,2.28,0.87141,27,-1.97,1.25,0.06869,3,26,2.74,-0.26,0.9091,27,-0.21,-0.68,0.08297,28,-1.58,-2.93,0.00793,2,26,4.49,-3.79,0.00255,28,1.24,-0.18,0.99745,1,28,4.14,-0.63,1,1,25,0.96,0.18,1],"hull":14,"edges":[22,24,24,26,26,0,0,2,2,4,4,6,6,8,8,10,10,12,12,14,14,16,16,18,18,20,20,22],"width":14,"height":11}},"Tiny_Leg5":{"Tiny_Leg1":{"type":"mesh","uvs":[0.67974,0.49902,1,0.76735,0.75324,1,0.32624,0.71601,0,0.27035,0,0,0.43824,0],"triangles":[4,5,6,4,6,0,3,4,0,3,0,1,2,3,1],"vertices":[1,31,6.76,2.14,1,1,31,11.8,3.17,1,1,31,13.8,-0.61,1,1,31,8.07,-2.49,1,1,31,0.63,-2.37,1,1,31,-2.99,-0.54,1,1,31,-1,3.37,1],"hull":7,"edges":[8,10,8,6,6,4,4,2,2,0,10,12,12,0],"width":10,"height":15}},"Tiny_Leg6":{"Tiny_Leg2":{"type":"mesh","uvs":[0.94431,0.18771,0.8934,0.37348,0.59431,0.34925,0.44158,0.4354,0.43204,0.54578,0.55613,0.59155,0.78204,0.61578,0.82022,0.82847,0.59113,1,0.26659,0.86347,0.09477,0.66424,0.09477,0.38963,0.23159,0.17963,0.55295,0,0.7184,0,0.5784,0.17425,0.34613,0.32232,0.25386,0.60501,0.50522,0.78809],"triangles":[9,18,8,8,18,7,6,18,5,18,6,7,18,4,5,10,17,9,9,17,18,17,4,18,10,11,17,4,17,3,17,11,16,3,17,16,3,16,2,11,12,16,0,1,15,16,15,2,1,2,15,16,12,15,15,14,0,12,13,15,15,13,14],"vertices":[2,32,-2.66,-0.83,0.99222,33,-2.89,5.51,0.00778,1,32,-2.21,1.61,1,3,32,1.09,1.45,0.94648,33,0.61,2.87,0.04256,34,-0.71,4.5,0.01096,4,32,2.72,2.65,0.20031,33,2.33,1.81,0.5041,34,-0.19,2.55,0.27477,35,0.86,4.46,0.02082,4,32,2.75,4.08,0.00654,33,3.68,2.31,0.07323,34,1.13,1.99,0.66232,35,0.78,3.02,0.25791,2,34,2.14,3.09,0.20342,35,2.16,2.45,0.79658,2,34,3.24,5.34,0.00123,35,4.65,2.19,0.99877,1,35,5.12,-0.57,1,2,34,7.29,1.74,0.10393,35,2.65,-2.85,0.89607,2,33,8.19,2.36,5.0E-4,34,4.45,-1.06,0.9995,2,33,6.61,-0.44,0.35517,34,1.39,-2.02,0.64483,2,32,6.55,2.23,0.02835,33,3.36,-1.91,0.97165,2,32,5.18,-0.57,0.95561,33,0.26,-1.67,0.04439,2,32,1.76,-3.07,0.51228,33,-3.33,0.58,0.48772,2,32,-0.06,-3.15,0.74449,33,-4.09,2.24,0.25551,2,32,1.37,-0.82,0.85033,33,-1.39,1.77,0.14967,4,32,3.83,1.23,0.02771,33,1.42,0.24,0.96461,34,-1.92,2.03,0.00763,35,-0.22,5.9,5.0E-5,2,33,5.19,0.84,0.0208,34,1.23,-0.11,0.9792,2,34,4.37,1.74,0.00611,35,1.65,-0.11,0.99389],"hull":15,"edges":[28,0,0,2,2,4,4,6,6,8,8,10,10,12,12,14,14,16,26,28,26,24,24,22,22,20,20,18,18,16],"width":11,"height":13}},"Tiny_Leg7":{"Tiny_Leg3":{"type":"mesh","uvs":[0.86533,0.14093,1,0.56093,0.86852,0.84411,0.64261,1,0.51852,1,0.39124,0.70411,0.56306,0.5832,0.56624,0.4432,0.44534,0.42729,0.24806,0.58956,0,0.37956,0,0.3032,0.25125,0.10275,0.56306,0,0.35943,0.25866,0.70942,0.27456,0.81442,0.55456,0.67761,0.78684],"triangles":[17,6,16,5,6,17,4,5,17,3,4,17,3,17,2,1,16,15,6,7,16,2,16,1,17,16,2,15,13,0,15,7,14,7,15,16,1,15,0,14,12,13,14,13,15,11,12,14,10,11,14,7,8,14,9,10,14,9,14,8],"vertices":[2,36,7.29,-1.44,0.07633,37,3.59,2.1,0.92367,3,37,6.21,-1.99,0.00337,38,3.77,1.35,0.84896,39,-0.45,1.97,0.14767,3,38,5.87,-1.37,0.02303,39,2.98,2,0.77381,40,1,2.12,0.20316,2,39,5.6,0.49,0.00482,40,3.68,0.74,0.99518,1,40,4.33,-0.47,1,1,40,2.11,-3.23,1,5,36,1.8,-3.56,1.0E-4,37,1.63,-3.46,0.03637,38,1.77,-3.03,0.08447,39,1.84,-2.27,0.06915,40,0.05,-2.19,0.80991,5,36,2.7,-2.31,0.07242,37,1.27,-1.96,0.36279,38,0.42,-2.29,0.27884,39,0.43,-2.9,0.10183,40,-1.33,-2.89,0.18411,5,36,1.7,-1.41,0.68542,37,-0.06,-2.14,0.23674,38,-0.34,-3.39,0.04775,39,0.85,-4.17,0.01085,40,-0.85,-4.14,0.01925,1,36,-1.1,-1.66,1,1,36,-2.04,1.79,1,1,36,-1.56,2.49,1,1,36,1.96,2.74,1,2,36,5.43,1.72,0.90061,37,-0.02,2.74,0.09939,1,36,1.97,0.65,1,2,36,5.05,-1.68,0.01355,37,2.31,0.23,0.98645,2,38,2.77,-0.43,0.0554,39,0.37,0.09,0.9446,1,40,1.43,-0.03,1],"hull":14,"edges":[22,24,24,26,26,0,0,2,2,4,4,6,6,8,8,10,10,12,12,14,14,16,16,18,20,22,18,20],"width":11,"height":11}},"Tiny_Leg8":{"Tiny_Leg4":{"type":"mesh","uvs":[0.8824,0.16366,1,0.50729,1,0.56456,0.9624,0.80638,0.8149,1,0.6324,0.78093,0.6699,0.59638,0.6524,0.4182,0.48741,0.41502,0.38741,0.56775,0.26741,0.79047,0,0.52002,0.29991,0.16366,0.61741,0,0.6349,0.23684,0.8349,0.4882,0.8074,0.75229,0.24491,0.45956],"triangles":[5,16,4,4,16,3,3,16,2,5,6,16,16,15,2,16,6,15,6,7,15,15,1,2,15,0,1,15,7,0,8,14,7,7,14,0,8,12,14,12,13,14,14,13,0,11,17,10,10,17,9,9,17,8,17,11,12,17,12,8],"vertices":[1,43,2.07,2.04,1,2,43,5.66,0,0.26035,44,1.5,2.12,0.73965,2,43,6.04,-0.5,0.1545,44,2.13,2.11,0.8455,2,43,7.21,-2.95,4.6E-4,44,4.78,1.53,0.99954,1,44,6.87,-0.58,1,2,42,0.76,-5.91,4.0E-4,44,4.4,-3.09,0.9996,3,42,1.92,-4.16,0.03502,43,2.55,-3.55,0.00954,44,2.39,-2.52,0.95544,3,42,2.32,-2.23,0.41211,43,1.18,-2.13,0.21433,44,0.42,-2.72,0.37356,4,41,3.93,-1.54,0.06796,42,0.15,-1.45,0.92167,43,-0.69,-3.49,0.00333,44,0.34,-5.03,0.00704,2,41,1.79,-1.99,0.88033,42,-1.72,-2.58,0.11967,1,41,-1.04,-2.87,1,1,41,-2.14,1.78,1,1,41,3.59,2.26,1,3,41,8.19,0.92,0.05991,42,3.35,2.28,0.87141,43,-1.97,1.25,0.06869,3,42,2.74,-0.26,0.9091,43,-0.21,-0.68,0.08297,44,-1.58,-2.93,0.00793,2,42,4.49,-3.79,0.00255,44,1.24,-0.18,0.99745,1,44,4.14,-0.63,1,1,41,0.96,0.18,1],"hull":14,"edges":[22,24,24,26,26,0,0,2,2,4,4,6,6,8,8,10,10,12,12,14,14,16,16,18,18,20,20,22],"width":14,"height":11}},"Tiny_MouthOpen":{"Tiny_MouthOpen":{"type":"mesh","uvs":[0.79678,0.3671,0.79223,0.56836,0.8921,0.73842,1,0.92215,1,1,0.88235,1,0.41124,0.82931,0,0.68032,0,0.54149,0.28824,0.31504,0.68923,0,0.8051,0,0.69348,0.11615,0.29654,0.59971,0.86766,0.90871,0.50254,0.54149,0.67635,0.61315,0.49247,0.37494,0.57652,0.75598,0.41548,0.54366,0.16259,0.58177,0.36759,0.3783,0.62759,0.14352,0.24509,0.60612,0.43744,0.3735,0.69509,0.85829,0.40759,0.73829,0.18759,0.6183,0.68759,0.36439,0.77009,0.74351,0.39634,0.48522,0.58813,0.25178,0.53328,0.25758,0.33864,0.49298],"triangles":[20,8,9,33,23,20,27,20,23,7,8,20,7,20,27,27,23,26,7,27,6,13,18,23,13,23,33,26,23,25,27,26,6,29,16,1,25,23,18,2,29,1,18,16,29,25,6,26,14,25,18,14,29,2,14,18,29,14,2,3,5,14,3,25,14,5,6,25,5,5,3,4,28,12,0,1,28,0,16,15,28,1,16,28,18,15,16,19,18,13,21,33,20,13,33,30,12,10,11,22,10,12,9,10,22,31,22,12,31,32,22,9,22,21,28,31,12,0,12,11,22,32,21,17,24,32,17,32,31,24,21,32,24,33,21,30,24,17,21,20,9,28,15,17,28,17,31,30,17,15,19,30,15,15,18,19,30,33,24,19,13,30],"vertices":[2,13,7.43,-3.26,0.832,14,-2.97,7.9,0.168,2,13,2.75,-5.72,0.504,14,2.05,6.15,0.496,2,13,-2.85,-8.88,0.112,14,7.66,3.99,0.888,2,13,-8.52,-10.72,0.01005,14,12.19,1.22,0.98995,1,14,13.4,-0.16,1,2,13,-10.57,-8.59,0.00103,14,12.02,-1.43,0.99897,1,14,3.81,-3.64,1,2,14,-0.34,-6.49,0.016,12,-6.57,-14.64,0.984,1,12,-6.54,-11.49,1,1,13,4.9,4.57,1,2,13,14.24,2.02,0.752,12,4.49,0.96,0.248,2,13,15.06,0.35,0.8,12,6.34,0.96,0.2,1,13,11.87,0.77,1,1,12,-1.8,-12.83,1,1,14,10.42,0.07,1,1,13,1.75,-0.81,1,2,13,0.93,-4.4,0.50311,14,2.36,3.94,0.49689,1,13,5.11,1.03,1,2,13,-4.06,-3.28,0.168,14,4.64,-0.35,0.832,1,13,1.09,0.42,1,2,14,-1.59,-3.29,9.6E-4,12,-3.94,-12.41,0.99904,1,13,4.16,2.78,1,1,13,10.84,1.44,1,2,14,-0.63,-2.23,0.0019,12,-2.62,-12.97,0.9981,1,13,4.75,1.83,1,1,14,7.62,-0.92,1,2,14,2.76,-1.56,0.74925,12,-0.87,-16.19,0.25075,2,14,-0.67,-3.19,0.00461,12,-3.54,-13.25,0.99539,2,13,6.71,-1.67,0.944,14,-3.6,6.27,0.056,2,13,-3.32,-6.74,0.184,14,6.51,2.32,0.816,1,13,2.16,1.29,1,1,13,8.33,0.91,1,1,13,7.82,1.63,1,1,13,1.59,2.03,1],"hull":12,"edges":[20,22,8,6,8,10,14,16,2,0,0,22,16,18,18,20,10,12,12,14,26,36,36,28,2,4,4,6,26,38,38,30,30,32,40,42,42,44,46,50,50,52,52,54,54,40,24,56,56,32,32,58,58,28,26,60,60,34,24,62,62,34,44,64,64,48,46,66,66,48],"width":18,"height":24}},"Tiny_Wing_L":{"Tiny_Wing_L":{"type":"mesh","uvs":[0.29671,0.10749,0.48928,0.21649,0.64219,0.26973,0.83081,0.3354,1,0.46422,1,0.74167,0.72908,1,0.51835,0.96036,0.26401,0.96532,0.21678,0.8259,0.09325,0.82095,0,0.70699,0,0.6079,0.07145,0.49395,0,0.30072,0.11505,0,0.16955,0,0.58375,0.46422,0.53288,0.63267,0.43115,0.79617,0.70365,0.79617,0.78358,0.58313,0.36938,0.39981,0.21678,0.59799,0.18045,0.2809],"triangles":[9,10,23,10,11,23,23,22,19,23,12,13,23,11,12,18,22,17,13,24,23,23,24,22,3,17,2,13,14,24,22,1,17,17,1,2,24,0,22,22,0,1,14,15,24,15,16,24,24,16,0,9,23,19,8,9,19,8,19,7,7,20,6,6,20,5,7,18,20,7,19,18,20,21,5,20,18,21,19,22,18,21,4,5,18,17,21,21,17,3,21,3,4],"vertices":[1,7,12.32,-4.86,1,2,6,13.7,-8.16,0.00128,7,6.1,-5.57,0.99872,2,6,9.12,-6.93,0.21483,7,1.52,-6.78,0.78517,2,6,3.48,-5.42,0.85587,7,-4.12,-8.26,0.14413,2,6,-1.56,-2.52,0.99957,7,-9.94,-8.25,4.3E-4,1,6,-1.48,3.58,1,2,6,6.72,9.17,0.872,7,-8.56,6,0.128,2,6,13.03,8.22,0.73654,7,-2.61,8.31,0.26346,2,6,20.66,8.23,0.44,7,4.01,12.11,0.56,2,6,22.04,5.14,0.44,7,6.74,10.12,0.56,2,6,25.74,4.99,0.344,7,10.03,11.82,0.656,2,6,28.51,2.45,0.28,7,13.69,10.99,0.72,2,6,28.48,0.27,0.264,7,14.75,9.08,0.736,2,6,26.31,-2.21,0.24,7,14.1,5.85,0.76,2,6,28.4,-6.49,0.168,7,18.03,3.18,0.832,1,7,18.23,-4.28,1,1,7,16.8,-5.08,1,2,6,10.93,-2.67,0.04513,7,0.98,-2.18,0.95487,2,6,12.5,1.01,0.808,7,0.51,1.8,0.192,2,6,15.6,4.57,0.8362,7,1.43,6.42,0.1638,2,6,7.43,4.67,0.816,7,-5.71,2.45,0.184,1,6,4.97,0.02,1,1,7,7.29,-0.3,1,2,6,21.98,0.13,0.344,7,9.17,5.73,0.656,1,7,13.51,0.17,1],"hull":17,"edges":[8,6,2,0,0,32,30,32,30,28,28,26,26,24,22,24,22,20,20,18,18,16,14,16,12,14,8,10,12,10,2,4,4,6],"width":31,"height":23}},"Tiny_Wing_R":{"Tiny_Wing_R":{"type":"mesh","uvs":[1,0.10048,1,0.2769,0.92361,0.47233,1,0.59447,0.91221,0.78176,0.82956,0.91204,0.62721,1,0.40206,1,0.17976,1,0,0.90119,0,0.7899,0.12846,0.5809,0.36501,0.42076,0.61011,0.23347,0.81246,0,0.74976,0.34476,0.55596,0.57819,0.72696,0.74376,0.30231,0.70033,0.48186,0.87404],"triangles":[17,2,3,2,16,15,2,17,16,18,12,16,16,13,15,16,12,13,2,15,1,0,1,15,15,13,14,15,14,0,7,19,6,6,17,5,6,19,17,19,7,18,7,8,18,18,8,10,5,17,4,8,9,10,19,16,17,19,18,16,10,11,18,4,17,3,18,11,12],"vertices":[1,9,15.22,-0.35,1,2,8,22.7,3.67,0.00102,9,12.42,-2.76,0.99898,2,8,19.75,0.43,0.13332,9,8.31,-4.29,0.86668,2,8,20.21,-2.52,0.34439,9,7.36,-7.12,0.65561,2,8,17.11,-5.51,0.67534,9,3.24,-8.35,0.32466,2,8,14.55,-7.43,0.88896,9,0.09,-8.89,0.11104,2,8,10.11,-7.63,0.99775,9,-3.95,-7.03,0.00225,1,8,5.93,-5.95,1,1,8,1.81,-4.29,1,1,8,-0.75,-1.02,1,2,8,0.12,1.15,0.99974,9,-8.8,5.36,2.6E-4,2,8,4.15,4.26,0.82145,9,-3.8,6.27,0.17855,2,8,9.79,5.61,0.04998,9,1.84,4.89,0.95002,1,9,8.02,3.74,1,1,9,14.37,3.87,1,1,9,8.07,0.1,1,2,8,12.1,1.12,0.03751,9,1.83,-0.17,0.96249,2,8,13.97,-3.38,0.77942,9,1.43,-5.03,0.22058,2,8,6.44,0.64,0.95253,9,-3.43,2,0.04747,1,8,8.4,-4.09,1],"hull":15,"edges":[20,22,22,24,24,26,26,28,28,0,0,2,2,4,4,6,6,8,8,10,10,12,18,20,18,16,12,14,14,16],"width":21,"height":22}},"Tiny_body":{"Tiny_body":{"type":"mesh","uvs":[0.75485,0.04018,0.86054,0.11885,0.94174,0.22818,0.98041,0.33352,1,0.46818,1,0.58285,0.97783,0.69485,0.92756,0.80818,0.84636,0.89751,0.74454,0.96151,0.67878,0.98151,0.59632,1,0.5061,1,0.40427,1,0.30632,0.97085,0.22254,0.92818,0.13619,0.86285,0.07045,0.77085,0.0305,0.67752,0,0.57218,0,0.46552,0.02276,0.35618,0.07303,0.24818,0.15552,0.16285,0.23156,0.09085,0.32694,0.03085,0.4597,0.00533,0.61436,0.012,0.17872,0.82685,0.24187,0.88418,0.31018,0.92418,0.39138,0.94685,0.49321,0.95751,0.58858,0.95485,0.66721,0.93351,0.72392,0.90951,0.80383,0.86151,0.88245,0.79085,0.94174,0.69352,0.96365,0.58685,0.95721,0.47485,0.93916,0.35085,0.89921,0.25218,0.83605,0.17085,0.73938,0.09618,0.61178,0.05618,0.47001,0.04552,0.34241,0.08018,0.25992,0.12018,0.18516,0.18552,0.10783,0.27485,0.06272,0.37618,0.04339,0.47352,0.04983,0.57085,0.07819,0.67085,0.12974,0.76018,0.25347,0.80818,0.39912,0.87085,0.54863,0.87751,0.69814,0.85218,0.85409,0.76552,0.1697,0.74018,0.14005,0.61885,0.25218,0.67085,0.39912,0.71752,0.55121,0.73218,0.70587,0.71218,0.84378,0.66285,0.89792,0.62818,0.39357,0.54753,0.57054,0.56418,0.76113,0.50579,0.87472,0.50418,0.27152,0.54418,0.12072,0.49085,0.12845,0.39485,0.22641,0.39485,0.27023,0.44018,0.33725,0.45218,0.40943,0.43352,0.47258,0.38152,0.48547,0.30952,0.4481,0.25885,0.40041,0.23085,0.3321,0.22952,0.2857,0.25618,0.24703,0.30285,0.22898,0.34818,0.69685,0.30685,0.71747,0.26418,0.75098,0.24685,0.80125,0.24552,0.83605,0.26952,0.85538,0.31085,0.85796,0.36285,0.83347,0.40285,0.80641,0.41218,0.74712,0.40685,0.70974,0.36818,0.50604,0.47563,0.59187,0.43483,0.66956,0.45934,0.5873,0.31485,0.52027,0.22152,0.63498,0.21752,0.18516,0.25618,0.27796,0.15752,0.42734,0.08616,0.57361,0.07931,0.74196,0.14552,0.66714,0.10048,0.31524,0.61252,0.83663,0.55894,0.66371,0.30287,0.67425,0.26928,0.70234,0.22932,0.74096,0.20935,0.7787,0.2039,0.81557,0.21298,0.84717,0.22841,0.87613,0.26474,0.88667,0.30197,0.89018,0.35917,0.88667,0.39549,0.86121,0.43182,0.82786,0.45542,0.76641,0.45633,0.71726,0.44362,0.68039,0.41365,0.66459,0.36371,0.52766,0.30651,0.50923,0.26292,0.48377,0.23205,0.43286,0.19663,0.35825,0.1821,0.30646,0.19209,0.26608,0.22115,0.22483,0.25747,0.20464,0.29652,0.18796,0.34374,0.18533,0.39095,0.19674,0.42818,0.23799,0.46995,0.28539,0.49265,0.34245,0.4981,0.40126,0.48539,0.44954,0.4636,0.50133,0.41002,0.52239,0.36553,0.8162,0.18828,0.64043,0.11911,0.64525,0.16116,0.59909,0.13764,0.55156,0.17684,0.46338,0.16045,0.42825,0.1355],"triangles":[56,63,64,111,144,69,117,109,149,101,128,127,63,73,111,111,73,144,48,24,25,151,150,110,154,46,108,45,46,27,46,26,27,45,27,0,49,48,106,120,119,42,42,119,43,2,42,43,52,51,75,74,52,75,53,52,74,19,52,53,75,141,74,53,74,62,18,19,53,137,105,49,136,137,49,41,3,4,40,41,4,124,123,40,40,4,5,72,124,40,39,40,5,72,40,39,6,39,5,38,39,6,67,112,68,8,37,7,68,112,72,66,67,60,112,125,72,67,66,112,60,36,66,122,121,41,155,134,47,142,141,76,155,47,107,90,92,93,95,94,123,96,93,94,99,147,100,70,99,100,112,71,125,41,121,42,150,45,110,85,79,78,73,74,142,76,140,87,87,86,78,76,87,77,66,70,71,63,62,73,85,78,86,139,138,87,93,121,122,65,70,66,140,139,87,77,87,78,144,78,145,93,120,121,94,93,122,46,154,107,145,78,79,141,140,76,77,142,76,142,74,141,110,45,44,66,71,112,151,110,109,109,115,151,93,97,98,147,80,148,100,102,129,100,129,128,101,100,128,145,79,146,124,95,123,148,102,100,147,148,100,146,147,99,70,100,101,108,45,150,73,142,143,142,77,143,144,73,143,121,120,42,3,41,42,125,124,72,123,94,122,36,60,37,39,68,72,38,68,39,38,60,67,38,67,68,37,60,38,7,37,38,7,38,6,123,122,41,40,123,41,90,93,98,106,47,134,136,49,106,139,50,138,138,50,105,50,139,75,75,51,50,140,75,139,74,73,62,54,53,62,18,53,54,141,75,140,44,45,0,44,0,1,1,43,44,43,1,2,42,2,3,110,44,109,43,109,44,49,24,48,47,25,26,47,26,46,107,47,46,108,46,45,152,108,150,153,154,108,152,153,108,47,48,25,106,48,47,101,71,70,71,101,127,71,126,125,71,127,126,143,78,144,143,77,78,149,109,43,149,43,119,63,111,64,61,62,63,152,150,151,103,154,153,132,133,154,103,132,154,90,117,91,131,132,103,104,103,153,104,102,103,113,114,88,131,82,132,81,82,131,113,102,104,129,113,88,129,88,98,80,82,81,128,129,98,128,98,97,79,83,82,79,82,80,154,155,107,89,115,90,114,115,89,89,90,88,126,97,96,133,155,154,104,152,151,115,104,151,153,152,104,115,116,90,114,104,115,113,104,114,88,114,89,90,98,88,127,128,97,125,96,95,126,96,125,127,97,126,134,155,133,90,116,117,131,103,102,130,131,102,81,131,130,102,113,129,148,81,130,148,130,102,80,81,148,93,96,97,95,96,94,125,95,124,146,79,80,146,80,147,69,144,145,69,145,146,111,69,64,49,105,50,49,23,24,50,22,23,65,64,70,19,20,52,52,20,51,20,21,51,54,62,61,55,54,61,17,18,54,17,54,55,61,63,56,28,61,56,55,61,28,16,55,28,17,55,16,57,64,65,56,64,57,58,57,65,29,28,56,30,29,56,35,59,36,57,30,56,29,16,28,15,29,30,15,16,29,34,58,59,34,59,35,31,30,57,33,58,34,32,57,58,32,58,33,31,57,32,9,35,36,9,36,8,14,15,30,14,30,31,9,10,34,9,34,35,33,34,10,13,31,32,14,31,13,12,32,33,13,32,12,11,33,10,12,33,11,58,65,59,8,36,37,59,65,66,36,59,66,21,22,50,51,21,50,70,64,69,49,50,23,69,99,70,146,99,69,83,134,133,79,84,83,86,137,85,79,85,84,85,135,84,85,136,135,136,106,135,135,106,134,84,135,134,137,136,85,87,138,86,84,134,83,83,133,82,82,133,132,138,137,86,138,105,137,116,109,117,93,92,120,92,91,119,118,117,149,118,149,119,91,118,119,91,117,118,92,119,120,92,90,91,109,116,115],"vertices":[2,2,80.1,-20.23,0.2955,10,47.22,-17.92,0.7045,2,3,-26.96,9.92,0.2,10,40.33,-27.4,0.8,1,10,30.79,-34.67,1,1,10,21.61,-38.11,1,4,30,-24.04,-25.93,0.024,2,42.77,-42.13,5.5E-4,46,-10.13,25.26,0.03207,10,9.88,-39.82,0.94337,2,2,32.79,-42.09,0.07838,10,-0.09,-39.78,0.92162,2,2,23.06,-40.05,0.26844,10,-9.83,-37.74,0.73156,2,2,13.22,-35.48,0.44844,10,-19.67,-33.17,0.55156,2,2,5.48,-28.14,0.56237,10,-27.41,-25.83,0.43763,2,2,-0.05,-18.95,0.63263,10,-32.93,-16.64,0.36737,3,2,-1.76,-13.03,0.65162,46,-54.66,54.37,0.00582,10,-34.65,-10.71,0.34256,4,3,45.57,-24.46,0.01385,2,-3.34,-5.6,0.66071,46,-56.23,61.79,0.00544,10,-36.22,-3.29,0.32,4,5,46.16,11.01,0.00645,2,-3.3,2.52,0.66394,46,-56.2,69.91,0.00961,10,-36.19,4.83,0.32,3,5,45.89,1.85,0.07525,2,-3.26,11.69,0.60475,10,-36.15,14,0.32,3,2,-0.69,20.49,0.68,46,-53.58,87.88,0,10,-33.57,22.8,0.32,3,4,-61.34,17.1,1.7E-4,2,3.06,28.01,0.67983,10,-29.83,30.33,0.32,3,4,-55.04,24.39,0.01275,2,8.78,35.76,0.66725,10,-24.11,38.07,0.32,2,2,16.81,41.64,0.64023,10,-16.08,43.95,0.35977,3,2,24.94,45.2,0.47458,46,-27.95,112.59,0.00878,10,-7.94,47.51,0.51664,2,2,34.12,47.91,0.12124,10,1.23,50.22,0.87876,2,2,43.4,47.87,0.65738,10,10.51,50.18,0.34262,2,2,52.9,45.78,0.52,10,20.02,48.09,0.48,2,2,62.28,41.21,0.56,10,29.39,43.52,0.44,2,2,69.67,33.75,0.592,10,36.78,36.06,0.408,2,2,75.9,26.88,0.456,10,43.02,29.19,0.544,3,5,-38.59,-2.63,5.0E-5,2,81.08,18.27,0.32805,10,48.2,20.59,0.6719,2,2,83.25,6.32,0.37098,10,50.37,8.63,0.62902,3,30,18.33,19.19,0.11265,2,82.61,-7.6,0.39935,10,49.72,-5.29,0.488,3,4,-52.23,20.32,0.01162,2,11.89,31.92,0.66838,10,-20.99,34.23,0.32,3,4,-57.66,15.06,3.9E-4,2,6.88,26.26,0.67961,10,-26.01,28.57,0.32,2,2,3.37,20.13,0.68,10,-29.51,22.44,0.32,3,2,1.37,12.83,0.66368,46,-51.53,80.22,0.01632,10,-31.52,15.14,0.32,4,5,42.43,9.95,0.0114,2,0.4,3.67,0.64695,46,-52.5,71.06,0.02165,10,-32.49,5.98,0.32,4,3,41.58,-24.6,0.01289,2,0.59,-4.92,0.65623,46,-52.3,62.47,0.01088,10,-32.29,-2.61,0.32,3,2,2.42,-12,0.65457,46,-50.48,55.39,0.00231,10,-30.47,-9.69,0.34312,2,2,4.48,-17.12,0.63173,10,-28.4,-14.81,0.36827,2,2,8.63,-24.33,0.57233,10,-24.26,-22.02,0.42767,3,2,14.74,-31.43,0.45301,46,-38.15,35.96,0.01799,10,-18.14,-29.12,0.529,3,2,23.19,-36.8,0.27034,46,-29.71,30.59,0.04646,10,-9.7,-34.49,0.6832,2,2,32.46,-38.82,0.09297,10,-0.43,-36.5,0.90703,3,2,42.21,-38.28,5.9E-4,11,-25.09,-34.06,0.29807,10,9.32,-35.97,0.70134,2,11,-14.29,-32.48,0.29825,10,20.12,-34.39,0.70175,3,11,-5.69,-28.93,0.2925,46,8.71,34.25,0.0131,10,28.72,-30.83,0.6944,2,11,1.41,-23.27,0.26625,10,35.82,-25.18,0.73375,2,2,75.24,-18.82,0.1961,10,42.35,-16.51,0.8039,3,30,14.52,19.97,0.07427,2,78.77,-7.35,0.25373,10,45.88,-5.04,0.672,3,2,79.75,5.4,0.35832,11,12.46,9.62,0.05073,10,46.87,7.72,0.59095,3,5,-34.26,-1.37,1.2E-4,2,76.78,16.9,0.3103,10,43.9,19.21,0.68958,2,2,73.34,24.34,0.44,10,40.45,26.65,0.56,2,2,67.68,31.09,0.552,10,34.8,33.4,0.448,2,2,59.94,38.09,0.616,10,27.06,40.4,0.384,2,2,51.14,42.19,0.704,10,18.26,44.5,0.296,2,2,42.68,43.96,0.72305,10,9.8,46.27,0.27695,3,2,34.21,43.42,0.12591,46,-18.68,110.81,0.09394,10,1.33,45.73,0.78015,3,2,25.5,40.91,0.49448,46,-27.39,108.3,0.02453,10,-7.38,43.22,0.48099,2,2,17.71,36.3,0.65425,10,-15.17,38.61,0.34575,4,4,-51.16,13.49,0.00288,2,13.48,25.18,0.63904,46,-39.41,92.58,0.03808,10,-19.4,27.5,0.32,3,2,7.98,12.1,0.62356,46,-44.92,79.49,0.05644,10,-24.91,14.41,0.32,4,3,34.41,-27.2,0.00214,2,7.34,-1.35,0.60714,46,-45.56,66.04,0.07072,10,-25.55,0.96,0.32,3,2,9.48,-14.82,0.55743,46,-43.41,52.57,0.0643,10,-23.4,-12.51,0.37826,3,2,16.96,-28.89,0.41329,46,-35.94,38.51,0.07786,10,-15.93,-26.58,0.50886,3,2,19.43,32.7,0.63008,46,-33.46,100.09,0.02898,10,-13.45,35.01,0.34094,2,2,30,35.32,0.43763,10,-2.88,37.63,0.56237,3,2,25.43,25.25,0.21962,46,-27.46,92.64,0.08342,10,-7.45,27.56,0.69696,3,2,21.31,12.04,0.45497,46,-31.58,79.43,0.16767,10,-11.57,14.35,0.37737,4,3,21.93,-25.19,0.0044,2,19.98,-1.64,0.47709,46,-32.92,65.75,0.15999,10,-12.91,0.67,0.35852,3,2,21.66,-15.57,0.24963,46,-31.24,51.82,0.21808,10,-11.23,-13.26,0.53229,3,2,25.89,-28,0.2097,46,-27,39.39,0.20239,10,-6.99,-25.69,0.58791,3,2,28.89,-32.88,0.14501,46,-24.01,34.51,0.12687,10,-4,-30.57,0.72812,3,2,36.11,12.48,0.79604,46,-16.79,79.87,0.12396,10,3.22,14.79,0.08,4,3,7.71,-21.4,0.01762,2,34.59,-3.44,0.29946,46,-18.31,63.95,0.21072,10,1.7,-1.13,0.4722,3,2,39.59,-20.62,0.07024,46,-13.3,46.77,0.25517,10,6.71,-18.31,0.6746,3,30,-26.25,-9.41,0.02231,2,39.69,-30.84,0.00571,10,6.8,-28.53,0.97198,4,4,-28.4,10.01,0.0369,2,36.45,23.46,0.00725,46,-16.45,90.85,0.29493,10,3.56,25.77,0.66092,3,2,41.14,37.01,0.01043,46,-11.75,104.4,0.11847,10,8.26,39.32,0.8711,1,10,16.61,38.59,1,5,4,-15.12,13.01,0.12274,5,-7.2,-12.61,0.23222,11,-17.84,31.68,0.23664,46,-3.44,94.85,0.0884,10,16.57,29.77,0.32,6,4,-19.37,9.4,0.06992,5,-3.15,-8.78,0.27848,2,45.49,23.54,3.0E-5,11,-21.8,27.75,0.23229,46,-7.4,90.93,0.09928,10,12.61,25.85,0.32,6,4,-20.9,3.47,0.02919,5,-1.93,-2.78,0.2604,2,44.42,17.51,0.00193,11,-22.87,21.73,0.24896,46,-8.47,84.9,0.1133,10,11.54,19.82,0.34621,6,4,-19.8,-3.14,0.0116,5,-3.36,3.76,0.15044,2,46.02,11.01,0.06372,11,-21.28,15.22,0.33864,46,-6.88,78.4,0.1156,10,13.13,13.32,0.32,6,4,-15.75,-9.17,0.01232,5,-7.71,9.57,0.03678,2,50.52,5.3,0.16578,11,-16.78,9.52,0.32232,46,-2.38,72.69,0.1428,10,17.63,7.61,0.32,6,4,-9.6,-10.83,0.13372,5,-13.94,10.92,0.00947,2,56.78,4.11,0.16736,11,-10.52,8.33,0.29409,46,3.88,71.51,0.112,10,23.89,6.42,0.28336,6,4,-4.94,-7.84,0.31289,5,-18.44,7.68,0.0071,2,61.2,7.46,0.10446,11,-6.09,11.68,0.25804,46,8.3,74.85,0.07829,10,28.31,9.77,0.23923,6,4,-2.16,-3.75,0.41981,5,-21.01,3.46,0.00446,2,63.65,11.74,0.03852,11,-3.64,15.96,0.23497,46,10.76,79.13,0.08021,10,30.77,14.05,0.22203,6,4,-1.55,2.36,0.45089,5,-21.3,-2.68,0.01519,2,63.8,17.89,0.00181,11,-3.5,22.1,0.2134,46,10.9,85.28,0.08162,10,30.91,20.2,0.2371,6,4,-3.52,6.71,0.47352,5,-19.11,-6.92,0.05185,2,61.5,22.07,5.6E-4,11,-5.8,26.29,0.16183,46,8.6,89.47,0.08286,10,28.61,24.38,0.22938,6,4,-7.29,10.51,0.33561,5,-15.15,-10.52,0.11783,2,57.45,25.57,2.0E-4,11,-9.84,29.79,0.20044,46,4.56,92.96,0.07488,10,24.57,27.88,0.27105,5,4,-11.09,12.45,0.2867,5,-11.26,-12.26,0.16115,11,-13.78,31.43,0.20256,46,0.62,94.6,0.07567,10,20.63,29.52,0.27392,5,30,-7.84,11.54,0.1503,2,56.92,-14.91,0.08539,11,-10.37,-10.69,0.33847,46,4.03,52.48,0.10905,10,24.04,-12.6,0.31679,5,30,-4.29,8.45,0.24434,2,60.63,-16.78,0.05796,11,-6.67,-12.57,0.34024,46,7.73,50.61,0.06161,10,27.74,-14.47,0.29585,5,30,-3.03,3.95,0.20217,2,62.12,-19.81,0.02622,11,-5.17,-15.59,0.37628,46,9.23,47.59,0.06814,10,29.24,-17.5,0.32719,5,30,-3.28,-2.55,0.36889,2,62.22,-24.33,0.00209,11,-5.07,-20.11,0.31766,46,9.32,43.06,0.04231,10,29.33,-22.02,0.26905,5,30,-5.62,-6.79,0.40429,2,60.12,-27.45,0.00109,11,-7.18,-23.24,0.24407,46,7.22,39.94,0.04312,10,27.23,-25.14,0.30743,5,30,-9.34,-8.87,0.25373,2,56.51,-29.18,9.5E-4,11,-10.78,-24.96,0.31883,46,3.62,38.22,0.03494,10,23.63,-26.87,0.39154,6,3,-5.98,6.69,0.2577,30,-13.87,-8.67,0.13416,2,51.99,-29.39,4.5E-4,11,-15.3,-25.17,0.24944,46,-0.91,38,0.04407,10,19.1,-27.08,0.31419,6,3,-2.84,4.01,0.21152,30,-17.16,-5.11,0.03561,2,48.52,-27.17,3.8E-4,11,-18.78,-22.95,0.37128,46,-4.38,40.22,0.0612,10,15.63,-24.86,0.32,6,3,-2.38,1.49,0.21986,30,-17.77,-1.53,0.02117,2,47.72,-24.73,0.00215,11,-19.58,-20.51,0.36475,46,-5.18,42.66,0.07208,10,14.83,-22.42,0.32,6,3,-3.6,-3.73,0.17239,30,-16.88,6.07,0.0238,2,48.2,-19.4,0.0361,11,-19.09,-15.18,0.34843,46,-4.69,48,0.09928,10,15.32,-17.09,0.32,6,3,-7.4,-6.58,0.105,30,-13.25,10.49,0.04668,2,51.58,-16.05,0.07408,11,-15.71,-11.83,0.33864,46,-1.31,51.34,0.1156,10,18.7,-13.74,0.32,4,4,-24.16,-11.51,0.00112,2,42.32,2.33,0.19609,46,-10.58,69.72,0.2299,10,9.43,4.64,0.57289,6,3,-3.16,-17.9,0.02461,30,-18.17,26.37,0.00439,2,45.83,-5.41,0.15759,11,-21.46,-1.2,0.27989,46,-7.06,61.98,0.21352,10,12.95,-3.1,0.32,5,3,-0.06,-11.28,0.14071,30,-20.87,16.6,0.02209,2,43.67,-12.4,0.1449,46,-9.23,55,0.22461,10,10.78,-10.09,0.46769,6,3,-13.55,-16.84,0.00996,30,-7.74,25.75,0.01529,2,56.27,-5.05,0.18963,11,-11.02,-0.83,0.32232,46,3.38,62.34,0.1428,10,23.39,-2.74,0.32,6,4,-2.22,-14.57,0.00445,5,-21.5,14.27,5.0E-5,2,64.42,0.95,0.21691,11,-2.88,5.17,0.33211,46,11.52,68.34,0.12648,10,31.53,3.26,0.32,5,30,0.36,18.61,0.0789,2,64.72,-9.38,0.15855,11,-2.57,-5.16,0.36317,46,11.83,58.02,0.07788,10,31.84,-7.07,0.32149,5,4,-2.79,15.73,0.34402,5,-19.37,-15.96,0.18786,11,-5.76,35.34,0.09632,46,8.64,98.51,0.0438,10,28.65,33.43,0.328,5,4,5.09,6.71,0.47226,5,-27.71,-7.36,0.02822,11,2.79,26.95,0.12512,46,17.19,90.12,0.0544,10,37.2,25.04,0.32,4,2,76.23,9.26,0.0977,11,8.94,13.48,0.4465,46,23.34,76.65,0.07181,10,43.35,11.57,0.38399,5,30,12.79,25.13,0.00137,2,76.77,-3.91,0.06667,11,9.48,0.31,0.10207,46,23.87,63.49,0.02189,10,43.88,-1.6,0.808,5,30,5.82,4.09,0.33661,2,70.94,-19.03,0.03415,11,3.65,-14.82,0.24396,46,18.05,48.36,0.06528,10,38.06,-16.72,0.32,5,30,10.27,13.28,0.10097,2,74.89,-12.32,0.11256,11,7.6,-8.1,0.32029,46,22,55.08,0.07418,10,42.01,-10.01,0.392,3,2,30.48,19.55,0.19599,46,-22.41,86.94,0.11779,10,-2.4,21.86,0.68621,4,30,-30.72,-3.94,0.00542,2,34.94,-27.39,0.10322,46,-17.96,40,0.21163,10,2.05,-25.08,0.67972,5,30,-7.25,15.77,0.29403,2,57.28,-11.93,0.08973,11,-10.01,-7.71,0.25849,46,4.39,55.46,0.10541,10,24.4,-9.62,0.25234,5,30,-4.42,14.07,0.25564,2,60.2,-12.89,0.09417,11,-7.09,-8.67,0.30758,46,7.31,54.5,0.06893,10,27.32,-10.58,0.27368,5,30,-1.16,10.05,0.36441,2,63.67,-15.43,0.06213,11,-3.63,-11.22,0.2699,46,10.77,51.96,0.05293,10,30.78,-13.12,0.25064,5,30,0.29,4.86,0.30807,2,65.39,-18.92,0.03377,11,-1.9,-14.7,0.30544,46,12.5,48.47,0.05541,10,32.51,-16.61,0.2973,5,30,0.49,-0.06,0.32023,2,65.85,-22.32,0.01946,11,-1.44,-18.1,0.27482,46,12.95,45.08,0.05959,10,32.96,-20.01,0.3259,5,30,-0.56,-4.72,0.42204,2,65.04,-25.63,0.00155,11,-2.25,-21.41,0.23978,46,12.15,41.76,0.04484,10,32.16,-23.32,0.29179,5,30,-2.13,-8.64,0.44527,2,63.69,-28.47,9.9E-4,11,-3.6,-24.25,0.20121,46,10.79,38.92,0.04627,10,30.8,-26.16,0.30625,5,30,-5.49,-12.01,0.43081,2,60.52,-31.06,4.1E-4,11,-6.78,-26.85,0.18378,46,7.62,36.33,0.04928,10,27.63,-28.75,0.33572,5,30,-8.8,-12.99,0.30323,2,57.27,-32,4.8E-4,11,-10.02,-27.78,0.23081,46,4.38,35.4,0.06267,10,24.39,-29.69,0.4028,5,30,-13.78,-12.87,0.21348,2,52.3,-32.29,4.0E-4,11,-15,-28.07,0.30463,46,-0.6,35.1,0.01897,10,19.41,-29.98,0.46251,6,3,-2.8,8.84,0.32488,30,-16.91,-12.05,0.09324,2,49.14,-31.96,3.1E-4,11,-18.16,-27.74,0.24867,46,-3.76,35.43,0.0129,10,16.25,-29.65,0.32,6,3,0.01,6.13,0.28076,30,-19.87,-8.4,0.04314,2,45.99,-29.66,7.2E-4,11,-21.31,-25.44,0.29468,46,-6.91,37.74,0.06069,10,13.1,-27.34,0.32,6,3,1.61,2.87,0.25991,30,-21.68,-3.86,0.02933,2,43.95,-26.64,0.01235,11,-23.35,-22.43,0.32343,46,-8.95,40.75,0.05498,10,11.06,-24.33,0.32,6,3,0.91,-2.62,0.19804,30,-21.31,4.08,0.01206,2,43.89,-21.11,0.02886,11,-23.4,-16.9,0.35844,46,-9,46.28,0.08259,10,11.01,-18.8,0.32,6,3,-0.81,-6.84,0.15555,30,-19.85,10.29,0.01786,2,45.02,-16.7,0.06334,11,-22.28,-12.48,0.35512,46,-7.88,50.7,0.08813,10,12.13,-14.38,0.32,6,3,-3.86,-9.76,0.09824,30,-16.98,14.74,0.03168,2,47.64,-13.39,0.09866,11,-19.65,-9.17,0.34287,46,-5.26,54,0.10854,10,14.75,-11.08,0.32,6,3,-8.36,-10.55,0.0651,30,-12.54,16.27,0.04343,2,51.99,-11.99,0.11389,11,-15.3,-7.77,0.33363,46,-0.9,55.41,0.12395,10,19.11,-9.68,0.32,8,3,-15.03,-22.05,0.00348,30,-6.58,33.35,0.00535,4,-9.65,-14.64,0.12379,5,-14.09,14.72,0.00504,2,57.02,0.32,0.1662,11,-10.27,4.53,0.28579,46,4.13,67.71,0.12662,10,24.14,2.63,0.28373,8,3,-19.02,-23.15,4.2E-4,30,-2.67,35.29,6.5E-4,4,-5.73,-13.29,0.20341,5,-17.93,13.17,0.00361,2,60.82,1.96,0.16453,11,-6.47,6.18,0.26761,46,7.93,69.35,0.10192,10,27.94,4.27,0.25785,6,4,-2.87,-11.22,0.255,5,-20.68,10.96,0.00254,2,63.52,4.24,0.1338,11,-3.78,8.45,0.25963,46,10.62,71.63,0.09887,10,30.63,6.55,0.25016,6,4,0.57,-6.91,0.30282,5,-23.9,6.47,0.00265,2,66.62,8.81,0.08196,11,-0.68,13.02,0.26793,46,13.72,76.2,0.09146,10,33.73,11.12,0.25318,6,4,2.37,-0.32,0.46929,5,-25.36,-0.2,0.00894,2,67.91,15.52,0.02064,11,0.62,19.73,0.20493,46,15.02,82.91,0.07586,10,35.03,17.83,0.22035,5,4,1.88,4.4,0.47012,2,67.06,20.18,0.00196,11,-0.23,24.4,0.16902,46,14.17,87.57,0.09191,10,34.18,22.49,0.26699,6,4,-0.34,8.23,0.45537,5,-22.2,-8.59,0.06283,2,64.55,23.82,4.0E-4,11,-2.74,28.04,0.13666,46,11.66,91.22,0.07605,10,31.67,26.14,0.26869,6,4,-3.19,12.18,0.385,5,-19.16,-12.4,0.12067,2,61.41,27.55,1.8E-4,11,-5.89,31.77,0.13319,46,8.51,94.94,0.0745,10,28.52,29.86,0.28646,6,4,-6.43,14.27,0.30925,5,-15.81,-14.31,0.16658,2,58.02,29.38,0,11,-9.28,33.6,0.14342,46,5.12,96.78,0.08154,10,25.13,31.69,0.29921,6,4,-10.41,16.1,0.22192,5,-11.75,-15.94,0.2501,2,53.92,30.9,0,11,-13.38,35.12,0.13406,46,1.02,98.3,0.07393,10,21.03,33.21,0.32,6,4,-14.48,16.67,0.1686,5,-7.65,-16.29,0.29613,2,49.81,31.16,0,11,-17.48,35.38,0.14023,46,-3.08,98.55,0.07503,10,16.93,33.47,0.32,6,4,-17.79,15.9,0.12799,5,-4.38,-15.36,0.32689,2,46.57,30.15,1.8E-4,11,-20.73,34.36,0.13647,46,-6.33,97.54,0.08846,10,13.68,32.46,0.32,6,4,-21.71,12.5,0.07906,5,-0.64,-11.76,0.31901,2,42.92,26.45,0.00139,11,-24.38,30.67,0.19211,46,-9.98,93.84,0.08843,10,10.03,28.76,0.32,6,4,-24.03,8.4,0.03673,5,1.46,-7.55,0.31272,2,40.92,22.19,0.00224,11,-26.37,26.41,0.23446,46,-11.97,89.58,0.09384,10,8.04,24.5,0.32,6,4,-24.92,3.32,0.02079,5,2.08,-2.43,0.2883,2,40.43,17.06,0.03274,11,-26.87,21.28,0.22789,46,-12.47,84.45,0.11028,10,7.54,19.37,0.32,6,4,-24.24,-2.04,0.00692,5,1.13,2.89,0.18797,2,41.51,11.76,0.07539,11,-25.78,15.98,0.28692,46,-11.39,79.15,0.12279,10,8.62,14.07,0.32,6,4,-22.7,-6.53,0.006,5,-0.64,7.29,0.0977,2,43.39,7.41,0.12955,11,-23.91,11.62,0.32406,46,-9.51,74.8,0.1227,10,10.5,9.72,0.32,8,3,-6.45,-25.67,0.00478,30,-15.36,37.79,8.5E-4,4,-18.43,-11.55,0.00782,5,-5.16,12.09,0.02495,2,48.03,2.73,0.17199,11,-19.27,6.94,0.31558,46,-4.87,70.12,0.15403,10,15.14,5.04,0.32,8,3,-10.02,-23.24,0.00535,30,-11.66,34.63,0.00461,4,-14.73,-13.75,0.00772,5,-8.97,14.09,0.01552,2,51.89,0.81,0.17917,11,-15.41,5.03,0.31856,46,-1.01,68.2,0.14906,10,19,3.12,0.32,5,30,1.57,-5.05,0.2926,2,67.19,-25.7,0.0073,11,-0.1,-21.48,0.25374,46,14.3,41.69,0.03658,10,34.31,-23.39,0.40978,5,30,8.85,16.92,0.07774,2,73.28,-9.9,0.14421,11,5.99,-5.69,0.33411,46,20.39,57.49,0.12369,10,40.4,-7.59,0.32025,5,30,5.17,16.72,0.08747,2,69.62,-10.32,0.1409,11,2.33,-6.11,0.34226,46,16.73,57.07,0.10814,10,36.74,-8.01,0.32122,8,3,-28.67,-13.61,0.00178,30,7.54,22.43,0.04256,4,4.48,-22.23,6.5E-4,5,-28.59,21.58,1.0E-5,2,71.68,-6.18,0.18661,11,4.39,-1.96,0.3446,46,18.79,61.21,0.1038,10,38.8,-3.87,0.32,7,3,-25.9,-18.32,5.4E-4,30,4.49,28.96,0.01359,5,-25.3,17.2,3.0E-5,2,68.29,-1.88,0.20877,11,1,2.33,0.33759,46,15.4,65.51,0.11861,10,35.41,0.43,0.32086,7,3,-28.43,-25.98,1.6E-4,30,6.55,40.17,0.00407,5,-26.96,9.31,0.00169,2,69.75,6.04,0.13975,11,2.46,10.26,0.3864,46,16.86,73.44,0.11206,10,36.87,8.36,0.35587,5,5,-29.22,6.21,0.00201,2,71.94,9.2,0.10539,11,4.64,13.41,0.4179,46,19.04,76.59,0.09932,10,39.05,11.51,0.37538],"hull":28,"edges":[40,42,42,44,44,46,46,48,48,50,50,52,52,54,54,0,0,2,2,4,4,6,6,8,8,10,10,12,12,14,14,16,16,18,18,20,20,22,22,24,24,26,26,28,28,30,30,32,32,34,34,36,38,40,36,38,56,58,58,60,60,62,62,64,64,66,66,68,68,70,70,72,72,74,74,76,76,78,78,80,80,82,82,84,84,86,86,88,88,90,90,92,92,94,94,96,96,98,98,100,100,102,102,104,104,106,106,108,108,110,110,56,226,228,228,230,230,232,232,234,234,236,236,238,238,240,240,242,242,244,244,246,246,248,248,250,250,252,252,254,254,256,256,258,258,226,260,262,262,264,264,266,266,268,268,270,270,272,272,274,274,276,276,278,278,280,280,282,282,284,284,286,286,288,288,290,290,292,292,294,294,296,296,260],"width":91,"height":88}}}}],"animations":{"Joy2":{"slots":{"BackLight":{"color":[{"color":"ffffff00","curve":"stepped"},{"time":0.3333,"color":"ffffff00"},{"time":0.4333,"color":"ffffffff"}]},"Letter_Do":{"color":[{"color":"ffffff00","curve":"stepped"},{"time":0.6333,"color":"ffffff00"},{"time":0.7333,"color":"ffffffff"}]},"Letter_Do2":{"color":[{"color":"ffffff00","curve":"stepped"},{"time":0.7333,"color":"ffffff00"},{"time":0.7667,"color":"ffffffff"},{"time":1,"color":"ffffff00"}]},"Letter_Do3":{"twoColor":[{"light":"ffffff00","dark":"000000","curve":"stepped"},{"time":0.6333,"light":"ffffff00","dark":"000000"},{"time":0.8,"light":"ffffffff","dark":"ffffff","curve":0.25,"c3":0.98,"c4":0.03},{"time":1.1333,"light":"ffffff00","dark":"000000"}]},"Letter_Go":{"color":[{"color":"ffffff00","curve":"stepped"},{"time":0.4333,"color":"ffffff00"},{"time":0.5333,"color":"ffffffff"}]},"Letter_Go2":{"color":[{"color":"ffffff00","curve":"stepped"},{"time":0.5333,"color":"ffffff00"},{"time":0.5667,"color":"ffffffff"},{"time":0.8,"color":"ffffff00"}]},"Letter_Go3":{"twoColor":[{"light":"ffffff00","dark":"000000","curve":"stepped"},{"time":0.4333,"light":"ffffff00","dark":"000000"},{"time":0.6,"light":"ffffffff","dark":"fcf3f3","curve":0.25,"c3":0.98,"c4":0.03},{"time":0.9333,"light":"ffffff00","dark":"000000"}]},"Letter_Li":{"color":[{"color":"ffffff00","curve":"stepped"},{"time":0.9,"color":"ffffff00"},{"time":1,"color":"ffffffff"}]},"Letter_Li2":{"color":[{"color":"ffffff00","curve":"stepped"},{"time":1,"color":"ffffff00"},{"time":1.0333,"color":"ffffffff"},{"time":1.2667,"color":"ffffff00"}]},"Letter_Li3":{"twoColor":[{"light":"ffffff00","dark":"000000","curve":"stepped"},{"time":0.9,"light":"ffffff00","dark":"000000"},{"time":1.0667,"light":"ffffffff","dark":"ffffff","curve":0.25,"c3":0.98,"c4":0.03},{"time":1.4,"light":"ffffff00","dark":"000000"}]}},"bones":{"WingL":{"rotate":[{"angle":-29.24},{"time":0.0667,"angle":41.66},{"time":0.1667,"angle":-29.24},{"time":0.2667,"angle":41.66},{"time":0.3333,"angle":-29.24,"curve":"stepped"},{"time":1.3,"angle":-29.24},{"time":1.3667,"angle":41.66},{"time":1.4333,"angle":-29.24},{"time":1.5,"angle":41.66},{"time":1.6,"angle":-29.24},{"time":1.6667,"angle":41.66},{"time":1.7333,"angle":-29.24}]},"Body":{"translate":[{"curve":0.25,"c3":0.75},{"time":0.2667,"x":0.08,"y":-17.27,"curve":0.25,"c3":0.93,"c4":0.27},{"time":0.4,"x":-0.07,"y":15.97,"curve":"stepped"},{"time":1.2667,"x":-0.07,"y":15.97,"curve":0.25,"c3":0.93,"c4":0.22},{"time":1.5,"x":0.04,"y":-9.13},{"time":1.6}]},"Control":{"translate":[{},{"time":0.3,"x":-41.41,"y":-0.8},{"time":0.4333,"x":34.21,"y":-3.74},{"time":1.3333,"x":18.24,"y":-4.32},{"time":1.4333,"x":-24.79,"y":-2.17},{"time":1.6}]},"Mouth":{"rotate":[{"angle":-22.34},{"time":0.2667,"angle":-20.05},{"time":0.4333,"angle":0.98,"curve":"stepped"},{"time":1.3333,"angle":0.98},{"time":1.6,"angle":-22.34}],"translate":[{"x":-4.32,"y":-3.42},{"time":0.2667,"x":-10.02,"y":-3.11},{"time":0.4333,"x":3.27,"y":-0.01},{"time":1.3333,"x":2.03,"y":-0.03},{"time":1.4333,"x":-8.91,"y":0.04},{"time":1.6,"x":-4.32,"y":-3.42}]},"Mouth_Wide":{"rotate":[{"angle":-29.6},{"time":0.1333},{"time":0.2667,"angle":-21.37},{"time":0.4},{"time":0.5667,"angle":17.38},{"time":1.2667},{"time":1.4333,"angle":-21.37},{"time":1.6,"angle":-29.6}]},"Mouth_Wide2":{"rotate":[{"angle":16.32},{"time":0.2667,"angle":15.03},{"time":0.4,"angle":-5.78},{"time":0.5667,"angle":-22.5},{"time":1.6,"angle":16.32}]},"WingL2":{"rotate":[{},{"time":0.0667,"angle":19.9},{"time":0.1667,"angle":53.49},{"time":0.2333,"angle":-8.98},{"time":0.2667,"angle":19.9},{"time":0.3,"angle":39.92},{"time":0.3333,"curve":"stepped"},{"time":1.3333},{"time":1.4,"angle":25.23},{"time":1.4667},{"time":1.5333,"angle":22.57},{"time":1.6},{"time":1.6667,"angle":22.57},{"time":1.7333}]},"WingR":{"rotate":[{},{"time":0.0667,"angle":-71.38},{"time":0.1667},{"time":0.2333,"angle":-71.38},{"time":0.2667,"angle":-58.85},{"time":0.3,"angle":-41.62},{"time":0.3333,"curve":"stepped"},{"time":1.3},{"time":1.3333,"angle":-32.02},{"time":1.3667,"angle":-60.18},{"time":1.4,"angle":-43.97},{"time":1.4667,"angle":-16.69},{"time":1.5333,"angle":-53.4},{"time":1.6},{"time":1.6667,"angle":-53.4},{"time":1.7333}]},"WingR2":{"rotate":[{},{"time":0.0667,"angle":-20.87},{"time":0.1667,"angle":-36.52},{"time":0.2333,"angle":35.82},{"time":0.2667,"angle":-25.93},{"time":0.3,"angle":-37.81},{"time":0.3333,"curve":"stepped"},{"time":1.3333},{"time":1.4,"angle":-21.58},{"time":1.4333,"angle":19.5},{"time":1.4667},{"time":1.5,"angle":-40.74},{"time":1.5333,"angle":-19.81},{"time":1.6},{"time":1.6667,"angle":-19.81},{"time":1.7333}]},"Leg L":{"rotate":[{},{"time":0.2,"angle":-45.94},{"time":0.2667,"angle":-53.74},{"time":0.4,"angle":7.41,"curve":"stepped"},{"time":1.3,"angle":7.41},{"time":1.4667,"angle":-32.66},{"time":1.6}],"translate":[{},{"time":0.2,"x":-0.54,"y":7.44,"curve":"stepped"},{"time":1.3,"x":-0.54,"y":7.44},{"time":1.6}]},"Leg R":{"rotate":[{},{"time":0.2,"angle":-45.94},{"time":0.2667,"angle":-53.74},{"time":0.4,"angle":7.41,"curve":"stepped"},{"time":1.3,"angle":7.41},{"time":1.4667,"angle":-32.66},{"time":1.6}],"translate":[{},{"time":0.2,"x":-3.02,"y":8.31,"curve":"stepped"},{"time":1.3,"x":-3.02,"y":8.31},{"time":1.6}]},"Leg2":{"rotate":[{},{"time":0.1667,"angle":-8.5},{"time":0.3333}]},"Leg3":{"rotate":[{},{"time":0.1667,"angle":10.18},{"time":0.3333},{"time":0.5,"angle":-36.62,"curve":"stepped"},{"time":1.2,"angle":-36.62},{"time":1.3667}]},"Leg4":{"rotate":[{},{"time":0.1667,"angle":10.18},{"time":0.3333},{"time":0.5,"angle":-36.62},{"time":1.2,"angle":-30.18},{"time":1.3667}]},"Leg5":{"rotate":[{},{"time":0.1667,"angle":10.18},{"time":0.3333},{"time":0.5,"angle":-36.62},{"time":1.2,"angle":-30.18},{"time":1.3667}]},"Leg6":{"rotate":[{},{"time":0.1667,"angle":-8.5},{"time":0.3333}]},"Leg11":{"rotate":[{},{"time":0.1667,"angle":-8.5},{"time":0.3333}]},"Leg7":{"rotate":[{},{"time":0.1667,"angle":-8.5},{"time":0.3333},{"time":0.5,"angle":22.82,"curve":"stepped"},{"time":1.2,"angle":22.82},{"time":1.3667}]},"Leg8":{"rotate":[{},{"time":0.1667,"angle":-8.5},{"time":0.3333},{"time":0.5,"angle":56.3},{"time":1.2,"angle":48.08},{"time":1.3667}]},"Leg9":{"rotate":[{},{"time":0.1667,"angle":-8.5},{"time":0.3333},{"time":0.5,"angle":22.82},{"time":1.2,"angle":14.6},{"time":1.3667}]},"Leg10":{"rotate":[{},{"time":0.1667,"angle":-8.5},{"time":0.3333},{"time":0.5,"angle":22.82},{"time":1.2,"angle":14.6},{"time":1.3667}]},"Leg14":{"rotate":[{},{"time":0.1667,"angle":-8.5},{"time":0.3333},{"time":0.5,"angle":38.17},{"time":1.2,"angle":29.95},{"time":1.3667}]},"Leg13":{"rotate":[{},{"time":0.1667,"angle":-8.5},{"time":0.3333},{"time":0.5,"angle":41.43},{"time":1.2,"angle":33.21},{"time":1.3667}]},"Leg12":{"rotate":[{},{"time":0.1667,"angle":-8.5},{"time":0.3333},{"time":0.5,"angle":22.82,"curve":"stepped"},{"time":1.2,"angle":22.82},{"time":1.3667}]},"Leg15":{"rotate":[{},{"time":0.1667,"angle":-12.78},{"time":0.3333},{"time":0.5,"angle":26.55,"curve":"stepped"},{"time":1.2,"angle":26.55},{"time":1.3667}]},"Leg16":{"rotate":[{},{"time":0.1667,"angle":8.21},{"time":0.3333},{"time":0.5,"angle":-43.17,"curve":"stepped"},{"time":1.2,"angle":-43.17},{"time":1.3667}]},"Leg17":{"rotate":[{},{"time":0.1667,"angle":8.21},{"time":0.3333},{"time":0.5,"angle":-43.17},{"time":1.2,"angle":-31.34},{"time":1.3667}]},"Leg18":{"rotate":[{},{"time":0.1667,"angle":8.21},{"time":0.3333},{"time":0.5,"angle":-43.17},{"time":1.2,"angle":-31.34},{"time":1.3667}]},"Leg24":{"rotate":[{},{"time":0.1667,"angle":-12.78},{"time":0.3333},{"time":0.5,"angle":26.55,"curve":"stepped"},{"time":1.2,"angle":26.55},{"time":1.3667}]},"Leg19":{"rotate":[{},{"time":0.1667,"angle":-12.78},{"time":0.3333},{"time":0.5,"angle":26.55,"curve":"stepped"},{"time":1.2,"angle":26.55},{"time":1.3667}]},"Leg20":{"rotate":[{},{"time":0.1667,"angle":-12.78},{"time":0.3333},{"time":0.5,"angle":26.55,"curve":"stepped"},{"time":1.2,"angle":26.55},{"time":1.3667}]},"Leg21":{"rotate":[{},{"time":0.1667,"angle":-12.78},{"time":0.3333},{"time":0.5,"angle":26.55,"curve":"stepped"},{"time":1.2,"angle":26.55},{"time":1.3667}]},"Leg23":{"rotate":[{},{"time":0.1667,"angle":-12.78},{"time":0.3333},{"time":0.5,"angle":26.55},{"time":1.2,"angle":18.92},{"time":1.3667}]},"Leg22":{"rotate":[{},{"time":0.1667,"angle":-12.78},{"time":0.3333},{"time":0.5,"angle":26.55},{"time":1.2,"angle":18.92},{"time":1.3667}]},"Leg27":{"rotate":[{},{"time":0.1667,"angle":-12.78},{"time":0.3333},{"time":0.5,"angle":26.55},{"time":1.2,"angle":18.92},{"time":1.3667}]},"Leg26":{"rotate":[{},{"time":0.1667,"angle":-12.78},{"time":0.3333},{"time":0.5,"angle":26.55},{"time":1.2,"angle":18.92},{"time":1.3667}]},"Leg25":{"rotate":[{},{"time":0.1667,"angle":-12.78},{"time":0.3333},{"time":0.5,"angle":26.55,"curve":"stepped"},{"time":1.2,"angle":26.55},{"time":1.3667}]},"Ri":{"scale":[{"time":0.5},{"time":0.9,"x":3,"y":3},{"time":1.0333}]},"Go":{"scale":[{},{"time":0.4333,"x":3,"y":3},{"time":0.5667}]},"Do":{"scale":[{"time":0.2333},{"time":0.6333,"x":3,"y":3},{"time":0.7667}]},"Go2":{"scale":[{"time":0.5667},{"time":0.8,"x":3,"y":3}]},"Do2":{"scale":[{"time":0.7667},{"time":1,"x":3,"y":3}]},"Ri2":{"scale":[{"time":1.0333},{"time":1.2667,"x":3,"y":3}]},"Light":{"rotate":[{"time":0.3333},{"time":1.7667,"angle":-26.49}],"scale":[{"x":0.3,"y":0.3,"curve":"stepped"},{"time":0.3333,"x":0.3,"y":0.3,"curve":0.25,"c3":0.816,"c4":0.57},{"time":0.6}]},"Cloud1":{"translate":[{"x":44.73,"y":0.62},{"time":1.7667,"x":22.8,"y":0.31}]},"Cloud2":{"translate":[{"x":7.61,"y":-0.06},{"time":1.7667,"x":-24.11,"y":0.18}]},"Cloud3":{"translate":[{"x":-11.85,"y":-0.16},{"time":1.7333,"x":-86.91,"y":-1.2}]}},"deform":{"default":{"Tiny_EyeLaugh":{"Tiny_EyeLaugh":[{"vertices":[-0.00723,-1.63998,-0.00725,-1.63993,-0.00723,-1.63998,-0.00725,-1.63993,-0.00723,-1.63998,-0.00725,-1.63993,-0.00723,-1.63998,-0.00725,-1.63993]}]},"Tiny_EyeLaugh2":{"Tiny_EyeLaugh":[{"vertices":[0.4484,0.31879,0.4484,0.31879,0.45214,1.16734,0.45214,1.16735,0.45214,1.16734,0.45213,1.16735,0.4484,0.31879,0.4484,0.31879]},{"time":0.3,"vertices":[2.45738,0.30993,2.45739,0.30993,2.46113,1.15848,2.46112,1.15849,2.46112,1.15848,2.46112,1.15849,2.45738,0.30993,2.45739,0.30993]},{"time":0.4667,"vertices":[-1.27359,0.32639,-1.27356,0.32636,-1.26984,1.17493,-1.26982,1.17492,-1.26985,1.17493,-1.26983,1.17492,-1.27359,0.32639,-1.27356,0.32636]},{"time":1.3333,"vertices":[-0.43719,0.32271,-0.43715,0.32265,-0.43345,1.17125,-0.43341,1.17121,-0.43345,1.17125,-0.43342,1.17121,-0.43719,0.32271,-0.43715,0.32265]},{"time":1.4,"vertices":[1.55538,0.31391,1.55542,0.31389,1.55913,1.16246,1.55916,1.16244,1.55912,1.16246,1.55915,1.16244,1.55538,0.31391,1.55542,0.31389]},{"time":1.6,"vertices":[0.4484,0.31879,0.4484,0.31879,0.45214,1.16734,0.45214,1.16735,0.45214,1.16734,0.45213,1.16735,0.4484,0.31879,0.4484,0.31879]}]},"Tiny_MouthOpen":{"Tiny_MouthOpen":[{"offset":42,"vertices":[0.21116,-0.94773,0,0,0,0,0,0,0,0,0.08426,-0.72557,0,0,0,0,0,0,0,0,0,0,0,0,0.53179,0.12481,0.96792,0.59829,1.13267,0.10881,0.15033,-0.57084,0,0,0,0,0,0,0,0,0,0,0,0,0,0,0,0,0,0,0.38024,-0.92228,-0.19295,-0.60016,0.33209,-0.50769,0.10304,-0.7969]},{"time":0.2667,"offset":42,"vertices":[0.918,-0.432,0,0,0,0,0,0,0,0,-0.61444,-1.19382,0,0,0,0,-0.04591,-0.25054,0,0,0,0,0,0,0,0,-0.4634,-0.45452,-0.621,-0.189,-0.12379,-1.05679,0,0,0,0,0,0,0,0,0,0,0,0,0,0,0,0,0,0,-0.49654,-1.26489,-1.10352,-0.52811,-0.21401,-0.7551,-0.36912,-1.1253]},{"time":0.4,"curve":"stepped"},{"time":1.2667},{"time":1.4333,"offset":42,"vertices":[0.918,-0.432,0,0,0,0,0,0,0,0,-0.61444,-1.19382,0,0,0,0,-0.04591,-0.25054,0,0,0,0,0,0,0,0,-0.4634,-0.45452,-0.621,-0.189,-0.12379,-1.05679,0,0,0,0,0,0,0,0,0,0,0,0,0,0,0,0,0,0,-0.49654,-1.26489,-1.10352,-0.52811,-0.21401,-0.7551,-0.36912,-1.1253]},{"time":1.6,"offset":42,"vertices":[0.21116,-0.94773,0,0,0,0,0,0,0,0,0.08426,-0.72557,0,0,0,0,0,0,0,0,0,0,0,0,0.53179,0.12481,0.96792,0.59829,1.13267,0.10881,0.15033,-0.57084,0,0,0,0,0,0,0,0,0,0,0,0,0,0,0,0,0,0,0.38024,-0.92228,-0.19295,-0.60016,0.33209,-0.50769,0.10304,-0.7969]}]},"Tiny_body":{"Tiny_body":[{},{"time":0.3,"offset":326,"vertices":[0.49198,-0.00217,0.49198,-0.00217,0.49198,-0.00217,0,0,0,0,0,0,0,0,0,0,0,0,0,0,0,0,0,0,0,0,0,0,0,0,0,0,0,0,0,0,0,0,0,0,0,0,0,0,0,0,0,0,0,0,0,0,1.14509,-0.66106,1.14509,-0.66108,1.14508,-0.66106,0,0,0,0,0,0,8.46904,0.9587,8.37111,1.60314,8.37108,1.60305,8.37103,1.60313,0,0,0,0,0,0,0,0,0,0,0,0,0,0,0,0,0,0,0,0,0,0,0,0,0,0,0,0,0,0,0,0,0,0,0,0,0,0,0,0,0,0,0,0,0,0,0,0,0,0,0,0,0,0,0,0,0,0,0,0,0,0,0,0,0,0,0,0,0,0,0,0,0,0,0,0,0,0,0,0,0,0,0,0,0,0,0,0,0,0,0,0,0,0,0,0,0,0,0,0,0,0,0,0,0,0,0,0,0,0,0,0,0,0,0,0,0,0,0,0,0,0,0,0,0,0,0,0,0,0,0,0,0,0,0,0,0,0,0,0,0,0,0,0,0,0,0,0,0,0,0,0,0,0,0,0,0,0,0,0,0,0,0,0,0,0,0,0,0,0,0,0,0,0,0,0,0,0,0,0,0,0,0,0,0,0,0,0,0,0,0,0,0,0,0,0,0,0,0,0,0,0,0,0,0,0,0,0,0,0,0,0,0,0,0,0,0,0,0,0,0,0,0,0,0,0,0,0,0,0,0,0,0,0,0,0,0,0,0,0,0,0,0,0,0,0,0,0,0,0,0,0,0,0,0,0,0,0,0,0,0,0,0,0,0,0,0,0,2.98203,0.25183,2.95411,0.47899,2.9541,0.47895,2.95407,0.47899,0,0,0,0,0,0,0,0,0,0,0,0,0,0,0,0,0,0,0,0,0,0,0,0,0,0,0,0,0,0,0,0,0,0,0,0,0,0,0,0,0,0,0,0,0,0,0,0,0,0,0,0,0,0,0,0,0,0,0,0,0,0,0,0,0,0,0,0,0,0,0,0,0,0,0,0,0,0,0,0,0,0,0,0,0,0,0,0,0,0,0,0,0,0,0,0,0,0,0,0,0,0,0,0,0,0,0,0,0,0,0,0,0,0,0.82144,0.32439,0.82143,0.32436,0.8214,0.32439,0.77754,-0.80024,0.81782,-0.49559,0.81782,-0.49561,0.81782,-0.49559]},{"time":0.4333,"offset":364,"vertices":[0.63557,1.25721,0.63554,1.25724,0.63559,1.25721]},{"time":1.2667}]}}},"drawOrder":[{"offsets":[{"slot":"Tiny_Leg8","offset":7}]}]}}}