{"skeleton":{"hash":"/0ZAsSBgOXlTqVfhI7H0Sg+SidM","spine":"3.8.99","x":-240.24,"y":-124.67,"width":503.12,"height":242.15,"images":"./img/","audio":"C:/Users/user/Desktop/Work/맞고/2차/Spine_Dev/Effect/ssaksri"},"bones":[{"name":"root"},{"name":"Letter","parent":"root","length":279.48,"rotation":9.26,"x":-136.05,"y":-25.92},{"name":"Letter1","parent":"Letter","x":36.8,"y":7.9},{"name":"Letter2","parent":"Letter","x":139.03,"y":5.13},{"name":"Letter3","parent":"Letter","x":238.38,"y":3.61},{"name":"Light","parent":"root","length":162.98,"rotation":9.42,"x":-78.45,"y":-30.43,"color":"36d7f8ff"},{"name":"Twinkle","parent":"root","x":-134.71,"y":74.12},{"name":"Twinkle2","parent":"root","x":-46.22,"y":-93.03},{"name":"Twinkle3","parent":"root","x":167.59,"y":55.33,"scaleX":0.848,"scaleY":0.848},{"name":"Twinkle4","parent":"root","x":43.46,"y":88.52,"scaleX":0.848,"scaleY":0.848},{"name":"Twinkle5","parent":"root","x":-175.3,"y":24.61,"scaleX":0.848,"scaleY":0.848},{"name":"Twinkle6","parent":"root","x":-165.47,"y":-87.23,"scaleX":0.848,"scaleY":0.848},{"name":"Twinkle7","parent":"root","x":29.94,"y":-81.09,"scaleX":0.848,"scaleY":0.848},{"name":"Twinkle8","parent":"root","x":151.61,"y":-40.53,"scaleX":0.848,"scaleY":0.848},{"name":"Twinkle9","parent":"root","x":125.81,"y":97.12,"scaleX":0.848,"scaleY":0.848},{"name":"Twinkle10","parent":"root","x":-0.78,"y":71.31,"scaleX":0.848,"scaleY":0.848}],"slots":[{"name":"Light","bone":"Light","attachment":"Light"},{"name":"Letter03","bone":"Letter3","attachment":"Letter03"},{"name":"Letter02","bone":"Letter2","attachment":"Letter02"},{"name":"Letter01","bone":"Letter1","attachment":"Letter01"},{"name":"Twinkle","bone":"Twinkle","attachment":"Twinkle"},{"name":"Twinkle2","bone":"Twinkle2","attachment":"Twinkle"},{"name":"Twinkle3","bone":"Twinkle3","attachment":"Twinkle"},{"name":"Twinkle4","bone":"Twinkle4","attachment":"Twinkle"},{"name":"Twinkle5","bone":"Twinkle5","attachment":"Twinkle"},{"name":"Twinkle6","bone":"Twinkle6","attachment":"Twinkle"},{"name":"Twinkle7","bone":"Twinkle7","attachment":"Twinkle"},{"name":"Twinkle8","bone":"Twinkle8","attachment":"Twinkle"},{"name":"Twinkle9","bone":"Twinkle9","attachment":"Twinkle"},{"name":"Twinkle10","bone":"Twinkle10","attachment":"Twinkle"}],"skins":[{"name":"default","attachments":{"Letter01":{"Letter01":{"x":1.72,"y":-8.93,"rotation":-9.26,"width":111,"height":114}},"Letter02":{"Letter02":{"x":-6.07,"y":-4.84,"rotation":-9.26,"width":107,"height":111}},"Letter03":{"Letter03":{"x":1.19,"y":-1.95,"rotation":-9.26,"width":111,"height":114}},"Light":{"Light":{"x":93.39,"y":14.4,"scaleX":1.8909,"scaleY":1.8909,"rotation":-1.97,"width":258,"height":79}},"Twinkle":{"Twinkle":{"x":0.49,"y":0.36,"width":64,"height":64}},"Twinkle2":{"Twinkle":{"x":0.49,"y":0.36,"width":64,"height":64}},"Twinkle3":{"Twinkle":{"x":0.49,"y":0.36,"width":64,"height":64}},"Twinkle4":{"Twinkle":{"x":0.49,"y":0.36,"width":64,"height":64}},"Twinkle5":{"Twinkle":{"x":0.49,"y":0.36,"scaleX":0.7391,"scaleY":0.7391,"width":64,"height":64}},"Twinkle6":{"Twinkle":{"x":0.49,"y":0.36,"scaleX":0.7391,"scaleY":0.7391,"width":64,"height":64}},"Twinkle7":{"Twinkle":{"x":0.49,"y":0.36,"scaleX":0.7391,"scaleY":0.7391,"width":64,"height":64}},"Twinkle8":{"Twinkle":{"x":0.49,"y":0.36,"scaleX":0.7391,"scaleY":0.7391,"width":64,"height":64}},"Twinkle9":{"Twinkle":{"x":0.49,"y":0.36,"scaleX":0.7391,"scaleY":0.7391,"width":64,"height":64}},"Twinkle10":{"Twinkle":{"x":0.49,"y":0.36,"scaleX":0.7391,"scaleY":0.7391,"width":64,"height":64}}}}],"animations":{"animation":{"slots":{"Letter01":{"color":[{"color":"ffffff00","curve":0,"c2":0.65,"c3":0.75},{"time":0.1667,"color":"ffffffff","curve":"stepped"},{"time":0.7667,"color":"ffffffff","curve":0.422,"c2":0.03,"c4":0.03},{"time":0.8667,"color":"ffffff00"}]},"Letter02":{"color":[{"color":"ffffff00","curve":"stepped"},{"time":0.1,"color":"ffffff00","curve":0,"c2":0.65,"c3":0.75},{"time":0.2667,"color":"ffffffff","curve":"stepped"},{"time":0.7667,"color":"ffffffff","curve":0.422,"c2":0.03,"c4":0.03},{"time":0.8667,"color":"ffffff00"}]},"Letter03":{"color":[{"color":"ffffff00","curve":"stepped"},{"time":0.2,"color":"ffffff00","curve":0,"c2":0.65,"c3":0.75},{"time":0.3667,"color":"ffffffff","curve":"stepped"},{"time":0.7667,"color":"ffffffff","curve":0.422,"c2":0.03,"c4":0.03},{"time":0.8667,"color":"ffffff00"}]},"Light":{"color":[{"color":"ffffff00","curve":"stepped"},{"time":0.2667,"color":"ffffff00","curve":0.25,"c3":0.848,"c4":0.49},{"time":0.5,"color":"ffffffff","curve":0,"c2":0.94,"c3":0.75},{"time":0.8667,"color":"ffffff00"}]},"Twinkle":{"color":[{"color":"ffffff00","curve":"stepped"},{"time":0.7667,"color":"ffffff00","curve":0,"c2":0.6,"c4":0.08},{"time":0.9,"color":"ffffffff"},{"time":1.0667,"color":"ffffff60","curve":0,"c2":0.6,"c4":0.08},{"time":1.3667,"color":"ffffffff","curve":1,"c2":-0.02,"c4":0.12},{"time":1.7667,"color":"ffffff00"}]},"Twinkle2":{"color":[{"color":"ffffff00","curve":"stepped"},{"time":0.8333,"color":"ffffff00","curve":0,"c2":0.6,"c4":0.08},{"time":0.9667,"color":"ffffffff"},{"time":1.3,"color":"ffffff60","curve":0,"c2":0.6,"c4":0.08},{"time":1.4333,"color":"ffffffff","curve":1,"c2":-0.02,"c4":0.12},{"time":1.7667,"color":"ffffff00"}]},"Twinkle3":{"color":[{"color":"ffffff00","curve":"stepped"},{"time":0.8333,"color":"ffffff00","curve":0,"c2":0.6,"c4":0.08},{"time":0.9667,"color":"ffffffff"},{"time":1.3,"color":"ffffff60","curve":0,"c2":0.6,"c4":0.08},{"time":1.4333,"color":"ffffffff","curve":1,"c2":-0.02,"c4":0.12},{"time":1.7667,"color":"ffffff00"}]},"Twinkle4":{"color":[{"color":"ffffff00","curve":"stepped"},{"time":0.8333,"color":"ffffff00","curve":0,"c2":0.6,"c4":0.08},{"time":0.9667,"color":"ffffffff"},{"time":1.3,"color":"ffffff60","curve":0,"c2":0.6,"c4":0.08},{"time":1.4333,"color":"ffffffff","curve":1,"c2":-0.02,"c4":0.12},{"time":1.7667,"color":"ffffff00"}]},"Twinkle5":{"color":[{"color":"ffffff00","curve":"stepped"},{"time":0.8333,"color":"ffffff00","curve":0,"c2":0.6,"c4":0.08},{"time":0.9667,"color":"ffffffff"},{"time":1.3,"color":"ffffff60","curve":0,"c2":0.6,"c4":0.08},{"time":1.4333,"color":"ffffffff","curve":1,"c2":-0.02,"c4":0.12},{"time":1.7667,"color":"ffffff00"}]},"Twinkle6":{"color":[{"color":"ffffff00","curve":"stepped"},{"time":0.7667,"color":"ffffff00","curve":0,"c2":0.6,"c4":0.08},{"time":0.9,"color":"ffffffff"},{"time":1.0667,"color":"ffffff60","curve":0,"c2":0.6,"c4":0.08},{"time":1.3667,"color":"ffffffff","curve":1,"c2":-0.02,"c4":0.12},{"time":1.7667,"color":"ffffff00"}]},"Twinkle7":{"color":[{"color":"ffffff00","curve":"stepped"},{"time":0.7667,"color":"ffffff00","curve":0,"c2":0.6,"c4":0.08},{"time":0.9,"color":"ffffffff"},{"time":1.0667,"color":"ffffff60","curve":0,"c2":0.6,"c4":0.08},{"time":1.3667,"color":"ffffffff","curve":1,"c2":-0.02,"c4":0.12},{"time":1.7667,"color":"ffffff00"}]},"Twinkle8":{"color":[{"color":"ffffff00","curve":"stepped"},{"time":0.8333,"color":"ffffff00","curve":0,"c2":0.6,"c4":0.08},{"time":0.9667,"color":"ffffffff"},{"time":1.1333,"color":"ffffff60","curve":0,"c2":0.6,"c4":0.08},{"time":1.4333,"color":"ffffffff","curve":1,"c2":-0.02,"c4":0.12},{"time":1.7667,"color":"ffffff00"}]},"Twinkle9":{"color":[{"color":"ffffff00","curve":"stepped"},{"time":0.7667,"color":"ffffff00","curve":0,"c2":0.6,"c4":0.08},{"time":0.9,"color":"ffffffff"},{"time":1.0667,"color":"ffffff60","curve":0,"c2":0.6,"c4":0.08},{"time":1.3667,"color":"ffffffff","curve":1,"c2":-0.02,"c4":0.12},{"time":1.7667,"color":"ffffff00"}]},"Twinkle10":{"color":[{"color":"ffffff00","curve":"stepped"},{"time":0.7667,"color":"ffffff00","curve":0,"c2":0.6,"c4":0.08},{"time":0.9,"color":"ffffffff"},{"time":1.0667,"color":"ffffff60","curve":0,"c2":0.6,"c4":0.08},{"time":1.3667,"color":"ffffffff","curve":1,"c2":-0.02,"c4":0.12},{"time":1.7667,"color":"ffffff00"}]}},"bones":{"Letter1":{"translate":[{"x":278.96,"y":-1.83,"curve":0,"c2":0.65,"c3":0.75},{"time":0.1667},{"time":0.6,"x":-19.8,"y":0.74,"curve":0.66,"c2":0.03,"c3":0.836,"c4":0.62},{"time":0.8667,"x":-287.02,"y":5.86}]},"Letter2":{"translate":[{"x":257.72,"y":5.37,"curve":"stepped"},{"time":0.1,"x":257.72,"y":5.37,"curve":0,"c2":0.65,"c3":0.75},{"time":0.2667},{"time":0.6,"x":-19.8,"y":0.74,"curve":0.66,"c2":0.03,"c3":0.836,"c4":0.62},{"time":0.8667,"x":-287.02,"y":5.86}]},"Letter3":{"translate":[{"x":251.23,"y":11.4,"curve":"stepped"},{"time":0.2,"x":251.23,"y":11.4,"curve":0,"c2":0.65,"c3":0.75},{"time":0.3667},{"time":0.6,"x":-19.8,"y":0.74,"curve":0.66,"c2":0.03,"c3":0.836,"c4":0.62},{"time":0.8667,"x":-287.02,"y":5.86}]},"Light":{"translate":[{"x":344.95,"y":75.61,"curve":0.857,"c3":0.316,"c4":0.76},{"time":0.1667,"x":945.35,"y":233.85},{"time":0.8,"x":-736.75,"y":-142.43}]},"Twinkle":{"translate":[{"x":96.53,"y":-121.71}],"scale":[{"x":0.1,"y":0.1,"curve":"stepped"},{"time":0.7667,"x":0.1,"y":0.1},{"time":0.9},{"time":1.0667,"x":0.5,"y":0.5},{"time":1.3667,"curve":0.25,"c3":0.75},{"time":1.7667,"x":0.1,"y":0.1}]},"Twinkle2":{"translate":[{"x":25.18,"y":-12.59}],"scale":[{"x":0.1,"y":0.1,"curve":"stepped"},{"time":0.8333,"x":0.1,"y":0.1},{"time":0.9667},{"time":1.3,"x":0.5,"y":0.5},{"time":1.4333,"curve":0.25,"c3":0.75},{"time":1.7667,"x":0.1,"y":0.1}]},"Twinkle3":{"translate":[{"x":16.79,"y":-69.95}],"scale":[{"x":0.1,"y":0.1,"curve":"stepped"},{"time":0.8333,"x":0.1,"y":0.1},{"time":0.9667},{"time":1.3,"x":0.5,"y":0.5},{"time":1.4333,"curve":0.25,"c3":0.75},{"time":1.7667,"x":0.1,"y":0.1}]},"Twinkle4":{"translate":[{"x":-8.39,"y":-55.96}],"scale":[{"x":0.1,"y":0.1,"curve":"stepped"},{"time":0.8333,"x":0.1,"y":0.1},{"time":0.9667},{"time":1.3,"x":0.5,"y":0.5},{"time":1.4333,"curve":0.25,"c3":0.75},{"time":1.7667,"x":0.1,"y":0.1}]},"Twinkle5":{"translate":[{"x":15.39,"y":5.6}],"scale":[{"x":0.1,"y":0.1,"curve":"stepped"},{"time":0.8333,"x":0.1,"y":0.1},{"time":0.9667},{"time":1.3,"x":0.5,"y":0.5},{"time":1.4333,"curve":0.25,"c3":0.75},{"time":1.7667,"x":0.1,"y":0.1}]},"Twinkle6":{"scale":[{"x":0.1,"y":0.1,"curve":"stepped"},{"time":0.7667,"x":0.1,"y":0.1},{"time":0.9},{"time":1.0667,"x":0.5,"y":0.5},{"time":1.3667,"curve":0.25,"c3":0.75},{"time":1.7667,"x":0.1,"y":0.1}]},"Twinkle7":{"translate":[{"x":-2.8,"y":-48.97}],"scale":[{"x":0.1,"y":0.1,"curve":"stepped"},{"time":0.7667,"x":0.1,"y":0.1},{"time":0.9},{"time":1.0667,"x":0.5,"y":0.5},{"time":1.3667,"curve":0.25,"c3":0.75},{"time":1.7667,"x":0.1,"y":0.1}]},"Twinkle8":{"translate":[{"x":-9.79,"y":-32.18}],"scale":[{"x":0.1,"y":0.1,"curve":"stepped"},{"time":0.8333,"x":0.1,"y":0.1},{"time":0.9667},{"time":1.1333,"x":0.5,"y":0.5},{"time":1.4333,"curve":0.25,"c3":0.75},{"time":1.7667,"x":0.1,"y":0.1}]},"Twinkle9":{"scale":[{"x":0.1,"y":0.1,"curve":"stepped"},{"time":0.7667,"x":0.1,"y":0.1},{"time":0.9},{"time":1.0667,"x":0.5,"y":0.5},{"time":1.3667,"curve":0.25,"c3":0.75},{"time":1.7667,"x":0.1,"y":0.1}]},"Twinkle10":{"translate":[{"x":-62.96,"y":13.99}],"scale":[{"x":0.1,"y":0.1,"curve":"stepped"},{"time":0.7667,"x":0.1,"y":0.1},{"time":0.9},{"time":1.0667,"x":0.5,"y":0.5},{"time":1.3667,"curve":0.25,"c3":0.75},{"time":1.7667,"x":0.1,"y":0.1}]}}}}}