{"skeleton":{"hash":"MGGju9TA/PBt3+byrCjh0h/aQhM","spine":"3.8.99","x":-134.98,"y":-102.79,"width":275,"height":235,"images":"./img/","audio":"C:/Users/user/Desktop/Work/맞고/2차/Spine_Dev/Effect/ddadak"},"bones":[{"name":"root"},{"name":"Text_01","parent":"root","x":-35.76,"y":2.59},{"name":"Text_02","parent":"root","x":40.49,"y":-5.27},{"name":"White01","parent":"root","x":5.12,"y":41.1},{"name":"White02","parent":"root","x":-22.39,"y":21.45},{"name":"Effect","parent":"root","x":-42.83,"y":5.73},{"name":"Effect2","parent":"root","x":47.56,"y":-6.84}],"slots":[{"name":"Effect2","bone":"Effect2","attachment":"Effect2"},{"name":"Effect","bone":"Effect","attachment":"Effect"},{"name":"White_02","bone":"White02","attachment":"White_02"},{"name":"White_01","bone":"White01","attachment":"White_01"},{"name":"Text_02","bone":"Text_02","attachment":"Text_02"},{"name":"Text_01","bone":"Text_01","attachment":"Text_01"}],"skins":[{"name":"default","attachments":{"Effect":{"Effect":{"x":8.85,"y":-4.03,"width":202,"height":209}},"Effect2":{"Effect2":{"x":1.96,"y":-1.45,"width":181,"height":181}},"Text_01":{"Text_01":{"x":6.28,"y":-0.88,"width":95,"height":99}},"Text_02":{"Text_02":{"x":8.53,"y":0.48,"width":90,"height":102}},"White_01":{"White_01":{"x":3.4,"y":-8.4,"width":133,"height":109}},"White_02":{"White_02":{"x":5.41,"y":-6.25,"width":236,"height":234}}}}],"animations":{"animation":{"slots":{"Effect":{"color":[{"color":"ffffff00","curve":"stepped"},{"time":0.1,"color":"ffffff00","curve":0.25,"c3":0.75},{"time":0.1667,"color":"ffffffff","curve":"stepped"},{"time":0.9333,"color":"ffffffff"},{"time":1.1,"color":"ffffff00"}]},"Effect2":{"color":[{"color":"ffffff00","curve":"stepped"},{"time":0.1667,"color":"ffffff00","curve":0.25,"c3":0.75},{"time":0.2333,"color":"ffffffff","curve":"stepped"},{"time":0.9333,"color":"ffffffff"},{"time":1.1,"color":"ffffff00"}]},"Text_01":{"color":[{"color":"ffffff00"},{"time":0.1333,"color":"ffffffff","curve":"stepped"},{"time":0.9333,"color":"ffffffff"},{"time":1.1,"color":"ffffff00"}]},"Text_02":{"color":[{"color":"ffffff00","curve":"stepped"},{"time":0.0667,"color":"ffffff00"},{"time":0.1667,"color":"ffffffff","curve":"stepped"},{"time":0.9333,"color":"ffffffff"},{"time":1.1,"color":"ffffff00"}]},"White_01":{"color":[{"color":"ffffff00","curve":"stepped"},{"time":0.1,"color":"ffffff00"},{"time":0.2,"color":"ffffffff","curve":"stepped"},{"time":0.9333,"color":"ffffffff"},{"time":1.1,"color":"ffffff00"}]},"White_02":{"color":[{"color":"ffffff00","curve":"stepped"},{"time":0.1333,"color":"ffffff00"},{"time":0.1667,"color":"ffffffff","curve":"stepped"},{"time":0.3333,"color":"ffffffff","curve":0.25,"c3":0.75},{"time":1,"color":"ffffff00"}]}},"bones":{"Text_01":{"scale":[{"x":3,"y":3},{"time":0.1333,"x":0.6,"y":0.6},{"time":0.2}]},"Text_02":{"scale":[{"x":3,"y":3,"curve":"stepped"},{"time":0.0667,"x":3,"y":3},{"time":0.1667,"x":0.6,"y":0.6},{"time":0.2667}]},"White01":{"translate":[{"x":-10.22,"y":-8.65},{"time":0.1,"x":-18.08,"y":-16.51},{"time":0.2}],"scale":[{"x":0.1,"y":0.1,"curve":"stepped"},{"time":0.1,"x":0.1,"y":0.1},{"time":0.2}]},"White02":{"scale":[{"x":0.3,"y":0.3,"curve":"stepped"},{"time":0.1333,"x":0.3,"y":0.3},{"time":0.2333}]},"Effect":{"scale":[{"x":0.3,"y":0.3,"curve":"stepped"},{"time":0.1,"x":0.3,"y":0.3,"curve":0.25,"c3":0.75},{"time":0.1667}]},"Effect2":{"scale":[{"x":0.3,"y":0.3,"curve":"stepped"},{"time":0.1667,"x":0.3,"y":0.3,"curve":0.25,"c3":0.75},{"time":0.2333}]}}}}}