{"skeleton":{"hash":"mAYpEveVORDrBHli1ocQy4EbKVY","spine":"3.8.99","x":-147.41,"y":-79.37,"width":295,"height":158,"images":"./img/","audio":"C:/Users/user/Desktop/Work/맞고/2차/Spine_Dev/Effect/mission"},"bones":[{"name":"root"},{"name":"Bg","parent":"root"},{"name":"Icon","parent":"root"},{"name":"Text","parent":"root"},{"name":"Text01","parent":"Text","x":-59.81,"y":-6.37},{"name":"Text02","parent":"Text","x":-18.94,"y":-6.37},{"name":"Text03","parent":"Text","x":17.05,"y":-6.37},{"name":"Text04","parent":"Text","x":54.26,"y":-6.37}],"slots":[{"name":"bg_f","bone":"Bg","attachment":"bg_f"},{"name":"icon_x_L","bone":"Icon","attachment":"icon_x_L"},{"name":"text_f1","bone":"Text01","attachment":"text_f1"},{"name":"text_f2","bone":"Text02","attachment":"text_f2"},{"name":"text_f3","bone":"Text03","attachment":"text_f3"},{"name":"text_f4","bone":"Text04","attachment":"text_f4"}],"skins":[{"name":"default","attachments":{"bg_f":{"bg_f":{"x":0.09,"y":-0.37,"width":295,"height":158}},"icon_x_L":{"icon_x_L":{"x":8.09,"y":-4.37,"width":117,"height":110}},"text_f1":{"text_f1":{"x":2.4,"y":-4,"width":36,"height":46}},"text_f2":{"text_f2":{"x":-1.97,"y":-4,"width":41,"height":46}},"text_f3":{"text_f3":{"x":-0.46,"y":-4,"width":40,"height":46}},"text_f4":{"text_f4":{"x":0.83,"y":-4,"width":41,"height":46}}}}],"animations":{"mission_fail":{"slots":{"bg_f":{"color":[{"color":"ffffff00"},{"time":0.1667,"color":"ffffffff"}]},"icon_x_L":{"color":[{"color":"ffffff00","curve":"stepped"},{"time":0.1667,"color":"ffffff00"},{"time":0.4,"color":"ffffffff"}]},"text_f1":{"color":[{"color":"ffffff00","curve":"stepped"},{"time":0.3667,"color":"ffffff00","curve":0.488,"c2":0.06,"c3":0.705,"c4":0.21},{"time":0.6333,"color":"ffffffff"}]},"text_f2":{"color":[{"color":"ffffff00","curve":"stepped"},{"time":0.5,"color":"ffffff00","curve":0.488,"c2":0.06,"c3":0.705,"c4":0.21},{"time":0.7667,"color":"ffffffff"}]},"text_f3":{"color":[{"color":"ffffff00","curve":"stepped"},{"time":0.6333,"color":"ffffff00","curve":0.488,"c2":0.06,"c3":0.705,"c4":0.21},{"time":0.9,"color":"ffffffff"}]},"text_f4":{"color":[{"color":"ffffff00","curve":"stepped"},{"time":0.7667,"color":"ffffff00","curve":0.488,"c2":0.06,"c3":0.705,"c4":0.21},{"time":1.0333,"color":"ffffffff"}]}},"bones":{"Icon":{"scale":[{"x":3,"y":3,"curve":"stepped"},{"time":0.1667,"x":3,"y":3,"curve":0.84,"c2":0.19,"c4":0.4},{"time":0.4}]},"Text01":{"scale":[{"x":3,"y":3,"curve":"stepped"},{"time":0.3667,"x":3,"y":3,"curve":0.488,"c2":0.06,"c3":0.705,"c4":0.21},{"time":0.6333}]},"Text02":{"scale":[{"x":3,"y":3,"curve":"stepped"},{"time":0.5,"x":3,"y":3,"curve":0.488,"c2":0.06,"c3":0.705,"c4":0.21},{"time":0.7667}]},"Text03":{"scale":[{"x":3,"y":3,"curve":"stepped"},{"time":0.6333,"x":3,"y":3,"curve":0.488,"c2":0.06,"c3":0.705,"c4":0.21},{"time":0.9}]},"Text04":{"scale":[{"x":3,"y":3,"curve":"stepped"},{"time":0.7667,"x":3,"y":3,"curve":0.488,"c2":0.06,"c3":0.705,"c4":0.21},{"time":1.0333}]},"Text":{"scale":[{"time":1.6667}]}}}}}